Copyright 1986-2018 Xilinx, Inc. All Rights Reserved.
--------------------------------------------------------------------------------------------------------------------------------------------------------------------------------------------------------
| Tool Version : Vivado v.2018.2 (win64) Build 2258646 Thu Jun 14 20:03:12 MDT 2018
| Date         : Tue Nov  4 04:05:38 2025
| Host         : Eldentop running 64-bit major release  (build 9200)
| Command      : report_timing_summary -max_paths 10 -file Top_Student_timing_summary_routed.rpt -pb Top_Student_timing_summary_routed.pb -rpx Top_Student_timing_summary_routed.rpx -warn_on_violation
| Design       : Top_Student
| Device       : 7a35t-cpg236
| Speed File   : -1  PRODUCTION 1.22 2018-03-21
--------------------------------------------------------------------------------------------------------------------------------------------------------------------------------------------------------

Timing Summary Report

------------------------------------------------------------------------------------------------
| Timer Settings
| --------------
------------------------------------------------------------------------------------------------

  Enable Multi Corner Analysis               :  Yes
  Enable Pessimism Removal                   :  Yes
  Pessimism Removal Resolution               :  Nearest Common Node
  Enable Input Delay Default Clock           :  No
  Enable Preset / Clear Arcs                 :  No
  Disable Flight Delays                      :  No
  Ignore I/O Paths                           :  No
  Timing Early Launch at Borrowing Latches   :  false

  Corner  Analyze    Analyze    
  Name    Max Paths  Min Paths  
  ------  ---------  ---------  
  Slow    Yes        Yes        
  Fast    Yes        Yes        



check_timing report

Table of Contents
-----------------
1. checking no_clock
2. checking constant_clock
3. checking pulse_width_clock
4. checking unconstrained_internal_endpoints
5. checking no_input_delay
6. checking no_output_delay
7. checking multiple_clock
8. checking generated_clocks
9. checking loops
10. checking partial_input_delay
11. checking partial_output_delay
12. checking latch_loops

1. checking no_clock
--------------------
 There are 0 register/latch pins with no clock.


2. checking constant_clock
--------------------------
 There are 0 register/latch pins with constant_clock.


3. checking pulse_width_clock
-----------------------------
 There are 0 register/latch pins which need pulse_width check


4. checking unconstrained_internal_endpoints
--------------------------------------------
 There are 0 pins that are not constrained for maximum delay.

 There are 0 pins that are not constrained for maximum delay due to constant clock.


5. checking no_input_delay
--------------------------
 There are 0 input ports with no input delay specified.

 There are 0 input ports with no input delay but user has a false path constraint.


6. checking no_output_delay
---------------------------
 There are 0 ports with no output delay specified.

 There are 0 ports with no output delay but user has a false path constraint

 There are 0 ports with no output delay but with a timing clock defined on it or propagating through it


7. checking multiple_clock
--------------------------
 There are 0 register/latch pins with multiple clocks.


8. checking generated_clocks
----------------------------
 There are 0 generated clocks that are not connected to a clock source.


9. checking loops
-----------------
 There are 0 combinational loops in the design.


10. checking partial_input_delay
--------------------------------
 There are 0 input ports with partial input delay specified.


11. checking partial_output_delay
---------------------------------
 There are 0 ports with partial output delay specified.


12. checking latch_loops
------------------------
 There are 0 combinational latch loops in the design through latch input



------------------------------------------------------------------------------------------------
| Design Timing Summary
| ---------------------
------------------------------------------------------------------------------------------------

    WNS(ns)      TNS(ns)  TNS Failing Endpoints  TNS Total Endpoints      WHS(ns)      THS(ns)  THS Failing Endpoints  THS Total Endpoints     WPWS(ns)     TPWS(ns)  TPWS Failing Endpoints  TPWS Total Endpoints  
    -------      -------  ---------------------  -------------------      -------      -------  ---------------------  -------------------     --------     --------  ----------------------  --------------------  
     -7.680     -171.669                     27                 1272        0.000        0.000                      0                 1272        4.500        0.000                       0                   518  


Timing constraints are not met.


------------------------------------------------------------------------------------------------
| Clock Summary
| -------------
------------------------------------------------------------------------------------------------

Clock           Waveform(ns)                   Period(ns)      Frequency(MHz)
-----           ------------                   ----------      --------------
sys_clk_pin     {0.000 5.000}                  10.000          100.000         
  clk_6p25MHz   {0.000 80.000}                 160.000         6.250           
  clk_movement  {0.000 11111109.518}           22222219.035    0.000           


------------------------------------------------------------------------------------------------
| Intra Clock Table
| -----------------
------------------------------------------------------------------------------------------------

Clock                 WNS(ns)        TNS(ns)  TNS Failing Endpoints  TNS Total Endpoints        WHS(ns)        THS(ns)  THS Failing Endpoints  THS Total Endpoints       WPWS(ns)       TPWS(ns)  TPWS Failing Endpoints  TPWS Total Endpoints  
-----                 -------        -------  ---------------------  -------------------        -------        -------  ---------------------  -------------------       --------       --------  ----------------------  --------------------  
sys_clk_pin            -7.408       -109.417                     18                  344          0.092          0.000                      0                  344          4.500          0.000                       0                   195  
  clk_6p25MHz          65.594          0.000                      0                  217          0.177          0.000                      0                  217         79.500          0.000                       0                   116  
  clk_movement   22222202.000          0.000                      0                  307          0.107          0.000                      0                  307   11111108.000          0.000                       0                   207  


------------------------------------------------------------------------------------------------
| Inter Clock Table
| -----------------
------------------------------------------------------------------------------------------------

From Clock    To Clock            WNS(ns)        TNS(ns)  TNS Failing Endpoints  TNS Total Endpoints        WHS(ns)        THS(ns)  THS Failing Endpoints  THS Total Endpoints  
----------    --------            -------        -------  ---------------------  -------------------        -------        -------  ---------------------  -------------------  
clk_6p25MHz   sys_clk_pin           7.545          0.000                      0                    1          0.623          0.000                      0                    1  
clk_movement  sys_clk_pin          -7.680        -60.792                      8                  222          0.000          0.000                      0                  222  
sys_clk_pin   clk_6p25MHz          -1.459         -1.459                      1                  132          0.464          0.000                      0                  132  
clk_movement  clk_6p25MHz          63.714          0.000                      0                   16   22222138.000          0.000                      0                   16  
sys_clk_pin   clk_movement   22212216.000          0.000                      0                  312          0.039          0.000                      0                  312  


------------------------------------------------------------------------------------------------
| Other Path Groups Table
| -----------------------
------------------------------------------------------------------------------------------------

Path Group         From Clock         To Clock                 WNS(ns)        TNS(ns)  TNS Failing Endpoints  TNS Total Endpoints        WHS(ns)        THS(ns)  THS Failing Endpoints  THS Total Endpoints  
----------         ----------         --------                 -------        -------  ---------------------  -------------------        -------        -------  ---------------------  -------------------  
**async_default**  sys_clk_pin        clk_movement        22212222.000          0.000                      0                  178          0.477          0.000                      0                  178  
**async_default**  sys_clk_pin        sys_clk_pin                2.315          0.000                      0                  122          1.416          0.000                      0                  122  


------------------------------------------------------------------------------------------------
| Timing Details
| --------------
------------------------------------------------------------------------------------------------


---------------------------------------------------------------------------------------------------
From Clock:  sys_clk_pin
  To Clock:  sys_clk_pin

Setup :           18  Failing Endpoints,  Worst Slack       -7.408ns,  Total Violation     -109.417ns
Hold  :            0  Failing Endpoints,  Worst Slack        0.092ns,  Total Violation        0.000ns
PW    :            0  Failing Endpoints,  Worst Slack        4.500ns,  Total Violation        0.000ns
---------------------------------------------------------------------------------------------------


Max Delay Paths
--------------------------------------------------------------------------------------
Slack (VIOLATED) :        -7.408ns  (required time - arrival time)
  Source:                 merge_controller/FSM_sequential_state_reg[2]/C
                            (rising edge-triggered cell FDCE clocked by sys_clk_pin  {rise@0.000ns fall@5.000ns period=10.000ns})
  Destination:            led[13]
                            (output port clocked by sys_clk_pin  {rise@0.000ns fall@5.000ns period=10.000ns})
  Path Group:             sys_clk_pin
  Path Type:              Max at Slow Process Corner
  Requirement:            10.000ns  (sys_clk_pin rise@10.000ns - sys_clk_pin rise@0.000ns)
  Data Path Delay:        8.304ns  (logic 4.087ns (49.220%)  route 4.217ns (50.780%))
  Logic Levels:           2  (LUT3=1 OBUF=1)
  Output Delay:           4.000ns
  Clock Path Skew:        -5.068ns (DCD - SCD + CPR)
    Destination Clock Delay (DCD):    0.000ns = ( 10.000 - 10.000 ) 
    Source Clock Delay      (SCD):    5.068ns
    Clock Pessimism Removal (CPR):    0.000ns
  Clock Uncertainty:      0.035ns  ((TSJ^2 + TIJ^2)^1/2 + DJ) / 2 + PE
    Total System Jitter     (TSJ):    0.071ns
    Total Input Jitter      (TIJ):    0.000ns
    Discrete Jitter          (DJ):    0.000ns
    Phase Error              (PE):    0.000ns

    Location             Delay type                Incr(ns)  Path(ns)    Netlist Resource(s)
  -------------------------------------------------------------------    -------------------
                         (clock sys_clk_pin rise edge)
                                                      0.000     0.000 r  
    W5                                                0.000     0.000 r  clk (IN)
                         net (fo=0)                   0.000     0.000    clk
    W5                   IBUF (Prop_ibuf_I_O)         1.458     1.458 r  clk_IBUF_inst/O
                         net (fo=1, routed)           1.967     3.425    clk_IBUF
    BUFGCTRL_X0Y1        BUFG (Prop_bufg_I_O)         0.096     3.521 r  clk_IBUF_BUFG_inst/O
                         net (fo=194, routed)         1.547     5.068    merge_controller/CLK
    SLICE_X33Y26         FDCE                                         r  merge_controller/FSM_sequential_state_reg[2]/C
  -------------------------------------------------------------------    -------------------
    SLICE_X33Y26         FDCE (Prop_fdce_C_Q)         0.456     5.524 r  merge_controller/FSM_sequential_state_reg[2]/Q
                         net (fo=233, routed)         0.522     6.046    merge_controller/state__0[2]
    SLICE_X32Y26         LUT3 (Prop_lut3_I0_O)        0.124     6.170 r  merge_controller/led_OBUF[13]_inst_i_1/O
                         net (fo=1, routed)           3.695     9.865    led_OBUF[13]
    N3                   OBUF (Prop_obuf_I_O)         3.507    13.373 r  led_OBUF[13]_inst/O
                         net (fo=0)                   0.000    13.373    led[13]
    N3                                                                r  led[13] (OUT)
  -------------------------------------------------------------------    -------------------

                         (clock sys_clk_pin rise edge)
                                                     10.000    10.000 r  
                         clock pessimism              0.000    10.000    
                         clock uncertainty           -0.035     9.965    
                         output delay                -4.000     5.965    
  -------------------------------------------------------------------
                         required time                          5.965    
                         arrival time                         -13.373    
  -------------------------------------------------------------------
                         slack                                 -7.408    

Slack (VIOLATED) :        -7.111ns  (required time - arrival time)
  Source:                 merge_controller/FSM_sequential_state_reg[1]/C
                            (rising edge-triggered cell FDCE clocked by sys_clk_pin  {rise@0.000ns fall@5.000ns period=10.000ns})
  Destination:            led[12]
                            (output port clocked by sys_clk_pin  {rise@0.000ns fall@5.000ns period=10.000ns})
  Path Group:             sys_clk_pin
  Path Type:              Max at Slow Process Corner
  Requirement:            10.000ns  (sys_clk_pin rise@10.000ns - sys_clk_pin rise@0.000ns)
  Data Path Delay:        8.011ns  (logic 4.098ns (51.157%)  route 3.913ns (48.843%))
  Logic Levels:           2  (LUT3=1 OBUF=1)
  Output Delay:           4.000ns
  Clock Path Skew:        -5.065ns (DCD - SCD + CPR)
    Destination Clock Delay (DCD):    0.000ns = ( 10.000 - 10.000 ) 
    Source Clock Delay      (SCD):    5.065ns
    Clock Pessimism Removal (CPR):    0.000ns
  Clock Uncertainty:      0.035ns  ((TSJ^2 + TIJ^2)^1/2 + DJ) / 2 + PE
    Total System Jitter     (TSJ):    0.071ns
    Total Input Jitter      (TIJ):    0.000ns
    Discrete Jitter          (DJ):    0.000ns
    Phase Error              (PE):    0.000ns

    Location             Delay type                Incr(ns)  Path(ns)    Netlist Resource(s)
  -------------------------------------------------------------------    -------------------
                         (clock sys_clk_pin rise edge)
                                                      0.000     0.000 r  
    W5                                                0.000     0.000 r  clk (IN)
                         net (fo=0)                   0.000     0.000    clk
    W5                   IBUF (Prop_ibuf_I_O)         1.458     1.458 r  clk_IBUF_inst/O
                         net (fo=1, routed)           1.967     3.425    clk_IBUF
    BUFGCTRL_X0Y1        BUFG (Prop_bufg_I_O)         0.096     3.521 r  clk_IBUF_BUFG_inst/O
                         net (fo=194, routed)         1.544     5.065    merge_controller/CLK
    SLICE_X35Y25         FDCE                                         r  merge_controller/FSM_sequential_state_reg[1]/C
  -------------------------------------------------------------------    -------------------
    SLICE_X35Y25         FDCE (Prop_fdce_C_Q)         0.456     5.521 f  merge_controller/FSM_sequential_state_reg[1]/Q
                         net (fo=255, routed)         0.653     6.174    merge_controller/state__0[1]
    SLICE_X35Y27         LUT3 (Prop_lut3_I0_O)        0.124     6.298 r  merge_controller/led_OBUF[12]_inst_i_1/O
                         net (fo=1, routed)           3.260     9.558    led_OBUF[12]
    P3                   OBUF (Prop_obuf_I_O)         3.518    13.076 r  led_OBUF[12]_inst/O
                         net (fo=0)                   0.000    13.076    led[12]
    P3                                                                r  led[12] (OUT)
  -------------------------------------------------------------------    -------------------

                         (clock sys_clk_pin rise edge)
                                                     10.000    10.000 r  
                         clock pessimism              0.000    10.000    
                         clock uncertainty           -0.035     9.965    
                         output delay                -4.000     5.965    
  -------------------------------------------------------------------
                         required time                          5.965    
                         arrival time                         -13.076    
  -------------------------------------------------------------------
                         slack                                 -7.111    

Slack (VIOLATED) :        -6.933ns  (required time - arrival time)
  Source:                 merge_controller/FSM_sequential_state_reg[0]/C
                            (rising edge-triggered cell FDCE clocked by sys_clk_pin  {rise@0.000ns fall@5.000ns period=10.000ns})
  Destination:            led[14]
                            (output port clocked by sys_clk_pin  {rise@0.000ns fall@5.000ns period=10.000ns})
  Path Group:             sys_clk_pin
  Path Type:              Max at Slow Process Corner
  Requirement:            10.000ns  (sys_clk_pin rise@10.000ns - sys_clk_pin rise@0.000ns)
  Data Path Delay:        7.830ns  (logic 4.095ns (52.306%)  route 3.734ns (47.694%))
  Logic Levels:           2  (LUT3=1 OBUF=1)
  Output Delay:           4.000ns
  Clock Path Skew:        -5.068ns (DCD - SCD + CPR)
    Destination Clock Delay (DCD):    0.000ns = ( 10.000 - 10.000 ) 
    Source Clock Delay      (SCD):    5.068ns
    Clock Pessimism Removal (CPR):    0.000ns
  Clock Uncertainty:      0.035ns  ((TSJ^2 + TIJ^2)^1/2 + DJ) / 2 + PE
    Total System Jitter     (TSJ):    0.071ns
    Total Input Jitter      (TIJ):    0.000ns
    Discrete Jitter          (DJ):    0.000ns
    Phase Error              (PE):    0.000ns

    Location             Delay type                Incr(ns)  Path(ns)    Netlist Resource(s)
  -------------------------------------------------------------------    -------------------
                         (clock sys_clk_pin rise edge)
                                                      0.000     0.000 r  
    W5                                                0.000     0.000 r  clk (IN)
                         net (fo=0)                   0.000     0.000    clk
    W5                   IBUF (Prop_ibuf_I_O)         1.458     1.458 r  clk_IBUF_inst/O
                         net (fo=1, routed)           1.967     3.425    clk_IBUF
    BUFGCTRL_X0Y1        BUFG (Prop_bufg_I_O)         0.096     3.521 r  clk_IBUF_BUFG_inst/O
                         net (fo=194, routed)         1.547     5.068    merge_controller/CLK
    SLICE_X33Y26         FDCE                                         r  merge_controller/FSM_sequential_state_reg[0]/C
  -------------------------------------------------------------------    -------------------
    SLICE_X33Y26         FDCE (Prop_fdce_C_Q)         0.456     5.524 r  merge_controller/FSM_sequential_state_reg[0]/Q
                         net (fo=233, routed)         0.828     6.352    merge_controller/state__0[0]
    SLICE_X37Y27         LUT3 (Prop_lut3_I2_O)        0.124     6.476 r  merge_controller/led_OBUF[14]_inst_i_1/O
                         net (fo=1, routed)           2.907     9.383    led_OBUF[14]
    P1                   OBUF (Prop_obuf_I_O)         3.515    12.898 r  led_OBUF[14]_inst/O
                         net (fo=0)                   0.000    12.898    led[14]
    P1                                                                r  led[14] (OUT)
  -------------------------------------------------------------------    -------------------

                         (clock sys_clk_pin rise edge)
                                                     10.000    10.000 r  
                         clock pessimism              0.000    10.000    
                         clock uncertainty           -0.035     9.965    
                         output delay                -4.000     5.965    
  -------------------------------------------------------------------
                         required time                          5.965    
                         arrival time                         -12.898    
  -------------------------------------------------------------------
                         slack                                 -6.933    

Slack (VIOLATED) :        -6.834ns  (required time - arrival time)
  Source:                 merge_controller/FSM_sequential_state_reg[0]/C
                            (rising edge-triggered cell FDCE clocked by sys_clk_pin  {rise@0.000ns fall@5.000ns period=10.000ns})
  Destination:            led[10]
                            (output port clocked by sys_clk_pin  {rise@0.000ns fall@5.000ns period=10.000ns})
  Path Group:             sys_clk_pin
  Path Type:              Max at Slow Process Corner
  Requirement:            10.000ns  (sys_clk_pin rise@10.000ns - sys_clk_pin rise@0.000ns)
  Data Path Delay:        7.731ns  (logic 4.105ns (53.105%)  route 3.625ns (46.895%))
  Logic Levels:           2  (LUT3=1 OBUF=1)
  Output Delay:           4.000ns
  Clock Path Skew:        -5.068ns (DCD - SCD + CPR)
    Destination Clock Delay (DCD):    0.000ns = ( 10.000 - 10.000 ) 
    Source Clock Delay      (SCD):    5.068ns
    Clock Pessimism Removal (CPR):    0.000ns
  Clock Uncertainty:      0.035ns  ((TSJ^2 + TIJ^2)^1/2 + DJ) / 2 + PE
    Total System Jitter     (TSJ):    0.071ns
    Total Input Jitter      (TIJ):    0.000ns
    Discrete Jitter          (DJ):    0.000ns
    Phase Error              (PE):    0.000ns

    Location             Delay type                Incr(ns)  Path(ns)    Netlist Resource(s)
  -------------------------------------------------------------------    -------------------
                         (clock sys_clk_pin rise edge)
                                                      0.000     0.000 r  
    W5                                                0.000     0.000 r  clk (IN)
                         net (fo=0)                   0.000     0.000    clk
    W5                   IBUF (Prop_ibuf_I_O)         1.458     1.458 r  clk_IBUF_inst/O
                         net (fo=1, routed)           1.967     3.425    clk_IBUF
    BUFGCTRL_X0Y1        BUFG (Prop_bufg_I_O)         0.096     3.521 r  clk_IBUF_BUFG_inst/O
                         net (fo=194, routed)         1.547     5.068    merge_controller/CLK
    SLICE_X33Y26         FDCE                                         r  merge_controller/FSM_sequential_state_reg[0]/C
  -------------------------------------------------------------------    -------------------
    SLICE_X33Y26         FDCE (Prop_fdce_C_Q)         0.456     5.524 r  merge_controller/FSM_sequential_state_reg[0]/Q
                         net (fo=233, routed)         1.103     6.627    merge_controller/state__0[0]
    SLICE_X48Y26         LUT3 (Prop_lut3_I0_O)        0.124     6.751 r  merge_controller/led_OBUF[10]_inst_i_1/O
                         net (fo=2, routed)           2.523     9.274    led_OBUF[10]
    W3                   OBUF (Prop_obuf_I_O)         3.525    12.799 r  led_OBUF[10]_inst/O
                         net (fo=0)                   0.000    12.799    led[10]
    W3                                                                r  led[10] (OUT)
  -------------------------------------------------------------------    -------------------

                         (clock sys_clk_pin rise edge)
                                                     10.000    10.000 r  
                         clock pessimism              0.000    10.000    
                         clock uncertainty           -0.035     9.965    
                         output delay                -4.000     5.965    
  -------------------------------------------------------------------
                         required time                          5.965    
                         arrival time                         -12.799    
  -------------------------------------------------------------------
                         slack                                 -6.834    

Slack (VIOLATED) :        -6.738ns  (required time - arrival time)
  Source:                 merge_controller/FSM_sequential_state_reg[0]/C
                            (rising edge-triggered cell FDCE clocked by sys_clk_pin  {rise@0.000ns fall@5.000ns period=10.000ns})
  Destination:            led[8]
                            (output port clocked by sys_clk_pin  {rise@0.000ns fall@5.000ns period=10.000ns})
  Path Group:             sys_clk_pin
  Path Type:              Max at Slow Process Corner
  Requirement:            10.000ns  (sys_clk_pin rise@10.000ns - sys_clk_pin rise@0.000ns)
  Data Path Delay:        7.634ns  (logic 4.084ns (53.495%)  route 3.550ns (46.505%))
  Logic Levels:           2  (LUT3=1 OBUF=1)
  Output Delay:           4.000ns
  Clock Path Skew:        -5.068ns (DCD - SCD + CPR)
    Destination Clock Delay (DCD):    0.000ns = ( 10.000 - 10.000 ) 
    Source Clock Delay      (SCD):    5.068ns
    Clock Pessimism Removal (CPR):    0.000ns
  Clock Uncertainty:      0.035ns  ((TSJ^2 + TIJ^2)^1/2 + DJ) / 2 + PE
    Total System Jitter     (TSJ):    0.071ns
    Total Input Jitter      (TIJ):    0.000ns
    Discrete Jitter          (DJ):    0.000ns
    Phase Error              (PE):    0.000ns

    Location             Delay type                Incr(ns)  Path(ns)    Netlist Resource(s)
  -------------------------------------------------------------------    -------------------
                         (clock sys_clk_pin rise edge)
                                                      0.000     0.000 r  
    W5                                                0.000     0.000 r  clk (IN)
                         net (fo=0)                   0.000     0.000    clk
    W5                   IBUF (Prop_ibuf_I_O)         1.458     1.458 r  clk_IBUF_inst/O
                         net (fo=1, routed)           1.967     3.425    clk_IBUF
    BUFGCTRL_X0Y1        BUFG (Prop_bufg_I_O)         0.096     3.521 r  clk_IBUF_BUFG_inst/O
                         net (fo=194, routed)         1.547     5.068    merge_controller/CLK
    SLICE_X33Y26         FDCE                                         r  merge_controller/FSM_sequential_state_reg[0]/C
  -------------------------------------------------------------------    -------------------
    SLICE_X33Y26         FDCE (Prop_fdce_C_Q)         0.456     5.524 r  merge_controller/FSM_sequential_state_reg[0]/Q
                         net (fo=233, routed)         0.841     6.365    merge_controller/state__0[0]
    SLICE_X28Y24         LUT3 (Prop_lut3_I0_O)        0.124     6.489 r  merge_controller/led_OBUF[8]_inst_i_1/O
                         net (fo=1, routed)           2.710     9.199    led_OBUF[8]
    V13                  OBUF (Prop_obuf_I_O)         3.504    12.703 r  led_OBUF[8]_inst/O
                         net (fo=0)                   0.000    12.703    led[8]
    V13                                                               r  led[8] (OUT)
  -------------------------------------------------------------------    -------------------

                         (clock sys_clk_pin rise edge)
                                                     10.000    10.000 r  
                         clock pessimism              0.000    10.000    
                         clock uncertainty           -0.035     9.965    
                         output delay                -4.000     5.965    
  -------------------------------------------------------------------
                         required time                          5.965    
                         arrival time                         -12.703    
  -------------------------------------------------------------------
                         slack                                 -6.738    

Slack (VIOLATED) :        -6.736ns  (required time - arrival time)
  Source:                 merge_controller/FSM_sequential_state_reg[1]/C
                            (rising edge-triggered cell FDCE clocked by sys_clk_pin  {rise@0.000ns fall@5.000ns period=10.000ns})
  Destination:            led[9]
                            (output port clocked by sys_clk_pin  {rise@0.000ns fall@5.000ns period=10.000ns})
  Path Group:             sys_clk_pin
  Path Type:              Max at Slow Process Corner
  Requirement:            10.000ns  (sys_clk_pin rise@10.000ns - sys_clk_pin rise@0.000ns)
  Data Path Delay:        7.635ns  (logic 4.088ns (53.542%)  route 3.547ns (46.458%))
  Logic Levels:           2  (LUT3=1 OBUF=1)
  Output Delay:           4.000ns
  Clock Path Skew:        -5.065ns (DCD - SCD + CPR)
    Destination Clock Delay (DCD):    0.000ns = ( 10.000 - 10.000 ) 
    Source Clock Delay      (SCD):    5.065ns
    Clock Pessimism Removal (CPR):    0.000ns
  Clock Uncertainty:      0.035ns  ((TSJ^2 + TIJ^2)^1/2 + DJ) / 2 + PE
    Total System Jitter     (TSJ):    0.071ns
    Total Input Jitter      (TIJ):    0.000ns
    Discrete Jitter          (DJ):    0.000ns
    Phase Error              (PE):    0.000ns

    Location             Delay type                Incr(ns)  Path(ns)    Netlist Resource(s)
  -------------------------------------------------------------------    -------------------
                         (clock sys_clk_pin rise edge)
                                                      0.000     0.000 r  
    W5                                                0.000     0.000 r  clk (IN)
                         net (fo=0)                   0.000     0.000    clk
    W5                   IBUF (Prop_ibuf_I_O)         1.458     1.458 r  clk_IBUF_inst/O
                         net (fo=1, routed)           1.967     3.425    clk_IBUF
    BUFGCTRL_X0Y1        BUFG (Prop_bufg_I_O)         0.096     3.521 r  clk_IBUF_BUFG_inst/O
                         net (fo=194, routed)         1.544     5.065    merge_controller/CLK
    SLICE_X35Y25         FDCE                                         r  merge_controller/FSM_sequential_state_reg[1]/C
  -------------------------------------------------------------------    -------------------
    SLICE_X35Y25         FDCE (Prop_fdce_C_Q)         0.456     5.521 r  merge_controller/FSM_sequential_state_reg[1]/Q
                         net (fo=255, routed)         0.988     6.509    merge_controller/state__0[1]
    SLICE_X40Y28         LUT3 (Prop_lut3_I2_O)        0.124     6.633 r  merge_controller/led_OBUF[9]_inst_i_1/O
                         net (fo=2, routed)           2.559     9.193    led_OBUF[9]
    V3                   OBUF (Prop_obuf_I_O)         3.508    12.701 r  led_OBUF[9]_inst/O
                         net (fo=0)                   0.000    12.701    led[9]
    V3                                                                r  led[9] (OUT)
  -------------------------------------------------------------------    -------------------

                         (clock sys_clk_pin rise edge)
                                                     10.000    10.000 r  
                         clock pessimism              0.000    10.000    
                         clock uncertainty           -0.035     9.965    
                         output delay                -4.000     5.965    
  -------------------------------------------------------------------
                         required time                          5.965    
                         arrival time                         -12.701    
  -------------------------------------------------------------------
                         slack                                 -6.736    

Slack (VIOLATED) :        -5.931ns  (required time - arrival time)
  Source:                 digit_select_reg[1]/C
                            (rising edge-triggered cell FDRE clocked by sys_clk_pin  {rise@0.000ns fall@5.000ns period=10.000ns})
  Destination:            an[0]
                            (output port clocked by sys_clk_pin  {rise@0.000ns fall@5.000ns period=10.000ns})
  Path Group:             sys_clk_pin
  Path Type:              Max at Slow Process Corner
  Requirement:            10.000ns  (sys_clk_pin rise@10.000ns - sys_clk_pin rise@0.000ns)
  Data Path Delay:        6.750ns  (logic 4.221ns (62.528%)  route 2.529ns (37.472%))
  Logic Levels:           2  (LUT2=1 OBUF=1)
  Output Delay:           4.000ns
  Clock Path Skew:        -5.145ns (DCD - SCD + CPR)
    Destination Clock Delay (DCD):    0.000ns = ( 10.000 - 10.000 ) 
    Source Clock Delay      (SCD):    5.145ns
    Clock Pessimism Removal (CPR):    0.000ns
  Clock Uncertainty:      0.035ns  ((TSJ^2 + TIJ^2)^1/2 + DJ) / 2 + PE
    Total System Jitter     (TSJ):    0.071ns
    Total Input Jitter      (TIJ):    0.000ns
    Discrete Jitter          (DJ):    0.000ns
    Phase Error              (PE):    0.000ns

    Location             Delay type                Incr(ns)  Path(ns)    Netlist Resource(s)
  -------------------------------------------------------------------    -------------------
                         (clock sys_clk_pin rise edge)
                                                      0.000     0.000 r  
    W5                                                0.000     0.000 r  clk (IN)
                         net (fo=0)                   0.000     0.000    clk
    W5                   IBUF (Prop_ibuf_I_O)         1.458     1.458 r  clk_IBUF_inst/O
                         net (fo=1, routed)           1.967     3.425    clk_IBUF
    BUFGCTRL_X0Y1        BUFG (Prop_bufg_I_O)         0.096     3.521 r  clk_IBUF_BUFG_inst/O
                         net (fo=194, routed)         1.624     5.145    clk_IBUF_BUFG
    SLICE_X62Y21         FDRE                                         r  digit_select_reg[1]/C
  -------------------------------------------------------------------    -------------------
    SLICE_X62Y21         FDRE (Prop_fdre_C_Q)         0.419     5.564 r  digit_select_reg[1]/Q
                         net (fo=9, routed)           0.632     6.196    digit_select[1]
    SLICE_X64Y23         LUT2 (Prop_lut2_I1_O)        0.299     6.495 r  seg_OBUF[1]_inst_i_1/O
                         net (fo=2, routed)           1.897     8.393    an_OBUF[0]
    U2                   OBUF (Prop_obuf_I_O)         3.503    11.896 r  an_OBUF[0]_inst/O
                         net (fo=0)                   0.000    11.896    an[0]
    U2                                                                r  an[0] (OUT)
  -------------------------------------------------------------------    -------------------

                         (clock sys_clk_pin rise edge)
                                                     10.000    10.000 r  
                         clock pessimism              0.000    10.000    
                         clock uncertainty           -0.035     9.965    
                         output delay                -4.000     5.965    
  -------------------------------------------------------------------
                         required time                          5.965    
                         arrival time                         -11.896    
  -------------------------------------------------------------------
                         slack                                 -5.931    

Slack (VIOLATED) :        -5.908ns  (required time - arrival time)
  Source:                 sw[15]
                            (input port clocked by sys_clk_pin  {rise@0.000ns fall@5.000ns period=10.000ns})
  Destination:            led[15]
                            (output port clocked by sys_clk_pin  {rise@0.000ns fall@5.000ns period=10.000ns})
  Path Group:             sys_clk_pin
  Path Type:              Max at Slow Process Corner
  Requirement:            10.000ns  (sys_clk_pin rise@10.000ns - sys_clk_pin rise@0.000ns)
  Data Path Delay:        7.873ns  (logic 4.978ns (63.226%)  route 2.895ns (36.774%))
  Logic Levels:           2  (IBUF=1 OBUF=1)
  Input Delay:            4.000ns
  Output Delay:           4.000ns
  Clock Uncertainty:      0.035ns  ((TSJ^2 + TIJ^2)^1/2 + DJ) / 2 + PE
    Total System Jitter     (TSJ):    0.071ns
    Total Input Jitter      (TIJ):    0.000ns
    Discrete Jitter          (DJ):    0.000ns
    Phase Error              (PE):    0.000ns

    Location             Delay type                Incr(ns)  Path(ns)    Netlist Resource(s)
  -------------------------------------------------------------------    -------------------
                         (clock sys_clk_pin rise edge)
                                                      0.000     0.000 r  
                         input delay                  4.000     4.000    
    R2                                                0.000     4.000 r  sw[15] (IN)
                         net (fo=0)                   0.000     4.000    sw[15]
    R2                   IBUF (Prop_ibuf_I_O)         1.456     5.456 r  sw_IBUF[15]_inst/O
                         net (fo=187, routed)         2.895     8.351    led_OBUF[15]
    L1                   OBUF (Prop_obuf_I_O)         3.521    11.873 r  led_OBUF[15]_inst/O
                         net (fo=0)                   0.000    11.873    led[15]
    L1                                                                r  led[15] (OUT)
  -------------------------------------------------------------------    -------------------

                         (clock sys_clk_pin rise edge)
                                                     10.000    10.000 r  
                         clock pessimism              0.000    10.000    
                         clock uncertainty           -0.035     9.965    
                         output delay                -4.000     5.965    
  -------------------------------------------------------------------
                         required time                          5.965    
                         arrival time                         -11.873    
  -------------------------------------------------------------------
                         slack                                 -5.908    

Slack (VIOLATED) :        -5.894ns  (required time - arrival time)
  Source:                 digit_select_reg[1]/C
                            (rising edge-triggered cell FDRE clocked by sys_clk_pin  {rise@0.000ns fall@5.000ns period=10.000ns})
  Destination:            an[1]
                            (output port clocked by sys_clk_pin  {rise@0.000ns fall@5.000ns period=10.000ns})
  Path Group:             sys_clk_pin
  Path Type:              Max at Slow Process Corner
  Requirement:            10.000ns  (sys_clk_pin rise@10.000ns - sys_clk_pin rise@0.000ns)
  Data Path Delay:        6.714ns  (logic 4.217ns (62.813%)  route 2.497ns (37.187%))
  Logic Levels:           2  (LUT2=1 OBUF=1)
  Output Delay:           4.000ns
  Clock Path Skew:        -5.145ns (DCD - SCD + CPR)
    Destination Clock Delay (DCD):    0.000ns = ( 10.000 - 10.000 ) 
    Source Clock Delay      (SCD):    5.145ns
    Clock Pessimism Removal (CPR):    0.000ns
  Clock Uncertainty:      0.035ns  ((TSJ^2 + TIJ^2)^1/2 + DJ) / 2 + PE
    Total System Jitter     (TSJ):    0.071ns
    Total Input Jitter      (TIJ):    0.000ns
    Discrete Jitter          (DJ):    0.000ns
    Phase Error              (PE):    0.000ns

    Location             Delay type                Incr(ns)  Path(ns)    Netlist Resource(s)
  -------------------------------------------------------------------    -------------------
                         (clock sys_clk_pin rise edge)
                                                      0.000     0.000 r  
    W5                                                0.000     0.000 r  clk (IN)
                         net (fo=0)                   0.000     0.000    clk
    W5                   IBUF (Prop_ibuf_I_O)         1.458     1.458 r  clk_IBUF_inst/O
                         net (fo=1, routed)           1.967     3.425    clk_IBUF
    BUFGCTRL_X0Y1        BUFG (Prop_bufg_I_O)         0.096     3.521 r  clk_IBUF_BUFG_inst/O
                         net (fo=194, routed)         1.624     5.145    clk_IBUF_BUFG
    SLICE_X62Y21         FDRE                                         r  digit_select_reg[1]/C
  -------------------------------------------------------------------    -------------------
    SLICE_X62Y21         FDRE (Prop_fdre_C_Q)         0.419     5.564 r  digit_select_reg[1]/Q
                         net (fo=9, routed)           0.471     6.035    digit_select[1]
    SLICE_X64Y21         LUT2 (Prop_lut2_I0_O)        0.299     6.334 r  an_OBUF[1]_inst_i_1/O
                         net (fo=1, routed)           2.026     8.360    an_OBUF[1]
    U4                   OBUF (Prop_obuf_I_O)         3.499    11.859 r  an_OBUF[1]_inst/O
                         net (fo=0)                   0.000    11.859    an[1]
    U4                                                                r  an[1] (OUT)
  -------------------------------------------------------------------    -------------------

                         (clock sys_clk_pin rise edge)
                                                     10.000    10.000 r  
                         clock pessimism              0.000    10.000    
                         clock uncertainty           -0.035     9.965    
                         output delay                -4.000     5.965    
  -------------------------------------------------------------------
                         required time                          5.965    
                         arrival time                         -11.859    
  -------------------------------------------------------------------
                         slack                                 -5.894    

Slack (VIOLATED) :        -5.823ns  (required time - arrival time)
  Source:                 digit_select_reg[0]/C
                            (rising edge-triggered cell FDRE clocked by sys_clk_pin  {rise@0.000ns fall@5.000ns period=10.000ns})
  Destination:            an[3]
                            (output port clocked by sys_clk_pin  {rise@0.000ns fall@5.000ns period=10.000ns})
  Path Group:             sys_clk_pin
  Path Type:              Max at Slow Process Corner
  Requirement:            10.000ns  (sys_clk_pin rise@10.000ns - sys_clk_pin rise@0.000ns)
  Data Path Delay:        6.642ns  (logic 4.090ns (61.583%)  route 2.552ns (38.417%))
  Logic Levels:           2  (LUT2=1 OBUF=1)
  Output Delay:           4.000ns
  Clock Path Skew:        -5.145ns (DCD - SCD + CPR)
    Destination Clock Delay (DCD):    0.000ns = ( 10.000 - 10.000 ) 
    Source Clock Delay      (SCD):    5.145ns
    Clock Pessimism Removal (CPR):    0.000ns
  Clock Uncertainty:      0.035ns  ((TSJ^2 + TIJ^2)^1/2 + DJ) / 2 + PE
    Total System Jitter     (TSJ):    0.071ns
    Total Input Jitter      (TIJ):    0.000ns
    Discrete Jitter          (DJ):    0.000ns
    Phase Error              (PE):    0.000ns

    Location             Delay type                Incr(ns)  Path(ns)    Netlist Resource(s)
  -------------------------------------------------------------------    -------------------
                         (clock sys_clk_pin rise edge)
                                                      0.000     0.000 r  
    W5                                                0.000     0.000 r  clk (IN)
                         net (fo=0)                   0.000     0.000    clk
    W5                   IBUF (Prop_ibuf_I_O)         1.458     1.458 r  clk_IBUF_inst/O
                         net (fo=1, routed)           1.967     3.425    clk_IBUF
    BUFGCTRL_X0Y1        BUFG (Prop_bufg_I_O)         0.096     3.521 r  clk_IBUF_BUFG_inst/O
                         net (fo=194, routed)         1.624     5.145    clk_IBUF_BUFG
    SLICE_X62Y21         FDRE                                         r  digit_select_reg[0]/C
  -------------------------------------------------------------------    -------------------
    SLICE_X62Y21         FDRE (Prop_fdre_C_Q)         0.456     5.601 f  digit_select_reg[0]/Q
                         net (fo=12, routed)          0.859     6.460    seg_OBUF[3]
    SLICE_X64Y24         LUT2 (Prop_lut2_I0_O)        0.124     6.584 r  an_OBUF[3]_inst_i_1/O
                         net (fo=1, routed)           1.693     8.277    an_OBUF[3]
    W4                   OBUF (Prop_obuf_I_O)         3.510    11.787 r  an_OBUF[3]_inst/O
                         net (fo=0)                   0.000    11.787    an[3]
    W4                                                                r  an[3] (OUT)
  -------------------------------------------------------------------    -------------------

                         (clock sys_clk_pin rise edge)
                                                     10.000    10.000 r  
                         clock pessimism              0.000    10.000    
                         clock uncertainty           -0.035     9.965    
                         output delay                -4.000     5.965    
  -------------------------------------------------------------------
                         required time                          5.965    
                         arrival time                         -11.787    
  -------------------------------------------------------------------
                         slack                                 -5.823    





Min Delay Paths
--------------------------------------------------------------------------------------
Slack (MET) :             0.092ns  (arrival time - required time)
  Source:                 btnR_sync_reg[1]/C
                            (rising edge-triggered cell FDRE clocked by sys_clk_pin  {rise@0.000ns fall@5.000ns period=10.000ns})
  Destination:            btnR_sync_reg[2]/D
                            (rising edge-triggered cell FDRE clocked by sys_clk_pin  {rise@0.000ns fall@5.000ns period=10.000ns})
  Path Group:             sys_clk_pin
  Path Type:              Hold (Min at Fast Process Corner)
  Requirement:            0.000ns  (sys_clk_pin rise@0.000ns - sys_clk_pin rise@0.000ns)
  Data Path Delay:        0.416ns  (logic 0.164ns (39.415%)  route 0.252ns (60.585%))
  Logic Levels:           0  
  Clock Path Skew:        0.265ns (DCD - SCD - CPR)
    Destination Clock Delay (DCD):    1.958ns
    Source Clock Delay      (SCD):    1.444ns
    Clock Pessimism Removal (CPR):    0.249ns

    Location             Delay type                Incr(ns)  Path(ns)    Netlist Resource(s)
  -------------------------------------------------------------------    -------------------
                         (clock sys_clk_pin rise edge)
                                                      0.000     0.000 r  
    W5                                                0.000     0.000 r  clk (IN)
                         net (fo=0)                   0.000     0.000    clk
    W5                   IBUF (Prop_ibuf_I_O)         0.226     0.226 r  clk_IBUF_inst/O
                         net (fo=1, routed)           0.631     0.858    clk_IBUF
    BUFGCTRL_X0Y1        BUFG (Prop_bufg_I_O)         0.026     0.884 r  clk_IBUF_BUFG_inst/O
                         net (fo=194, routed)         0.561     1.444    clk_IBUF_BUFG
    SLICE_X34Y8          FDRE                                         r  btnR_sync_reg[1]/C
  -------------------------------------------------------------------    -------------------
    SLICE_X34Y8          FDRE (Prop_fdre_C_Q)         0.164     1.608 r  btnR_sync_reg[1]/Q
                         net (fo=2, routed)           0.252     1.860    btnR_sync[1]
    SLICE_X38Y8          FDRE                                         r  btnR_sync_reg[2]/D
  -------------------------------------------------------------------    -------------------

                         (clock sys_clk_pin rise edge)
                                                      0.000     0.000 r  
    W5                                                0.000     0.000 r  clk (IN)
                         net (fo=0)                   0.000     0.000    clk
    W5                   IBUF (Prop_ibuf_I_O)         0.414     0.414 r  clk_IBUF_inst/O
                         net (fo=1, routed)           0.685     1.099    clk_IBUF
    BUFGCTRL_X0Y1        BUFG (Prop_bufg_I_O)         0.029     1.128 r  clk_IBUF_BUFG_inst/O
                         net (fo=194, routed)         0.831     1.958    clk_IBUF_BUFG
    SLICE_X38Y8          FDRE                                         r  btnR_sync_reg[2]/C
                         clock pessimism             -0.249     1.709    
    SLICE_X38Y8          FDRE (Hold_fdre_C_D)         0.059     1.768    btnR_sync_reg[2]
  -------------------------------------------------------------------
                         required time                         -1.768    
                         arrival time                           1.860    
  -------------------------------------------------------------------
                         slack                                  0.092    

Slack (MET) :             0.215ns  (arrival time - required time)
  Source:                 btnD_sync_reg[1]/C
                            (rising edge-triggered cell FDRE clocked by sys_clk_pin  {rise@0.000ns fall@5.000ns period=10.000ns})
  Destination:            btnD_sync_reg[2]/D
                            (rising edge-triggered cell FDRE clocked by sys_clk_pin  {rise@0.000ns fall@5.000ns period=10.000ns})
  Path Group:             sys_clk_pin
  Path Type:              Hold (Min at Fast Process Corner)
  Requirement:            0.000ns  (sys_clk_pin rise@0.000ns - sys_clk_pin rise@0.000ns)
  Data Path Delay:        0.288ns  (logic 0.164ns (56.904%)  route 0.124ns (43.096%))
  Logic Levels:           0  
  Clock Path Skew:        0.014ns (DCD - SCD - CPR)
    Destination Clock Delay (DCD):    1.952ns
    Source Clock Delay      (SCD):    1.441ns
    Clock Pessimism Removal (CPR):    0.497ns

    Location             Delay type                Incr(ns)  Path(ns)    Netlist Resource(s)
  -------------------------------------------------------------------    -------------------
                         (clock sys_clk_pin rise edge)
                                                      0.000     0.000 r  
    W5                                                0.000     0.000 r  clk (IN)
                         net (fo=0)                   0.000     0.000    clk
    W5                   IBUF (Prop_ibuf_I_O)         0.226     0.226 r  clk_IBUF_inst/O
                         net (fo=1, routed)           0.631     0.858    clk_IBUF
    BUFGCTRL_X0Y1        BUFG (Prop_bufg_I_O)         0.026     0.884 r  clk_IBUF_BUFG_inst/O
                         net (fo=194, routed)         0.558     1.441    clk_IBUF_BUFG
    SLICE_X34Y14         FDRE                                         r  btnD_sync_reg[1]/C
  -------------------------------------------------------------------    -------------------
    SLICE_X34Y14         FDRE (Prop_fdre_C_Q)         0.164     1.605 r  btnD_sync_reg[1]/Q
                         net (fo=3, routed)           0.124     1.729    btnD_sync[1]
    SLICE_X34Y15         FDRE                                         r  btnD_sync_reg[2]/D
  -------------------------------------------------------------------    -------------------

                         (clock sys_clk_pin rise edge)
                                                      0.000     0.000 r  
    W5                                                0.000     0.000 r  clk (IN)
                         net (fo=0)                   0.000     0.000    clk
    W5                   IBUF (Prop_ibuf_I_O)         0.414     0.414 r  clk_IBUF_inst/O
                         net (fo=1, routed)           0.685     1.099    clk_IBUF
    BUFGCTRL_X0Y1        BUFG (Prop_bufg_I_O)         0.029     1.128 r  clk_IBUF_BUFG_inst/O
                         net (fo=194, routed)         0.825     1.952    clk_IBUF_BUFG
    SLICE_X34Y15         FDRE                                         r  btnD_sync_reg[2]/C
                         clock pessimism             -0.497     1.455    
    SLICE_X34Y15         FDRE (Hold_fdre_C_D)         0.059     1.514    btnD_sync_reg[2]
  -------------------------------------------------------------------
                         required time                         -1.514    
                         arrival time                           1.729    
  -------------------------------------------------------------------
                         slack                                  0.215    

Slack (MET) :             0.235ns  (arrival time - required time)
  Source:                 merge_controller/cursor_right_ack_sync_reg[0]/C
                            (rising edge-triggered cell FDCE clocked by sys_clk_pin  {rise@0.000ns fall@5.000ns period=10.000ns})
  Destination:            merge_controller/cursor_right_ack_sync_reg[1]/D
                            (rising edge-triggered cell FDCE clocked by sys_clk_pin  {rise@0.000ns fall@5.000ns period=10.000ns})
  Path Group:             sys_clk_pin
  Path Type:              Hold (Min at Fast Process Corner)
  Requirement:            0.000ns  (sys_clk_pin rise@0.000ns - sys_clk_pin rise@0.000ns)
  Data Path Delay:        0.247ns  (logic 0.128ns (51.736%)  route 0.119ns (48.264%))
  Logic Levels:           0  
  Clock Path Skew:        0.000ns (DCD - SCD - CPR)
    Destination Clock Delay (DCD):    1.958ns
    Source Clock Delay      (SCD):    1.445ns
    Clock Pessimism Removal (CPR):    0.513ns

    Location             Delay type                Incr(ns)  Path(ns)    Netlist Resource(s)
  -------------------------------------------------------------------    -------------------
                         (clock sys_clk_pin rise edge)
                                                      0.000     0.000 r  
    W5                                                0.000     0.000 r  clk (IN)
                         net (fo=0)                   0.000     0.000    clk
    W5                   IBUF (Prop_ibuf_I_O)         0.226     0.226 r  clk_IBUF_inst/O
                         net (fo=1, routed)           0.631     0.858    clk_IBUF
    BUFGCTRL_X0Y1        BUFG (Prop_bufg_I_O)         0.026     0.884 r  clk_IBUF_BUFG_inst/O
                         net (fo=194, routed)         0.562     1.445    merge_controller/CLK
    SLICE_X37Y8          FDCE                                         r  merge_controller/cursor_right_ack_sync_reg[0]/C
  -------------------------------------------------------------------    -------------------
    SLICE_X37Y8          FDCE (Prop_fdce_C_Q)         0.128     1.573 r  merge_controller/cursor_right_ack_sync_reg[0]/Q
                         net (fo=1, routed)           0.119     1.693    merge_controller/cursor_right_ack_sync_reg_n_0_[0]
    SLICE_X37Y8          FDCE                                         r  merge_controller/cursor_right_ack_sync_reg[1]/D
  -------------------------------------------------------------------    -------------------

                         (clock sys_clk_pin rise edge)
                                                      0.000     0.000 r  
    W5                                                0.000     0.000 r  clk (IN)
                         net (fo=0)                   0.000     0.000    clk
    W5                   IBUF (Prop_ibuf_I_O)         0.414     0.414 r  clk_IBUF_inst/O
                         net (fo=1, routed)           0.685     1.099    clk_IBUF
    BUFGCTRL_X0Y1        BUFG (Prop_bufg_I_O)         0.029     1.128 r  clk_IBUF_BUFG_inst/O
                         net (fo=194, routed)         0.831     1.958    merge_controller/CLK
    SLICE_X37Y8          FDCE                                         r  merge_controller/cursor_right_ack_sync_reg[1]/C
                         clock pessimism             -0.513     1.445    
    SLICE_X37Y8          FDCE (Hold_fdce_C_D)         0.012     1.457    merge_controller/cursor_right_ack_sync_reg[1]
  -------------------------------------------------------------------
                         required time                         -1.457    
                         arrival time                           1.693    
  -------------------------------------------------------------------
                         slack                                  0.235    

Slack (MET) :             0.247ns  (arrival time - required time)
  Source:                 btnC_sync_reg[1]/C
                            (rising edge-triggered cell FDRE clocked by sys_clk_pin  {rise@0.000ns fall@5.000ns period=10.000ns})
  Destination:            btnC_sync_reg[2]/D
                            (rising edge-triggered cell FDRE clocked by sys_clk_pin  {rise@0.000ns fall@5.000ns period=10.000ns})
  Path Group:             sys_clk_pin
  Path Type:              Hold (Min at Fast Process Corner)
  Requirement:            0.000ns  (sys_clk_pin rise@0.000ns - sys_clk_pin rise@0.000ns)
  Data Path Delay:        0.306ns  (logic 0.164ns (53.623%)  route 0.142ns (46.377%))
  Logic Levels:           0  
  Clock Path Skew:        0.000ns (DCD - SCD - CPR)
    Destination Clock Delay (DCD):    1.952ns
    Source Clock Delay      (SCD):    1.440ns
    Clock Pessimism Removal (CPR):    0.512ns

    Location             Delay type                Incr(ns)  Path(ns)    Netlist Resource(s)
  -------------------------------------------------------------------    -------------------
                         (clock sys_clk_pin rise edge)
                                                      0.000     0.000 r  
    W5                                                0.000     0.000 r  clk (IN)
                         net (fo=0)                   0.000     0.000    clk
    W5                   IBUF (Prop_ibuf_I_O)         0.226     0.226 r  clk_IBUF_inst/O
                         net (fo=1, routed)           0.631     0.858    clk_IBUF
    BUFGCTRL_X0Y1        BUFG (Prop_bufg_I_O)         0.026     0.884 r  clk_IBUF_BUFG_inst/O
                         net (fo=194, routed)         0.557     1.440    clk_IBUF_BUFG
    SLICE_X14Y20         FDRE                                         r  btnC_sync_reg[1]/C
  -------------------------------------------------------------------    -------------------
    SLICE_X14Y20         FDRE (Prop_fdre_C_Q)         0.164     1.604 r  btnC_sync_reg[1]/Q
                         net (fo=6, routed)           0.142     1.746    p_0_in
    SLICE_X14Y20         FDRE                                         r  btnC_sync_reg[2]/D
  -------------------------------------------------------------------    -------------------

                         (clock sys_clk_pin rise edge)
                                                      0.000     0.000 r  
    W5                                                0.000     0.000 r  clk (IN)
                         net (fo=0)                   0.000     0.000    clk
    W5                   IBUF (Prop_ibuf_I_O)         0.414     0.414 r  clk_IBUF_inst/O
                         net (fo=1, routed)           0.685     1.099    clk_IBUF
    BUFGCTRL_X0Y1        BUFG (Prop_bufg_I_O)         0.029     1.128 r  clk_IBUF_BUFG_inst/O
                         net (fo=194, routed)         0.825     1.952    clk_IBUF_BUFG
    SLICE_X14Y20         FDRE                                         r  btnC_sync_reg[2]/C
                         clock pessimism             -0.512     1.440    
    SLICE_X14Y20         FDRE (Hold_fdre_C_D)         0.059     1.499    btnC_sync_reg[2]
  -------------------------------------------------------------------
                         required time                         -1.499    
                         arrival time                           1.746    
  -------------------------------------------------------------------
                         slack                                  0.247    

Slack (MET) :             0.261ns  (arrival time - required time)
  Source:                 clk_counter_movement_reg[3]/C
                            (rising edge-triggered cell FDRE clocked by sys_clk_pin  {rise@0.000ns fall@5.000ns period=10.000ns})
  Destination:            clk_counter_movement_reg[3]/D
                            (rising edge-triggered cell FDRE clocked by sys_clk_pin  {rise@0.000ns fall@5.000ns period=10.000ns})
  Path Group:             sys_clk_pin
  Path Type:              Hold (Min at Fast Process Corner)
  Requirement:            0.000ns  (sys_clk_pin rise@0.000ns - sys_clk_pin rise@0.000ns)
  Data Path Delay:        0.366ns  (logic 0.249ns (67.994%)  route 0.117ns (32.006%))
  Logic Levels:           1  (CARRY4=1)
  Clock Path Skew:        0.000ns (DCD - SCD - CPR)
    Destination Clock Delay (DCD):    1.959ns
    Source Clock Delay      (SCD):    1.446ns
    Clock Pessimism Removal (CPR):    0.513ns

    Location             Delay type                Incr(ns)  Path(ns)    Netlist Resource(s)
  -------------------------------------------------------------------    -------------------
                         (clock sys_clk_pin rise edge)
                                                      0.000     0.000 r  
    W5                                                0.000     0.000 r  clk (IN)
                         net (fo=0)                   0.000     0.000    clk
    W5                   IBUF (Prop_ibuf_I_O)         0.226     0.226 r  clk_IBUF_inst/O
                         net (fo=1, routed)           0.631     0.858    clk_IBUF
    BUFGCTRL_X0Y1        BUFG (Prop_bufg_I_O)         0.026     0.884 r  clk_IBUF_BUFG_inst/O
                         net (fo=194, routed)         0.563     1.446    clk_IBUF_BUFG
    SLICE_X33Y44         FDRE                                         r  clk_counter_movement_reg[3]/C
  -------------------------------------------------------------------    -------------------
    SLICE_X33Y44         FDRE (Prop_fdre_C_Q)         0.141     1.587 r  clk_counter_movement_reg[3]/Q
                         net (fo=2, routed)           0.117     1.704    clk_counter_movement_reg[3]
    SLICE_X33Y44         CARRY4 (Prop_carry4_S[3]_O[3])
                                                      0.108     1.812 r  clk_counter_movement_reg[0]_i_2/O[3]
                         net (fo=1, routed)           0.000     1.812    clk_counter_movement_reg[0]_i_2_n_4
    SLICE_X33Y44         FDRE                                         r  clk_counter_movement_reg[3]/D
  -------------------------------------------------------------------    -------------------

                         (clock sys_clk_pin rise edge)
                                                      0.000     0.000 r  
    W5                                                0.000     0.000 r  clk (IN)
                         net (fo=0)                   0.000     0.000    clk
    W5                   IBUF (Prop_ibuf_I_O)         0.414     0.414 r  clk_IBUF_inst/O
                         net (fo=1, routed)           0.685     1.099    clk_IBUF
    BUFGCTRL_X0Y1        BUFG (Prop_bufg_I_O)         0.029     1.128 r  clk_IBUF_BUFG_inst/O
                         net (fo=194, routed)         0.832     1.959    clk_IBUF_BUFG
    SLICE_X33Y44         FDRE                                         r  clk_counter_movement_reg[3]/C
                         clock pessimism             -0.513     1.446    
    SLICE_X33Y44         FDRE (Hold_fdre_C_D)         0.105     1.551    clk_counter_movement_reg[3]
  -------------------------------------------------------------------
                         required time                         -1.551    
                         arrival time                           1.812    
  -------------------------------------------------------------------
                         slack                                  0.261    

Slack (MET) :             0.261ns  (arrival time - required time)
  Source:                 clk_counter_6p25MHz_reg[11]/C
                            (rising edge-triggered cell FDRE clocked by sys_clk_pin  {rise@0.000ns fall@5.000ns period=10.000ns})
  Destination:            clk_counter_6p25MHz_reg[11]/D
                            (rising edge-triggered cell FDRE clocked by sys_clk_pin  {rise@0.000ns fall@5.000ns period=10.000ns})
  Path Group:             sys_clk_pin
  Path Type:              Hold (Min at Fast Process Corner)
  Requirement:            0.000ns  (sys_clk_pin rise@0.000ns - sys_clk_pin rise@0.000ns)
  Data Path Delay:        0.366ns  (logic 0.249ns (67.994%)  route 0.117ns (32.006%))
  Logic Levels:           1  (CARRY4=1)
  Clock Path Skew:        0.000ns (DCD - SCD - CPR)
    Destination Clock Delay (DCD):    1.963ns
    Source Clock Delay      (SCD):    1.449ns
    Clock Pessimism Removal (CPR):    0.514ns

    Location             Delay type                Incr(ns)  Path(ns)    Netlist Resource(s)
  -------------------------------------------------------------------    -------------------
                         (clock sys_clk_pin rise edge)
                                                      0.000     0.000 r  
    W5                                                0.000     0.000 r  clk (IN)
                         net (fo=0)                   0.000     0.000    clk
    W5                   IBUF (Prop_ibuf_I_O)         0.226     0.226 r  clk_IBUF_inst/O
                         net (fo=1, routed)           0.631     0.858    clk_IBUF
    BUFGCTRL_X0Y1        BUFG (Prop_bufg_I_O)         0.026     0.884 r  clk_IBUF_BUFG_inst/O
                         net (fo=194, routed)         0.566     1.449    clk_IBUF_BUFG
    SLICE_X13Y44         FDRE                                         r  clk_counter_6p25MHz_reg[11]/C
  -------------------------------------------------------------------    -------------------
    SLICE_X13Y44         FDRE (Prop_fdre_C_Q)         0.141     1.590 r  clk_counter_6p25MHz_reg[11]/Q
                         net (fo=2, routed)           0.117     1.707    clk_counter_6p25MHz_reg[11]
    SLICE_X13Y44         CARRY4 (Prop_carry4_S[3]_O[3])
                                                      0.108     1.815 r  clk_counter_6p25MHz_reg[8]_i_1/O[3]
                         net (fo=1, routed)           0.000     1.815    clk_counter_6p25MHz_reg[8]_i_1_n_4
    SLICE_X13Y44         FDRE                                         r  clk_counter_6p25MHz_reg[11]/D
  -------------------------------------------------------------------    -------------------

                         (clock sys_clk_pin rise edge)
                                                      0.000     0.000 r  
    W5                                                0.000     0.000 r  clk (IN)
                         net (fo=0)                   0.000     0.000    clk
    W5                   IBUF (Prop_ibuf_I_O)         0.414     0.414 r  clk_IBUF_inst/O
                         net (fo=1, routed)           0.685     1.099    clk_IBUF
    BUFGCTRL_X0Y1        BUFG (Prop_bufg_I_O)         0.029     1.128 r  clk_IBUF_BUFG_inst/O
                         net (fo=194, routed)         0.836     1.963    clk_IBUF_BUFG
    SLICE_X13Y44         FDRE                                         r  clk_counter_6p25MHz_reg[11]/C
                         clock pessimism             -0.514     1.449    
    SLICE_X13Y44         FDRE (Hold_fdre_C_D)         0.105     1.554    clk_counter_6p25MHz_reg[11]
  -------------------------------------------------------------------
                         required time                         -1.554    
                         arrival time                           1.815    
  -------------------------------------------------------------------
                         slack                                  0.261    

Slack (MET) :             0.261ns  (arrival time - required time)
  Source:                 clk_counter_6p25MHz_reg[7]/C
                            (rising edge-triggered cell FDRE clocked by sys_clk_pin  {rise@0.000ns fall@5.000ns period=10.000ns})
  Destination:            clk_counter_6p25MHz_reg[7]/D
                            (rising edge-triggered cell FDRE clocked by sys_clk_pin  {rise@0.000ns fall@5.000ns period=10.000ns})
  Path Group:             sys_clk_pin
  Path Type:              Hold (Min at Fast Process Corner)
  Requirement:            0.000ns  (sys_clk_pin rise@0.000ns - sys_clk_pin rise@0.000ns)
  Data Path Delay:        0.366ns  (logic 0.249ns (67.994%)  route 0.117ns (32.006%))
  Logic Levels:           1  (CARRY4=1)
  Clock Path Skew:        0.000ns (DCD - SCD - CPR)
    Destination Clock Delay (DCD):    1.963ns
    Source Clock Delay      (SCD):    1.449ns
    Clock Pessimism Removal (CPR):    0.514ns

    Location             Delay type                Incr(ns)  Path(ns)    Netlist Resource(s)
  -------------------------------------------------------------------    -------------------
                         (clock sys_clk_pin rise edge)
                                                      0.000     0.000 r  
    W5                                                0.000     0.000 r  clk (IN)
                         net (fo=0)                   0.000     0.000    clk
    W5                   IBUF (Prop_ibuf_I_O)         0.226     0.226 r  clk_IBUF_inst/O
                         net (fo=1, routed)           0.631     0.858    clk_IBUF
    BUFGCTRL_X0Y1        BUFG (Prop_bufg_I_O)         0.026     0.884 r  clk_IBUF_BUFG_inst/O
                         net (fo=194, routed)         0.566     1.449    clk_IBUF_BUFG
    SLICE_X13Y43         FDRE                                         r  clk_counter_6p25MHz_reg[7]/C
  -------------------------------------------------------------------    -------------------
    SLICE_X13Y43         FDRE (Prop_fdre_C_Q)         0.141     1.590 r  clk_counter_6p25MHz_reg[7]/Q
                         net (fo=2, routed)           0.117     1.707    clk_counter_6p25MHz_reg[7]
    SLICE_X13Y43         CARRY4 (Prop_carry4_S[3]_O[3])
                                                      0.108     1.815 r  clk_counter_6p25MHz_reg[4]_i_1/O[3]
                         net (fo=1, routed)           0.000     1.815    clk_counter_6p25MHz_reg[4]_i_1_n_4
    SLICE_X13Y43         FDRE                                         r  clk_counter_6p25MHz_reg[7]/D
  -------------------------------------------------------------------    -------------------

                         (clock sys_clk_pin rise edge)
                                                      0.000     0.000 r  
    W5                                                0.000     0.000 r  clk (IN)
                         net (fo=0)                   0.000     0.000    clk
    W5                   IBUF (Prop_ibuf_I_O)         0.414     0.414 r  clk_IBUF_inst/O
                         net (fo=1, routed)           0.685     1.099    clk_IBUF
    BUFGCTRL_X0Y1        BUFG (Prop_bufg_I_O)         0.029     1.128 r  clk_IBUF_BUFG_inst/O
                         net (fo=194, routed)         0.836     1.963    clk_IBUF_BUFG
    SLICE_X13Y43         FDRE                                         r  clk_counter_6p25MHz_reg[7]/C
                         clock pessimism             -0.514     1.449    
    SLICE_X13Y43         FDRE (Hold_fdre_C_D)         0.105     1.554    clk_counter_6p25MHz_reg[7]
  -------------------------------------------------------------------
                         required time                         -1.554    
                         arrival time                           1.815    
  -------------------------------------------------------------------
                         slack                                  0.261    

Slack (MET) :             0.261ns  (arrival time - required time)
  Source:                 clk_counter_movement_reg[15]/C
                            (rising edge-triggered cell FDRE clocked by sys_clk_pin  {rise@0.000ns fall@5.000ns period=10.000ns})
  Destination:            clk_counter_movement_reg[15]/D
                            (rising edge-triggered cell FDRE clocked by sys_clk_pin  {rise@0.000ns fall@5.000ns period=10.000ns})
  Path Group:             sys_clk_pin
  Path Type:              Hold (Min at Fast Process Corner)
  Requirement:            0.000ns  (sys_clk_pin rise@0.000ns - sys_clk_pin rise@0.000ns)
  Data Path Delay:        0.366ns  (logic 0.249ns (67.994%)  route 0.117ns (32.006%))
  Logic Levels:           1  (CARRY4=1)
  Clock Path Skew:        0.000ns (DCD - SCD - CPR)
    Destination Clock Delay (DCD):    1.960ns
    Source Clock Delay      (SCD):    1.447ns
    Clock Pessimism Removal (CPR):    0.513ns

    Location             Delay type                Incr(ns)  Path(ns)    Netlist Resource(s)
  -------------------------------------------------------------------    -------------------
                         (clock sys_clk_pin rise edge)
                                                      0.000     0.000 r  
    W5                                                0.000     0.000 r  clk (IN)
                         net (fo=0)                   0.000     0.000    clk
    W5                   IBUF (Prop_ibuf_I_O)         0.226     0.226 r  clk_IBUF_inst/O
                         net (fo=1, routed)           0.631     0.858    clk_IBUF
    BUFGCTRL_X0Y1        BUFG (Prop_bufg_I_O)         0.026     0.884 r  clk_IBUF_BUFG_inst/O
                         net (fo=194, routed)         0.564     1.447    clk_IBUF_BUFG
    SLICE_X33Y47         FDRE                                         r  clk_counter_movement_reg[15]/C
  -------------------------------------------------------------------    -------------------
    SLICE_X33Y47         FDRE (Prop_fdre_C_Q)         0.141     1.588 r  clk_counter_movement_reg[15]/Q
                         net (fo=2, routed)           0.117     1.705    clk_counter_movement_reg[15]
    SLICE_X33Y47         CARRY4 (Prop_carry4_S[3]_O[3])
                                                      0.108     1.813 r  clk_counter_movement_reg[12]_i_1/O[3]
                         net (fo=1, routed)           0.000     1.813    clk_counter_movement_reg[12]_i_1_n_4
    SLICE_X33Y47         FDRE                                         r  clk_counter_movement_reg[15]/D
  -------------------------------------------------------------------    -------------------

                         (clock sys_clk_pin rise edge)
                                                      0.000     0.000 r  
    W5                                                0.000     0.000 r  clk (IN)
                         net (fo=0)                   0.000     0.000    clk
    W5                   IBUF (Prop_ibuf_I_O)         0.414     0.414 r  clk_IBUF_inst/O
                         net (fo=1, routed)           0.685     1.099    clk_IBUF
    BUFGCTRL_X0Y1        BUFG (Prop_bufg_I_O)         0.029     1.128 r  clk_IBUF_BUFG_inst/O
                         net (fo=194, routed)         0.833     1.960    clk_IBUF_BUFG
    SLICE_X33Y47         FDRE                                         r  clk_counter_movement_reg[15]/C
                         clock pessimism             -0.513     1.447    
    SLICE_X33Y47         FDRE (Hold_fdre_C_D)         0.105     1.552    clk_counter_movement_reg[15]
  -------------------------------------------------------------------
                         required time                         -1.552    
                         arrival time                           1.813    
  -------------------------------------------------------------------
                         slack                                  0.261    

Slack (MET) :             0.262ns  (arrival time - required time)
  Source:                 clk_counter_6p25MHz_reg[15]/C
                            (rising edge-triggered cell FDRE clocked by sys_clk_pin  {rise@0.000ns fall@5.000ns period=10.000ns})
  Destination:            clk_counter_6p25MHz_reg[15]/D
                            (rising edge-triggered cell FDRE clocked by sys_clk_pin  {rise@0.000ns fall@5.000ns period=10.000ns})
  Path Group:             sys_clk_pin
  Path Type:              Hold (Min at Fast Process Corner)
  Requirement:            0.000ns  (sys_clk_pin rise@0.000ns - sys_clk_pin rise@0.000ns)
  Data Path Delay:        0.367ns  (logic 0.249ns (67.829%)  route 0.118ns (32.171%))
  Logic Levels:           1  (CARRY4=1)
  Clock Path Skew:        0.000ns (DCD - SCD - CPR)
    Destination Clock Delay (DCD):    1.963ns
    Source Clock Delay      (SCD):    1.449ns
    Clock Pessimism Removal (CPR):    0.514ns

    Location             Delay type                Incr(ns)  Path(ns)    Netlist Resource(s)
  -------------------------------------------------------------------    -------------------
                         (clock sys_clk_pin rise edge)
                                                      0.000     0.000 r  
    W5                                                0.000     0.000 r  clk (IN)
                         net (fo=0)                   0.000     0.000    clk
    W5                   IBUF (Prop_ibuf_I_O)         0.226     0.226 r  clk_IBUF_inst/O
                         net (fo=1, routed)           0.631     0.858    clk_IBUF
    BUFGCTRL_X0Y1        BUFG (Prop_bufg_I_O)         0.026     0.884 r  clk_IBUF_BUFG_inst/O
                         net (fo=194, routed)         0.566     1.449    clk_IBUF_BUFG
    SLICE_X13Y45         FDRE                                         r  clk_counter_6p25MHz_reg[15]/C
  -------------------------------------------------------------------    -------------------
    SLICE_X13Y45         FDRE (Prop_fdre_C_Q)         0.141     1.590 r  clk_counter_6p25MHz_reg[15]/Q
                         net (fo=2, routed)           0.118     1.708    clk_counter_6p25MHz_reg[15]
    SLICE_X13Y45         CARRY4 (Prop_carry4_S[3]_O[3])
                                                      0.108     1.816 r  clk_counter_6p25MHz_reg[12]_i_1/O[3]
                         net (fo=1, routed)           0.000     1.816    clk_counter_6p25MHz_reg[12]_i_1_n_4
    SLICE_X13Y45         FDRE                                         r  clk_counter_6p25MHz_reg[15]/D
  -------------------------------------------------------------------    -------------------

                         (clock sys_clk_pin rise edge)
                                                      0.000     0.000 r  
    W5                                                0.000     0.000 r  clk (IN)
                         net (fo=0)                   0.000     0.000    clk
    W5                   IBUF (Prop_ibuf_I_O)         0.414     0.414 r  clk_IBUF_inst/O
                         net (fo=1, routed)           0.685     1.099    clk_IBUF
    BUFGCTRL_X0Y1        BUFG (Prop_bufg_I_O)         0.029     1.128 r  clk_IBUF_BUFG_inst/O
                         net (fo=194, routed)         0.836     1.963    clk_IBUF_BUFG
    SLICE_X13Y45         FDRE                                         r  clk_counter_6p25MHz_reg[15]/C
                         clock pessimism             -0.514     1.449    
    SLICE_X13Y45         FDRE (Hold_fdre_C_D)         0.105     1.554    clk_counter_6p25MHz_reg[15]
  -------------------------------------------------------------------
                         required time                         -1.554    
                         arrival time                           1.816    
  -------------------------------------------------------------------
                         slack                                  0.262    

Slack (MET) :             0.263ns  (arrival time - required time)
  Source:                 clk_counter_movement_reg[19]/C
                            (rising edge-triggered cell FDRE clocked by sys_clk_pin  {rise@0.000ns fall@5.000ns period=10.000ns})
  Destination:            clk_counter_movement_reg[19]/D
                            (rising edge-triggered cell FDRE clocked by sys_clk_pin  {rise@0.000ns fall@5.000ns period=10.000ns})
  Path Group:             sys_clk_pin
  Path Type:              Hold (Min at Fast Process Corner)
  Requirement:            0.000ns  (sys_clk_pin rise@0.000ns - sys_clk_pin rise@0.000ns)
  Data Path Delay:        0.368ns  (logic 0.249ns (67.612%)  route 0.119ns (32.388%))
  Logic Levels:           1  (CARRY4=1)
  Clock Path Skew:        0.000ns (DCD - SCD - CPR)
    Destination Clock Delay (DCD):    1.960ns
    Source Clock Delay      (SCD):    1.447ns
    Clock Pessimism Removal (CPR):    0.513ns

    Location             Delay type                Incr(ns)  Path(ns)    Netlist Resource(s)
  -------------------------------------------------------------------    -------------------
                         (clock sys_clk_pin rise edge)
                                                      0.000     0.000 r  
    W5                                                0.000     0.000 r  clk (IN)
                         net (fo=0)                   0.000     0.000    clk
    W5                   IBUF (Prop_ibuf_I_O)         0.226     0.226 r  clk_IBUF_inst/O
                         net (fo=1, routed)           0.631     0.858    clk_IBUF
    BUFGCTRL_X0Y1        BUFG (Prop_bufg_I_O)         0.026     0.884 r  clk_IBUF_BUFG_inst/O
                         net (fo=194, routed)         0.564     1.447    clk_IBUF_BUFG
    SLICE_X33Y48         FDRE                                         r  clk_counter_movement_reg[19]/C
  -------------------------------------------------------------------    -------------------
    SLICE_X33Y48         FDRE (Prop_fdre_C_Q)         0.141     1.588 r  clk_counter_movement_reg[19]/Q
                         net (fo=2, routed)           0.119     1.707    clk_counter_movement_reg[19]
    SLICE_X33Y48         CARRY4 (Prop_carry4_S[3]_O[3])
                                                      0.108     1.815 r  clk_counter_movement_reg[16]_i_1/O[3]
                         net (fo=1, routed)           0.000     1.815    clk_counter_movement_reg[16]_i_1_n_4
    SLICE_X33Y48         FDRE                                         r  clk_counter_movement_reg[19]/D
  -------------------------------------------------------------------    -------------------

                         (clock sys_clk_pin rise edge)
                                                      0.000     0.000 r  
    W5                                                0.000     0.000 r  clk (IN)
                         net (fo=0)                   0.000     0.000    clk
    W5                   IBUF (Prop_ibuf_I_O)         0.414     0.414 r  clk_IBUF_inst/O
                         net (fo=1, routed)           0.685     1.099    clk_IBUF
    BUFGCTRL_X0Y1        BUFG (Prop_bufg_I_O)         0.029     1.128 r  clk_IBUF_BUFG_inst/O
                         net (fo=194, routed)         0.833     1.960    clk_IBUF_BUFG
    SLICE_X33Y48         FDRE                                         r  clk_counter_movement_reg[19]/C
                         clock pessimism             -0.513     1.447    
    SLICE_X33Y48         FDRE (Hold_fdre_C_D)         0.105     1.552    clk_counter_movement_reg[19]
  -------------------------------------------------------------------
                         required time                         -1.552    
                         arrival time                           1.815    
  -------------------------------------------------------------------
                         slack                                  0.263    





Pulse Width Checks
--------------------------------------------------------------------------------------
Clock Name:         sys_clk_pin
Waveform(ns):       { 0.000 5.000 }
Period(ns):         10.000
Sources:            { clk }

Check Type        Corner  Lib Pin  Reference Pin  Required(ns)  Actual(ns)  Slack(ns)  Location       Pin
Min Period        n/a     BUFG/I   n/a            2.155         10.000      7.845      BUFGCTRL_X0Y1  clk_IBUF_BUFG_inst/I
Min Period        n/a     FDRE/C   n/a            1.000         10.000      9.000      SLICE_X2Y18    btnC_sync_reg[0]/C
Min Period        n/a     FDRE/C   n/a            1.000         10.000      9.000      SLICE_X14Y20   btnC_sync_reg[1]/C
Min Period        n/a     FDRE/C   n/a            1.000         10.000      9.000      SLICE_X14Y20   btnC_sync_reg[2]/C
Min Period        n/a     FDRE/C   n/a            1.000         10.000      9.000      SLICE_X0Y14    btnD_sync_reg[0]/C
Min Period        n/a     FDRE/C   n/a            1.000         10.000      9.000      SLICE_X34Y14   btnD_sync_reg[1]/C
Min Period        n/a     FDRE/C   n/a            1.000         10.000      9.000      SLICE_X34Y15   btnD_sync_reg[2]/C
Min Period        n/a     FDRE/C   n/a            1.000         10.000      9.000      SLICE_X3Y15    btnL_sync_reg[0]/C
Min Period        n/a     FDRE/C   n/a            1.000         10.000      9.000      SLICE_X30Y6    btnL_sync_reg[1]/C
Min Period        n/a     FDRE/C   n/a            1.000         10.000      9.000      SLICE_X31Y6    btnL_sync_reg[2]/C
Low Pulse Width   Slow    FDRE/C   n/a            0.500         5.000       4.500      SLICE_X30Y6    btnL_sync_reg[1]/C
Low Pulse Width   Slow    FDRE/C   n/a            0.500         5.000       4.500      SLICE_X31Y6    btnL_sync_reg[2]/C
Low Pulse Width   Slow    FDCE/C   n/a            0.500         5.000       4.500      SLICE_X31Y5    merge_controller/debounce_down_reg[4]/C
Low Pulse Width   Slow    FDCE/C   n/a            0.500         5.000       4.500      SLICE_X32Y6    merge_controller/debounce_down_reg[8]/C
Low Pulse Width   Slow    FDCE/C   n/a            0.500         5.000       4.500      SLICE_X39Y2    merge_controller/debounce_right_reg[8]/C
Low Pulse Width   Slow    FDCE/C   n/a            0.500         5.000       4.500      SLICE_X39Y3    merge_controller/debounce_right_reg[9]/C
Low Pulse Width   Slow    FDCE/C   n/a            0.500         5.000       4.500      SLICE_X35Y25   merge_controller/FSM_sequential_state_reg[1]/C
Low Pulse Width   Slow    FDCE/C   n/a            0.500         5.000       4.500      SLICE_X30Y1    merge_controller/debounce_up_reg[0]/C
Low Pulse Width   Slow    FDCE/C   n/a            0.500         5.000       4.500      SLICE_X30Y2    merge_controller/debounce_up_reg[11]/C
Low Pulse Width   Slow    FDCE/C   n/a            0.500         5.000       4.500      SLICE_X30Y3    merge_controller/debounce_up_reg[13]/C
High Pulse Width  Slow    FDRE/C   n/a            0.500         5.000       4.500      SLICE_X14Y20   btnC_sync_reg[1]/C
High Pulse Width  Slow    FDRE/C   n/a            0.500         5.000       4.500      SLICE_X14Y20   btnC_sync_reg[2]/C
High Pulse Width  Slow    FDRE/C   n/a            0.500         5.000       4.500      SLICE_X34Y14   btnD_sync_reg[1]/C
High Pulse Width  Slow    FDRE/C   n/a            0.500         5.000       4.500      SLICE_X34Y15   btnD_sync_reg[2]/C
High Pulse Width  Slow    FDRE/C   n/a            0.500         5.000       4.500      SLICE_X3Y15    btnL_sync_reg[0]/C
High Pulse Width  Slow    FDRE/C   n/a            0.500         5.000       4.500      SLICE_X63Y22   display_counter_reg[9]/C
High Pulse Width  Fast    FDRE/C   n/a            0.500         5.000       4.500      SLICE_X5Y15    btnU_sync_reg[0]/C
High Pulse Width  Slow    FDRE/C   n/a            0.500         5.000       4.500      SLICE_X31Y14   btnU_sync_reg[1]/C
High Pulse Width  Slow    FDRE/C   n/a            0.500         5.000       4.500      SLICE_X12Y42   clk_6p25MHz_reg/C
High Pulse Width  Slow    FDRE/C   n/a            0.500         5.000       4.500      SLICE_X13Y42   clk_counter_6p25MHz_reg[0]/C



---------------------------------------------------------------------------------------------------
From Clock:  clk_6p25MHz
  To Clock:  clk_6p25MHz

Setup :            0  Failing Endpoints,  Worst Slack       65.594ns,  Total Violation        0.000ns
Hold  :            0  Failing Endpoints,  Worst Slack        0.177ns,  Total Violation        0.000ns
PW    :            0  Failing Endpoints,  Worst Slack       79.500ns,  Total Violation        0.000ns
---------------------------------------------------------------------------------------------------


Max Delay Paths
--------------------------------------------------------------------------------------
Slack (MET) :             65.594ns  (required time - arrival time)
  Source:                 oled_display/FSM_onehot_state_reg[13]/C
                            (falling edge-triggered cell FDRE clocked by clk_6p25MHz  {rise@0.000ns fall@80.000ns period=160.000ns})
  Destination:            JC[4]
                            (output port clocked by clk_6p25MHz  {rise@0.000ns fall@80.000ns period=160.000ns})
  Path Group:             clk_6p25MHz
  Path Type:              Max at Slow Process Corner
  Requirement:            80.000ns  (clk_6p25MHz rise@160.000ns - clk_6p25MHz fall@80.000ns)
  Data Path Delay:        8.447ns  (logic 4.186ns (49.555%)  route 4.261ns (50.445%))
  Logic Levels:           1  (OBUF=1)
  Output Delay:           3.000ns
  Clock Path Skew:        -2.924ns (DCD - SCD + CPR)
    Destination Clock Delay (DCD):    5.208ns = ( 165.208 - 160.000 ) 
    Source Clock Delay      (SCD):    8.531ns = ( 88.531 - 80.000 ) 
    Clock Pessimism Removal (CPR):    0.399ns
  Clock Uncertainty:      0.035ns  ((TSJ^2 + TIJ^2)^1/2 + DJ) / 2 + PE
    Total System Jitter     (TSJ):    0.071ns
    Total Input Jitter      (TIJ):    0.000ns
    Discrete Jitter          (DJ):    0.000ns
    Phase Error              (PE):    0.000ns

    Location             Delay type                Incr(ns)  Path(ns)    Netlist Resource(s)
  -------------------------------------------------------------------    -------------------
                         (clock clk_6p25MHz fall edge)
                                                     80.000    80.000 f  
    W5                                                0.000    80.000 r  clk (IN)
                         net (fo=0)                   0.000    80.000    clk
    W5                   IBUF (Prop_ibuf_I_O)         1.458    81.458 r  clk_IBUF_inst/O
                         net (fo=1, routed)           1.967    83.425    clk_IBUF
    BUFGCTRL_X0Y1        BUFG (Prop_bufg_I_O)         0.096    83.521 r  clk_IBUF_BUFG_inst/O
                         net (fo=194, routed)         1.568    85.089    clk_IBUF_BUFG
    SLICE_X12Y42         FDRE (Prop_fdre_C_Q)         0.518    85.607 f  clk_6p25MHz_reg/Q
                         net (fo=3, routed)           1.188    86.796    clk_6p25MHz
    BUFGCTRL_X0Y2        BUFG (Prop_bufg_I_O)         0.096    86.892 f  clk_6p25MHz_BUFG_inst/O
                         net (fo=115, routed)         1.639    88.531    oled_display/CLK
    SLICE_X2Y1           FDRE                                         r  oled_display/FSM_onehot_state_reg[13]/C  (IS_INVERTED)
  -------------------------------------------------------------------    -------------------
    SLICE_X2Y1           FDRE (Prop_fdre_C_Q)         0.484    89.015 r  oled_display/FSM_onehot_state_reg[13]/Q
                         net (fo=131, routed)         4.261    93.276    JC_OBUF[4]
    L17                  OBUF (Prop_obuf_I_O)         3.702    96.978 r  JC_OBUF[4]_inst/O
                         net (fo=0)                   0.000    96.978    JC[4]
    L17                                                               r  JC[4] (OUT)
  -------------------------------------------------------------------    -------------------

                         (clock clk_6p25MHz rise edge)
                                                    160.000   160.000 r  
    W5                                                0.000   160.000 r  clk (IN)
                         net (fo=0)                   0.000   160.000    clk
    W5                   IBUF (Prop_ibuf_I_O)         1.388   161.388 r  clk_IBUF_inst/O
                         net (fo=1, routed)           1.862   163.250    clk_IBUF
    BUFGCTRL_X0Y1        BUFG (Prop_bufg_I_O)         0.091   163.341 r  clk_IBUF_BUFG_inst/O
                         net (fo=194, routed)         1.449   164.790    clk_IBUF_BUFG
    SLICE_X12Y42         FDRE (Prop_fdre_C_Q)         0.418   165.208 r  clk_6p25MHz_reg/Q
                         clock pessimism              0.399   165.607    
                         clock uncertainty           -0.035   165.572    
                         output delay                -3.000   162.572    
  -------------------------------------------------------------------
                         required time                        162.572    
                         arrival time                         -96.978    
  -------------------------------------------------------------------
                         slack                                 65.594    

Slack (MET) :             65.906ns  (required time - arrival time)
  Source:                 oled_display/spi_word_bit_count_reg[2]/C
                            (falling edge-triggered cell FDRE clocked by clk_6p25MHz  {rise@0.000ns fall@80.000ns period=160.000ns})
  Destination:            JC[1]
                            (output port clocked by clk_6p25MHz  {rise@0.000ns fall@80.000ns period=160.000ns})
  Path Group:             clk_6p25MHz
  Path Type:              Max at Slow Process Corner
  Requirement:            80.000ns  (clk_6p25MHz rise@160.000ns - clk_6p25MHz fall@80.000ns)
  Data Path Delay:        8.153ns  (logic 4.513ns (55.354%)  route 3.640ns (44.646%))
  Logic Levels:           3  (LUT3=1 LUT5=1 OBUF=1)
  Output Delay:           3.000ns
  Clock Path Skew:        -2.906ns (DCD - SCD + CPR)
    Destination Clock Delay (DCD):    5.208ns = ( 165.208 - 160.000 ) 
    Source Clock Delay      (SCD):    8.513ns = ( 88.513 - 80.000 ) 
    Clock Pessimism Removal (CPR):    0.399ns
  Clock Uncertainty:      0.035ns  ((TSJ^2 + TIJ^2)^1/2 + DJ) / 2 + PE
    Total System Jitter     (TSJ):    0.071ns
    Total Input Jitter      (TIJ):    0.000ns
    Discrete Jitter          (DJ):    0.000ns
    Phase Error              (PE):    0.000ns

    Location             Delay type                Incr(ns)  Path(ns)    Netlist Resource(s)
  -------------------------------------------------------------------    -------------------
                         (clock clk_6p25MHz fall edge)
                                                     80.000    80.000 f  
    W5                                                0.000    80.000 r  clk (IN)
                         net (fo=0)                   0.000    80.000    clk
    W5                   IBUF (Prop_ibuf_I_O)         1.458    81.458 r  clk_IBUF_inst/O
                         net (fo=1, routed)           1.967    83.425    clk_IBUF
    BUFGCTRL_X0Y1        BUFG (Prop_bufg_I_O)         0.096    83.521 r  clk_IBUF_BUFG_inst/O
                         net (fo=194, routed)         1.568    85.089    clk_IBUF_BUFG
    SLICE_X12Y42         FDRE (Prop_fdre_C_Q)         0.518    85.607 f  clk_6p25MHz_reg/Q
                         net (fo=3, routed)           1.188    86.796    clk_6p25MHz
    BUFGCTRL_X0Y2        BUFG (Prop_bufg_I_O)         0.096    86.892 f  clk_6p25MHz_BUFG_inst/O
                         net (fo=115, routed)         1.621    88.513    oled_display/CLK
    SLICE_X2Y22          FDRE                                         r  oled_display/spi_word_bit_count_reg[2]/C  (IS_INVERTED)
  -------------------------------------------------------------------    -------------------
    SLICE_X2Y22          FDRE (Prop_fdre_C_Q)         0.524    89.037 r  oled_display/spi_word_bit_count_reg[2]/Q
                         net (fo=21, routed)          1.042    90.079    oled_display/spi_word_bit_count_reg__0[2]
    SLICE_X1Y24          LUT3 (Prop_lut3_I2_O)        0.149    90.228 f  oled_display/JC_OBUF[3]_inst_i_2/O
                         net (fo=4, routed)           0.858    91.085    oled_display/JC_OBUF[3]_inst_i_2_n_0
    SLICE_X2Y24          LUT5 (Prop_lut5_I1_O)        0.332    91.417 r  oled_display/JC_OBUF[1]_inst_i_1/O
                         net (fo=1, routed)           1.740    93.158    JC_OBUF[1]
    M18                  OBUF (Prop_obuf_I_O)         3.508    96.666 r  JC_OBUF[1]_inst/O
                         net (fo=0)                   0.000    96.666    JC[1]
    M18                                                               r  JC[1] (OUT)
  -------------------------------------------------------------------    -------------------

                         (clock clk_6p25MHz rise edge)
                                                    160.000   160.000 r  
    W5                                                0.000   160.000 r  clk (IN)
                         net (fo=0)                   0.000   160.000    clk
    W5                   IBUF (Prop_ibuf_I_O)         1.388   161.388 r  clk_IBUF_inst/O
                         net (fo=1, routed)           1.862   163.250    clk_IBUF
    BUFGCTRL_X0Y1        BUFG (Prop_bufg_I_O)         0.091   163.341 r  clk_IBUF_BUFG_inst/O
                         net (fo=194, routed)         1.449   164.790    clk_IBUF_BUFG
    SLICE_X12Y42         FDRE (Prop_fdre_C_Q)         0.418   165.208 r  clk_6p25MHz_reg/Q
                         clock pessimism              0.399   165.607    
                         clock uncertainty           -0.035   165.572    
                         output delay                -3.000   162.572    
  -------------------------------------------------------------------
                         required time                        162.572    
                         arrival time                         -96.666    
  -------------------------------------------------------------------
                         slack                                 65.906    

Slack (MET) :             66.102ns  (required time - arrival time)
  Source:                 oled_display/FSM_onehot_state_reg[15]/C
                            (falling edge-triggered cell FDRE clocked by clk_6p25MHz  {rise@0.000ns fall@80.000ns period=160.000ns})
  Destination:            JC[6]
                            (output port clocked by clk_6p25MHz  {rise@0.000ns fall@80.000ns period=160.000ns})
  Path Group:             clk_6p25MHz
  Path Type:              Max at Slow Process Corner
  Requirement:            80.000ns  (clk_6p25MHz rise@160.000ns - clk_6p25MHz fall@80.000ns)
  Data Path Delay:        7.939ns  (logic 4.269ns (53.766%)  route 3.671ns (46.234%))
  Logic Levels:           3  (LUT2=1 LUT6=1 OBUF=1)
  Output Delay:           3.000ns
  Clock Path Skew:        -2.924ns (DCD - SCD + CPR)
    Destination Clock Delay (DCD):    5.208ns = ( 165.208 - 160.000 ) 
    Source Clock Delay      (SCD):    8.531ns = ( 88.531 - 80.000 ) 
    Clock Pessimism Removal (CPR):    0.399ns
  Clock Uncertainty:      0.035ns  ((TSJ^2 + TIJ^2)^1/2 + DJ) / 2 + PE
    Total System Jitter     (TSJ):    0.071ns
    Total Input Jitter      (TIJ):    0.000ns
    Discrete Jitter          (DJ):    0.000ns
    Phase Error              (PE):    0.000ns

    Location             Delay type                Incr(ns)  Path(ns)    Netlist Resource(s)
  -------------------------------------------------------------------    -------------------
                         (clock clk_6p25MHz fall edge)
                                                     80.000    80.000 f  
    W5                                                0.000    80.000 r  clk (IN)
                         net (fo=0)                   0.000    80.000    clk
    W5                   IBUF (Prop_ibuf_I_O)         1.458    81.458 r  clk_IBUF_inst/O
                         net (fo=1, routed)           1.967    83.425    clk_IBUF
    BUFGCTRL_X0Y1        BUFG (Prop_bufg_I_O)         0.096    83.521 r  clk_IBUF_BUFG_inst/O
                         net (fo=194, routed)         1.568    85.089    clk_IBUF_BUFG
    SLICE_X12Y42         FDRE (Prop_fdre_C_Q)         0.518    85.607 f  clk_6p25MHz_reg/Q
                         net (fo=3, routed)           1.188    86.796    clk_6p25MHz
    BUFGCTRL_X0Y2        BUFG (Prop_bufg_I_O)         0.096    86.892 f  clk_6p25MHz_BUFG_inst/O
                         net (fo=115, routed)         1.639    88.531    oled_display/CLK
    SLICE_X2Y1           FDRE                                         r  oled_display/FSM_onehot_state_reg[15]/C  (IS_INVERTED)
  -------------------------------------------------------------------    -------------------
    SLICE_X2Y1           FDRE (Prop_fdre_C_Q)         0.524    89.055 r  oled_display/FSM_onehot_state_reg[15]/Q
                         net (fo=3, routed)           0.685    89.740    oled_display/FSM_onehot_state_reg_n_0_[15]
    SLICE_X2Y1           LUT2 (Prop_lut2_I1_O)        0.124    89.864 r  oled_display/JC_OBUF[6]_inst_i_2/O
                         net (fo=2, routed)           0.682    90.546    oled_display/JC_OBUF[6]_inst_i_2_n_0
    SLICE_X2Y1           LUT6 (Prop_lut6_I4_O)        0.124    90.670 r  oled_display/JC_OBUF[6]_inst_i_1/O
                         net (fo=1, routed)           2.304    92.974    JC_OBUF[6]
    P17                  OBUF (Prop_obuf_I_O)         3.497    96.470 r  JC_OBUF[6]_inst/O
                         net (fo=0)                   0.000    96.470    JC[6]
    P17                                                               r  JC[6] (OUT)
  -------------------------------------------------------------------    -------------------

                         (clock clk_6p25MHz rise edge)
                                                    160.000   160.000 r  
    W5                                                0.000   160.000 r  clk (IN)
                         net (fo=0)                   0.000   160.000    clk
    W5                   IBUF (Prop_ibuf_I_O)         1.388   161.388 r  clk_IBUF_inst/O
                         net (fo=1, routed)           1.862   163.250    clk_IBUF
    BUFGCTRL_X0Y1        BUFG (Prop_bufg_I_O)         0.091   163.341 r  clk_IBUF_BUFG_inst/O
                         net (fo=194, routed)         1.449   164.790    clk_IBUF_BUFG
    SLICE_X12Y42         FDRE (Prop_fdre_C_Q)         0.418   165.208 r  clk_6p25MHz_reg/Q
                         clock pessimism              0.399   165.607    
                         clock uncertainty           -0.035   165.572    
                         output delay                -3.000   162.572    
  -------------------------------------------------------------------
                         required time                        162.572    
                         arrival time                         -96.470    
  -------------------------------------------------------------------
                         slack                                 66.102    

Slack (MET) :             66.317ns  (required time - arrival time)
  Source:                 oled_display/spi_word_bit_count_reg[2]/C
                            (falling edge-triggered cell FDRE clocked by clk_6p25MHz  {rise@0.000ns fall@80.000ns period=160.000ns})
  Destination:            JC[3]
                            (output port clocked by clk_6p25MHz  {rise@0.000ns fall@80.000ns period=160.000ns})
  Path Group:             clk_6p25MHz
  Path Type:              Max at Slow Process Corner
  Requirement:            80.000ns  (clk_6p25MHz rise@160.000ns - clk_6p25MHz fall@80.000ns)
  Data Path Delay:        7.742ns  (logic 4.519ns (58.373%)  route 3.223ns (41.627%))
  Logic Levels:           3  (LUT3=1 LUT5=1 OBUF=1)
  Output Delay:           3.000ns
  Clock Path Skew:        -2.906ns (DCD - SCD + CPR)
    Destination Clock Delay (DCD):    5.208ns = ( 165.208 - 160.000 ) 
    Source Clock Delay      (SCD):    8.513ns = ( 88.513 - 80.000 ) 
    Clock Pessimism Removal (CPR):    0.399ns
  Clock Uncertainty:      0.035ns  ((TSJ^2 + TIJ^2)^1/2 + DJ) / 2 + PE
    Total System Jitter     (TSJ):    0.071ns
    Total Input Jitter      (TIJ):    0.000ns
    Discrete Jitter          (DJ):    0.000ns
    Phase Error              (PE):    0.000ns

    Location             Delay type                Incr(ns)  Path(ns)    Netlist Resource(s)
  -------------------------------------------------------------------    -------------------
                         (clock clk_6p25MHz fall edge)
                                                     80.000    80.000 f  
    W5                                                0.000    80.000 r  clk (IN)
                         net (fo=0)                   0.000    80.000    clk
    W5                   IBUF (Prop_ibuf_I_O)         1.458    81.458 r  clk_IBUF_inst/O
                         net (fo=1, routed)           1.967    83.425    clk_IBUF
    BUFGCTRL_X0Y1        BUFG (Prop_bufg_I_O)         0.096    83.521 r  clk_IBUF_BUFG_inst/O
                         net (fo=194, routed)         1.568    85.089    clk_IBUF_BUFG
    SLICE_X12Y42         FDRE (Prop_fdre_C_Q)         0.518    85.607 f  clk_6p25MHz_reg/Q
                         net (fo=3, routed)           1.188    86.796    clk_6p25MHz
    BUFGCTRL_X0Y2        BUFG (Prop_bufg_I_O)         0.096    86.892 f  clk_6p25MHz_BUFG_inst/O
                         net (fo=115, routed)         1.621    88.513    oled_display/CLK
    SLICE_X2Y22          FDRE                                         r  oled_display/spi_word_bit_count_reg[2]/C  (IS_INVERTED)
  -------------------------------------------------------------------    -------------------
    SLICE_X2Y22          FDRE (Prop_fdre_C_Q)         0.524    89.037 f  oled_display/spi_word_bit_count_reg[2]/Q
                         net (fo=21, routed)          1.042    90.079    oled_display/spi_word_bit_count_reg__0[2]
    SLICE_X1Y24          LUT3 (Prop_lut3_I2_O)        0.149    90.228 r  oled_display/JC_OBUF[3]_inst_i_2/O
                         net (fo=4, routed)           0.363    90.591    oled_display/JC_OBUF[3]_inst_i_2_n_0
    SLICE_X2Y23          LUT5 (Prop_lut5_I1_O)        0.332    90.923 r  oled_display/JC_OBUF[3]_inst_i_1/O
                         net (fo=1, routed)           1.818    92.741    JC_OBUF[3]
    P18                  OBUF (Prop_obuf_I_O)         3.514    96.255 r  JC_OBUF[3]_inst/O
                         net (fo=0)                   0.000    96.255    JC[3]
    P18                                                               r  JC[3] (OUT)
  -------------------------------------------------------------------    -------------------

                         (clock clk_6p25MHz rise edge)
                                                    160.000   160.000 r  
    W5                                                0.000   160.000 r  clk (IN)
                         net (fo=0)                   0.000   160.000    clk
    W5                   IBUF (Prop_ibuf_I_O)         1.388   161.388 r  clk_IBUF_inst/O
                         net (fo=1, routed)           1.862   163.250    clk_IBUF
    BUFGCTRL_X0Y1        BUFG (Prop_bufg_I_O)         0.091   163.341 r  clk_IBUF_BUFG_inst/O
                         net (fo=194, routed)         1.449   164.790    clk_IBUF_BUFG
    SLICE_X12Y42         FDRE (Prop_fdre_C_Q)         0.418   165.208 r  clk_6p25MHz_reg/Q
                         clock pessimism              0.399   165.607    
                         clock uncertainty           -0.035   165.572    
                         output delay                -3.000   162.572    
  -------------------------------------------------------------------
                         required time                        162.572    
                         arrival time                         -96.255    
  -------------------------------------------------------------------
                         slack                                 66.317    

Slack (MET) :             66.613ns  (required time - arrival time)
  Source:                 oled_display/FSM_onehot_state_reg[20]/C
                            (falling edge-triggered cell FDRE clocked by clk_6p25MHz  {rise@0.000ns fall@80.000ns period=160.000ns})
  Destination:            JC[5]
                            (output port clocked by clk_6p25MHz  {rise@0.000ns fall@80.000ns period=160.000ns})
  Path Group:             clk_6p25MHz
  Path Type:              Max at Slow Process Corner
  Requirement:            80.000ns  (clk_6p25MHz rise@160.000ns - clk_6p25MHz fall@80.000ns)
  Data Path Delay:        7.428ns  (logic 4.102ns (55.224%)  route 3.326ns (44.776%))
  Logic Levels:           2  (LUT1=1 OBUF=1)
  Output Delay:           3.000ns
  Clock Path Skew:        -2.924ns (DCD - SCD + CPR)
    Destination Clock Delay (DCD):    5.208ns = ( 165.208 - 160.000 ) 
    Source Clock Delay      (SCD):    8.531ns = ( 88.531 - 80.000 ) 
    Clock Pessimism Removal (CPR):    0.399ns
  Clock Uncertainty:      0.035ns  ((TSJ^2 + TIJ^2)^1/2 + DJ) / 2 + PE
    Total System Jitter     (TSJ):    0.071ns
    Total Input Jitter      (TIJ):    0.000ns
    Discrete Jitter          (DJ):    0.000ns
    Phase Error              (PE):    0.000ns

    Location             Delay type                Incr(ns)  Path(ns)    Netlist Resource(s)
  -------------------------------------------------------------------    -------------------
                         (clock clk_6p25MHz fall edge)
                                                     80.000    80.000 f  
    W5                                                0.000    80.000 r  clk (IN)
                         net (fo=0)                   0.000    80.000    clk
    W5                   IBUF (Prop_ibuf_I_O)         1.458    81.458 r  clk_IBUF_inst/O
                         net (fo=1, routed)           1.967    83.425    clk_IBUF
    BUFGCTRL_X0Y1        BUFG (Prop_bufg_I_O)         0.096    83.521 r  clk_IBUF_BUFG_inst/O
                         net (fo=194, routed)         1.568    85.089    clk_IBUF_BUFG
    SLICE_X12Y42         FDRE (Prop_fdre_C_Q)         0.518    85.607 f  clk_6p25MHz_reg/Q
                         net (fo=3, routed)           1.188    86.796    clk_6p25MHz
    BUFGCTRL_X0Y2        BUFG (Prop_bufg_I_O)         0.096    86.892 f  clk_6p25MHz_BUFG_inst/O
                         net (fo=115, routed)         1.639    88.531    oled_display/CLK
    SLICE_X0Y2           FDRE                                         r  oled_display/FSM_onehot_state_reg[20]/C  (IS_INVERTED)
  -------------------------------------------------------------------    -------------------
    SLICE_X0Y2           FDRE (Prop_fdre_C_Q)         0.459    88.990 f  oled_display/FSM_onehot_state_reg[20]/Q
                         net (fo=4, routed)           1.567    90.557    oled_display/FSM_onehot_state_reg_n_0_[20]
    SLICE_X0Y24          LUT1 (Prop_lut1_I0_O)        0.124    90.681 r  oled_display/JC_OBUF[5]_inst_i_1/O
                         net (fo=1, routed)           1.759    92.440    JC_OBUF[5]
    M19                  OBUF (Prop_obuf_I_O)         3.519    95.959 r  JC_OBUF[5]_inst/O
                         net (fo=0)                   0.000    95.959    JC[5]
    M19                                                               r  JC[5] (OUT)
  -------------------------------------------------------------------    -------------------

                         (clock clk_6p25MHz rise edge)
                                                    160.000   160.000 r  
    W5                                                0.000   160.000 r  clk (IN)
                         net (fo=0)                   0.000   160.000    clk
    W5                   IBUF (Prop_ibuf_I_O)         1.388   161.388 r  clk_IBUF_inst/O
                         net (fo=1, routed)           1.862   163.250    clk_IBUF
    BUFGCTRL_X0Y1        BUFG (Prop_bufg_I_O)         0.091   163.341 r  clk_IBUF_BUFG_inst/O
                         net (fo=194, routed)         1.449   164.790    clk_IBUF_BUFG
    SLICE_X12Y42         FDRE (Prop_fdre_C_Q)         0.418   165.208 r  clk_6p25MHz_reg/Q
                         clock pessimism              0.399   165.607    
                         clock uncertainty           -0.035   165.572    
                         output delay                -3.000   162.572    
  -------------------------------------------------------------------
                         required time                        162.572    
                         arrival time                         -95.959    
  -------------------------------------------------------------------
                         slack                                 66.613    

Slack (MET) :             66.786ns  (required time - arrival time)
  Source:                 oled_display/spi_word_bit_count_reg[2]/C
                            (falling edge-triggered cell FDRE clocked by clk_6p25MHz  {rise@0.000ns fall@80.000ns period=160.000ns})
  Destination:            JC[0]
                            (output port clocked by clk_6p25MHz  {rise@0.000ns fall@80.000ns period=160.000ns})
  Path Group:             clk_6p25MHz
  Path Type:              Max at Slow Process Corner
  Requirement:            80.000ns  (clk_6p25MHz rise@160.000ns - clk_6p25MHz fall@80.000ns)
  Data Path Delay:        7.273ns  (logic 4.185ns (57.542%)  route 3.088ns (42.458%))
  Logic Levels:           2  (LUT6=1 OBUF=1)
  Output Delay:           3.000ns
  Clock Path Skew:        -2.906ns (DCD - SCD + CPR)
    Destination Clock Delay (DCD):    5.208ns = ( 165.208 - 160.000 ) 
    Source Clock Delay      (SCD):    8.513ns = ( 88.513 - 80.000 ) 
    Clock Pessimism Removal (CPR):    0.399ns
  Clock Uncertainty:      0.035ns  ((TSJ^2 + TIJ^2)^1/2 + DJ) / 2 + PE
    Total System Jitter     (TSJ):    0.071ns
    Total Input Jitter      (TIJ):    0.000ns
    Discrete Jitter          (DJ):    0.000ns
    Phase Error              (PE):    0.000ns

    Location             Delay type                Incr(ns)  Path(ns)    Netlist Resource(s)
  -------------------------------------------------------------------    -------------------
                         (clock clk_6p25MHz fall edge)
                                                     80.000    80.000 f  
    W5                                                0.000    80.000 r  clk (IN)
                         net (fo=0)                   0.000    80.000    clk
    W5                   IBUF (Prop_ibuf_I_O)         1.458    81.458 r  clk_IBUF_inst/O
                         net (fo=1, routed)           1.967    83.425    clk_IBUF
    BUFGCTRL_X0Y1        BUFG (Prop_bufg_I_O)         0.096    83.521 r  clk_IBUF_BUFG_inst/O
                         net (fo=194, routed)         1.568    85.089    clk_IBUF_BUFG
    SLICE_X12Y42         FDRE (Prop_fdre_C_Q)         0.518    85.607 f  clk_6p25MHz_reg/Q
                         net (fo=3, routed)           1.188    86.796    clk_6p25MHz
    BUFGCTRL_X0Y2        BUFG (Prop_bufg_I_O)         0.096    86.892 f  clk_6p25MHz_BUFG_inst/O
                         net (fo=115, routed)         1.621    88.513    oled_display/CLK
    SLICE_X2Y22          FDRE                                         r  oled_display/spi_word_bit_count_reg[2]/C  (IS_INVERTED)
  -------------------------------------------------------------------    -------------------
    SLICE_X2Y22          FDRE (Prop_fdre_C_Q)         0.524    89.037 f  oled_display/spi_word_bit_count_reg[2]/Q
                         net (fo=21, routed)          1.369    90.406    oled_display/spi_word_bit_count_reg__0[2]
    SLICE_X1Y25          LUT6 (Prop_lut6_I3_O)        0.124    90.530 r  oled_display/JC_OBUF[0]_inst_i_1/O
                         net (fo=1, routed)           1.719    92.249    JC_OBUF[0]
    K17                  OBUF (Prop_obuf_I_O)         3.537    95.786 r  JC_OBUF[0]_inst/O
                         net (fo=0)                   0.000    95.786    JC[0]
    K17                                                               r  JC[0] (OUT)
  -------------------------------------------------------------------    -------------------

                         (clock clk_6p25MHz rise edge)
                                                    160.000   160.000 r  
    W5                                                0.000   160.000 r  clk (IN)
                         net (fo=0)                   0.000   160.000    clk
    W5                   IBUF (Prop_ibuf_I_O)         1.388   161.388 r  clk_IBUF_inst/O
                         net (fo=1, routed)           1.862   163.250    clk_IBUF
    BUFGCTRL_X0Y1        BUFG (Prop_bufg_I_O)         0.091   163.341 r  clk_IBUF_BUFG_inst/O
                         net (fo=194, routed)         1.449   164.790    clk_IBUF_BUFG
    SLICE_X12Y42         FDRE (Prop_fdre_C_Q)         0.418   165.208 r  clk_6p25MHz_reg/Q
                         clock pessimism              0.399   165.607    
                         clock uncertainty           -0.035   165.572    
                         output delay                -3.000   162.572    
  -------------------------------------------------------------------
                         required time                        162.572    
                         arrival time                         -95.786    
  -------------------------------------------------------------------
                         slack                                 66.786    

Slack (MET) :             134.685ns  (required time - arrival time)
  Source:                 oled_display/FSM_onehot_state_reg[13]/C
                            (falling edge-triggered cell FDRE clocked by clk_6p25MHz  {rise@0.000ns fall@80.000ns period=160.000ns})
  Destination:            oled_display/spi_word_reg[26]/D
                            (falling edge-triggered cell FDRE clocked by clk_6p25MHz  {rise@0.000ns fall@80.000ns period=160.000ns})
  Path Group:             clk_6p25MHz
  Path Type:              Setup (Max at Slow Process Corner)
  Requirement:            160.000ns  (clk_6p25MHz fall@240.000ns - clk_6p25MHz fall@80.000ns)
  Data Path Delay:        25.255ns  (logic 5.807ns (22.994%)  route 19.448ns (77.007%))
  Logic Levels:           23  (CARRY4=6 LUT1=1 LUT2=1 LUT4=2 LUT5=4 LUT6=9)
  Clock Path Skew:        -0.057ns (DCD - SCD + CPR)
    Destination Clock Delay (DCD):    7.855ns = ( 247.855 - 240.000 ) 
    Source Clock Delay      (SCD):    8.531ns = ( 88.531 - 80.000 ) 
    Clock Pessimism Removal (CPR):    0.619ns
  Clock Uncertainty:      0.035ns  ((TSJ^2 + TIJ^2)^1/2 + DJ) / 2 + PE
    Total System Jitter     (TSJ):    0.071ns
    Total Input Jitter      (TIJ):    0.000ns
    Discrete Jitter          (DJ):    0.000ns
    Phase Error              (PE):    0.000ns

    Location             Delay type                Incr(ns)  Path(ns)    Netlist Resource(s)
  -------------------------------------------------------------------    -------------------
                         (clock clk_6p25MHz fall edge)
                                                     80.000    80.000 f  
    W5                                                0.000    80.000 r  clk (IN)
                         net (fo=0)                   0.000    80.000    clk
    W5                   IBUF (Prop_ibuf_I_O)         1.458    81.458 r  clk_IBUF_inst/O
                         net (fo=1, routed)           1.967    83.425    clk_IBUF
    BUFGCTRL_X0Y1        BUFG (Prop_bufg_I_O)         0.096    83.521 r  clk_IBUF_BUFG_inst/O
                         net (fo=194, routed)         1.568    85.089    clk_IBUF_BUFG
    SLICE_X12Y42         FDRE (Prop_fdre_C_Q)         0.518    85.607 f  clk_6p25MHz_reg/Q
                         net (fo=3, routed)           1.188    86.796    clk_6p25MHz
    BUFGCTRL_X0Y2        BUFG (Prop_bufg_I_O)         0.096    86.892 f  clk_6p25MHz_BUFG_inst/O
                         net (fo=115, routed)         1.639    88.531    oled_display/CLK
    SLICE_X2Y1           FDRE                                         r  oled_display/FSM_onehot_state_reg[13]/C  (IS_INVERTED)
  -------------------------------------------------------------------    -------------------
    SLICE_X2Y1           FDRE (Prop_fdre_C_Q)         0.484    89.015 r  oled_display/FSM_onehot_state_reg[13]/Q
                         net (fo=131, routed)         2.125    91.140    oled_display/JC_OBUF[3]
    SLICE_X8Y1           LUT4 (Prop_lut4_I1_O)        0.295    91.435 r  oled_display/y_coord_carry__0_i_9/O
                         net (fo=2, routed)           0.176    91.611    oled_display/y_coord_carry__0_i_9_n_0
    SLICE_X8Y1           LUT6 (Prop_lut6_I0_O)        0.124    91.735 r  oled_display/y_coord_carry__0_i_1/O
                         net (fo=4, routed)           1.140    92.875    oled_display/spi_word_reg[24]_0[3]
    SLICE_X6Y1           LUT5 (Prop_lut5_I0_O)        0.124    92.999 r  oled_display/y_coord_carry__0_i_5/O
                         net (fo=1, routed)           0.000    92.999    display_engine/frame_counter_reg[12][3]
    SLICE_X6Y1           CARRY4 (Prop_carry4_S[3]_CO[3])
                                                      0.376    93.375 r  display_engine/y_coord_carry__0/CO[3]
                         net (fo=1, routed)           0.000    93.375    display_engine/y_coord_carry__0_n_0
    SLICE_X6Y2           CARRY4 (Prop_carry4_CI_CO[3])
                                                      0.117    93.492 r  display_engine/y_coord_carry__1/CO[3]
                         net (fo=1, routed)           0.000    93.492    display_engine/y_coord_carry__1_n_0
    SLICE_X6Y3           CARRY4 (Prop_carry4_CI_O[1])
                                                      0.323    93.815 f  display_engine/y_coord_carry__2/O[1]
                         net (fo=22, routed)          0.897    94.712    display_engine/box_gen[1].box_renderer/O[1]
    SLICE_X6Y5           LUT1 (Prop_lut1_I0_O)        0.306    95.018 r  display_engine/box_gen[1].box_renderer/y_coord__26_carry_i_3/O
                         net (fo=1, routed)           0.000    95.018    display_engine/box_gen[1].box_renderer_n_7
    SLICE_X6Y5           CARRY4 (Prop_carry4_S[1]_CO[3])
                                                      0.533    95.551 r  display_engine/y_coord__26_carry/CO[3]
                         net (fo=1, routed)           0.000    95.551    display_engine/y_coord__26_carry_n_0
    SLICE_X6Y6           CARRY4 (Prop_carry4_CI_O[1])
                                                      0.323    95.874 r  display_engine/y_coord__26_carry__0/O[1]
                         net (fo=3, routed)           0.821    96.695    oled_display/frame_counter_reg[16]_0[1]
    SLICE_X7Y5           LUT5 (Prop_lut5_I4_O)        0.306    97.001 r  oled_display/y_coord__47_carry__0_i_7/O
                         net (fo=1, routed)           0.000    97.001    display_engine/frame_counter_reg[15]_1[1]
    SLICE_X7Y5           CARRY4 (Prop_carry4_S[1]_CO[3])
                                                      0.550    97.551 r  display_engine/y_coord__47_carry__0/CO[3]
                         net (fo=31, routed)          1.767    99.318    display_engine/CO[0]
    SLICE_X10Y3          LUT6 (Prop_lut6_I3_O)        0.124    99.442 r  display_engine/g0_b0__5_i_7/O
                         net (fo=64, routed)          3.204   102.647    merge_controller/FSM_onehot_state_reg[13]_1
    SLICE_X7Y13          LUT5 (Prop_lut5_I3_O)        0.124   102.771 r  merge_controller/g0_b0__5_i_10/O
                         net (fo=13, routed)          0.848   103.618    display_engine/frame_counter_reg[16]_4
    SLICE_X9Y13          LUT4 (Prop_lut4_I1_O)        0.150   103.768 r  display_engine/g0_b0__5_i_4/O
                         net (fo=5, routed)           1.147   104.915    display_engine/spi_word_reg[24]_8
    SLICE_X15Y12         LUT2 (Prop_lut2_I0_O)        0.354   105.269 r  display_engine/g0_b0__5_i_1/O
                         net (fo=6, routed)           1.484   106.753    merge_controller/sel[0]
    SLICE_X29Y8          LUT6 (Prop_lut6_I0_O)        0.326   107.079 f  merge_controller/g0_b2__5/O
                         net (fo=1, routed)           0.670   107.750    merge_controller/display_engine/answer_box_gen[0].answer_box_renderer/font_lookup/row_data[2]
    SLICE_X29Y8          LUT6 (Prop_lut6_I5_O)        0.124   107.874 f  merge_controller/spi_word[39]_i_61/O
                         net (fo=1, routed)           0.639   108.513    merge_controller/spi_word[39]_i_61_n_0
    SLICE_X29Y7          LUT6 (Prop_lut6_I5_O)        0.124   108.637 r  merge_controller/spi_word[39]_i_37/O
                         net (fo=2, routed)           1.694   110.331    display_engine/user_answer_array_reg[0][0]
    SLICE_X11Y15         LUT6 (Prop_lut6_I0_O)        0.124   110.455 f  display_engine/spi_word[34]_i_29/O
                         net (fo=2, routed)           0.160   110.615    merge_controller/user_answer_array_reg[0][0]_0
    SLICE_X11Y15         LUT6 (Prop_lut6_I5_O)        0.124   110.739 r  merge_controller/spi_word[28]_i_23/O
                         net (fo=1, routed)           0.811   111.550    merge_controller/spi_word[28]_i_23_n_0
    SLICE_X11Y16         LUT5 (Prop_lut5_I2_O)        0.124   111.674 r  merge_controller/spi_word[28]_i_11/O
                         net (fo=1, routed)           0.756   112.430    merge_controller/spi_word[28]_i_11_n_0
    SLICE_X8Y18          LUT6 (Prop_lut6_I4_O)        0.124   112.554 f  merge_controller/spi_word[28]_i_5/O
                         net (fo=5, routed)           1.108   113.662    oled_display/tutorial_practice_mode_reg
    SLICE_X4Y23          LUT6 (Prop_lut6_I2_O)        0.124   113.786 r  oled_display/spi_word[26]_i_1/O
                         net (fo=1, routed)           0.000   113.786    oled_display/spi_word[26]_i_1_n_0
    SLICE_X4Y23          FDRE                                         r  oled_display/spi_word_reg[26]/D
  -------------------------------------------------------------------    -------------------

                         (clock clk_6p25MHz fall edge)
                                                    240.000   240.000 r  
    W5                                                0.000   240.000 r  clk (IN)
                         net (fo=0)                   0.000   240.000    clk
    W5                   IBUF (Prop_ibuf_I_O)         1.388   241.388 r  clk_IBUF_inst/O
                         net (fo=1, routed)           1.862   243.250    clk_IBUF
    BUFGCTRL_X0Y1        BUFG (Prop_bufg_I_O)         0.091   243.341 r  clk_IBUF_BUFG_inst/O
                         net (fo=194, routed)         1.449   244.790    clk_IBUF_BUFG
    SLICE_X12Y42         FDRE (Prop_fdre_C_Q)         0.418   245.208 f  clk_6p25MHz_reg/Q
                         net (fo=3, routed)           1.053   246.262    clk_6p25MHz
    BUFGCTRL_X0Y2        BUFG (Prop_bufg_I_O)         0.091   246.353 f  clk_6p25MHz_BUFG_inst/O
                         net (fo=115, routed)         1.502   247.855    oled_display/CLK
    SLICE_X4Y23          FDRE                                         r  oled_display/spi_word_reg[26]/C  (IS_INVERTED)
                         clock pessimism              0.619   248.474    
                         clock uncertainty           -0.035   248.439    
    SLICE_X4Y23          FDRE (Setup_fdre_C_D)        0.032   248.471    oled_display/spi_word_reg[26]
  -------------------------------------------------------------------
                         required time                        248.471    
                         arrival time                        -113.786    
  -------------------------------------------------------------------
                         slack                                134.685    

Slack (MET) :             134.692ns  (required time - arrival time)
  Source:                 oled_display/FSM_onehot_state_reg[13]/C
                            (falling edge-triggered cell FDRE clocked by clk_6p25MHz  {rise@0.000ns fall@80.000ns period=160.000ns})
  Destination:            oled_display/spi_word_reg[28]/D
                            (falling edge-triggered cell FDRE clocked by clk_6p25MHz  {rise@0.000ns fall@80.000ns period=160.000ns})
  Path Group:             clk_6p25MHz
  Path Type:              Setup (Max at Slow Process Corner)
  Requirement:            160.000ns  (clk_6p25MHz fall@240.000ns - clk_6p25MHz fall@80.000ns)
  Data Path Delay:        25.248ns  (logic 5.807ns (23.000%)  route 19.441ns (77.000%))
  Logic Levels:           23  (CARRY4=6 LUT1=1 LUT2=1 LUT4=2 LUT5=4 LUT6=9)
  Clock Path Skew:        -0.057ns (DCD - SCD + CPR)
    Destination Clock Delay (DCD):    7.855ns = ( 247.855 - 240.000 ) 
    Source Clock Delay      (SCD):    8.531ns = ( 88.531 - 80.000 ) 
    Clock Pessimism Removal (CPR):    0.619ns
  Clock Uncertainty:      0.035ns  ((TSJ^2 + TIJ^2)^1/2 + DJ) / 2 + PE
    Total System Jitter     (TSJ):    0.071ns
    Total Input Jitter      (TIJ):    0.000ns
    Discrete Jitter          (DJ):    0.000ns
    Phase Error              (PE):    0.000ns

    Location             Delay type                Incr(ns)  Path(ns)    Netlist Resource(s)
  -------------------------------------------------------------------    -------------------
                         (clock clk_6p25MHz fall edge)
                                                     80.000    80.000 f  
    W5                                                0.000    80.000 r  clk (IN)
                         net (fo=0)                   0.000    80.000    clk
    W5                   IBUF (Prop_ibuf_I_O)         1.458    81.458 r  clk_IBUF_inst/O
                         net (fo=1, routed)           1.967    83.425    clk_IBUF
    BUFGCTRL_X0Y1        BUFG (Prop_bufg_I_O)         0.096    83.521 r  clk_IBUF_BUFG_inst/O
                         net (fo=194, routed)         1.568    85.089    clk_IBUF_BUFG
    SLICE_X12Y42         FDRE (Prop_fdre_C_Q)         0.518    85.607 f  clk_6p25MHz_reg/Q
                         net (fo=3, routed)           1.188    86.796    clk_6p25MHz
    BUFGCTRL_X0Y2        BUFG (Prop_bufg_I_O)         0.096    86.892 f  clk_6p25MHz_BUFG_inst/O
                         net (fo=115, routed)         1.639    88.531    oled_display/CLK
    SLICE_X2Y1           FDRE                                         r  oled_display/FSM_onehot_state_reg[13]/C  (IS_INVERTED)
  -------------------------------------------------------------------    -------------------
    SLICE_X2Y1           FDRE (Prop_fdre_C_Q)         0.484    89.015 r  oled_display/FSM_onehot_state_reg[13]/Q
                         net (fo=131, routed)         2.125    91.140    oled_display/JC_OBUF[3]
    SLICE_X8Y1           LUT4 (Prop_lut4_I1_O)        0.295    91.435 r  oled_display/y_coord_carry__0_i_9/O
                         net (fo=2, routed)           0.176    91.611    oled_display/y_coord_carry__0_i_9_n_0
    SLICE_X8Y1           LUT6 (Prop_lut6_I0_O)        0.124    91.735 r  oled_display/y_coord_carry__0_i_1/O
                         net (fo=4, routed)           1.140    92.875    oled_display/spi_word_reg[24]_0[3]
    SLICE_X6Y1           LUT5 (Prop_lut5_I0_O)        0.124    92.999 r  oled_display/y_coord_carry__0_i_5/O
                         net (fo=1, routed)           0.000    92.999    display_engine/frame_counter_reg[12][3]
    SLICE_X6Y1           CARRY4 (Prop_carry4_S[3]_CO[3])
                                                      0.376    93.375 r  display_engine/y_coord_carry__0/CO[3]
                         net (fo=1, routed)           0.000    93.375    display_engine/y_coord_carry__0_n_0
    SLICE_X6Y2           CARRY4 (Prop_carry4_CI_CO[3])
                                                      0.117    93.492 r  display_engine/y_coord_carry__1/CO[3]
                         net (fo=1, routed)           0.000    93.492    display_engine/y_coord_carry__1_n_0
    SLICE_X6Y3           CARRY4 (Prop_carry4_CI_O[1])
                                                      0.323    93.815 f  display_engine/y_coord_carry__2/O[1]
                         net (fo=22, routed)          0.897    94.712    display_engine/box_gen[1].box_renderer/O[1]
    SLICE_X6Y5           LUT1 (Prop_lut1_I0_O)        0.306    95.018 r  display_engine/box_gen[1].box_renderer/y_coord__26_carry_i_3/O
                         net (fo=1, routed)           0.000    95.018    display_engine/box_gen[1].box_renderer_n_7
    SLICE_X6Y5           CARRY4 (Prop_carry4_S[1]_CO[3])
                                                      0.533    95.551 r  display_engine/y_coord__26_carry/CO[3]
                         net (fo=1, routed)           0.000    95.551    display_engine/y_coord__26_carry_n_0
    SLICE_X6Y6           CARRY4 (Prop_carry4_CI_O[1])
                                                      0.323    95.874 r  display_engine/y_coord__26_carry__0/O[1]
                         net (fo=3, routed)           0.821    96.695    oled_display/frame_counter_reg[16]_0[1]
    SLICE_X7Y5           LUT5 (Prop_lut5_I4_O)        0.306    97.001 r  oled_display/y_coord__47_carry__0_i_7/O
                         net (fo=1, routed)           0.000    97.001    display_engine/frame_counter_reg[15]_1[1]
    SLICE_X7Y5           CARRY4 (Prop_carry4_S[1]_CO[3])
                                                      0.550    97.551 r  display_engine/y_coord__47_carry__0/CO[3]
                         net (fo=31, routed)          1.767    99.318    display_engine/CO[0]
    SLICE_X10Y3          LUT6 (Prop_lut6_I3_O)        0.124    99.442 r  display_engine/g0_b0__5_i_7/O
                         net (fo=64, routed)          3.204   102.647    merge_controller/FSM_onehot_state_reg[13]_1
    SLICE_X7Y13          LUT5 (Prop_lut5_I3_O)        0.124   102.771 r  merge_controller/g0_b0__5_i_10/O
                         net (fo=13, routed)          0.848   103.618    display_engine/frame_counter_reg[16]_4
    SLICE_X9Y13          LUT4 (Prop_lut4_I1_O)        0.150   103.768 r  display_engine/g0_b0__5_i_4/O
                         net (fo=5, routed)           1.147   104.915    display_engine/spi_word_reg[24]_8
    SLICE_X15Y12         LUT2 (Prop_lut2_I0_O)        0.354   105.269 r  display_engine/g0_b0__5_i_1/O
                         net (fo=6, routed)           1.484   106.753    merge_controller/sel[0]
    SLICE_X29Y8          LUT6 (Prop_lut6_I0_O)        0.326   107.079 f  merge_controller/g0_b2__5/O
                         net (fo=1, routed)           0.670   107.750    merge_controller/display_engine/answer_box_gen[0].answer_box_renderer/font_lookup/row_data[2]
    SLICE_X29Y8          LUT6 (Prop_lut6_I5_O)        0.124   107.874 f  merge_controller/spi_word[39]_i_61/O
                         net (fo=1, routed)           0.639   108.513    merge_controller/spi_word[39]_i_61_n_0
    SLICE_X29Y7          LUT6 (Prop_lut6_I5_O)        0.124   108.637 r  merge_controller/spi_word[39]_i_37/O
                         net (fo=2, routed)           1.694   110.331    display_engine/user_answer_array_reg[0][0]
    SLICE_X11Y15         LUT6 (Prop_lut6_I0_O)        0.124   110.455 f  display_engine/spi_word[34]_i_29/O
                         net (fo=2, routed)           0.160   110.615    merge_controller/user_answer_array_reg[0][0]_0
    SLICE_X11Y15         LUT6 (Prop_lut6_I5_O)        0.124   110.739 r  merge_controller/spi_word[28]_i_23/O
                         net (fo=1, routed)           0.811   111.550    merge_controller/spi_word[28]_i_23_n_0
    SLICE_X11Y16         LUT5 (Prop_lut5_I2_O)        0.124   111.674 r  merge_controller/spi_word[28]_i_11/O
                         net (fo=1, routed)           0.756   112.430    merge_controller/spi_word[28]_i_11_n_0
    SLICE_X8Y18          LUT6 (Prop_lut6_I4_O)        0.124   112.554 f  merge_controller/spi_word[28]_i_5/O
                         net (fo=5, routed)           1.101   113.655    oled_display/tutorial_practice_mode_reg
    SLICE_X5Y23          LUT6 (Prop_lut6_I3_O)        0.124   113.779 r  oled_display/spi_word[28]_i_1/O
                         net (fo=1, routed)           0.000   113.779    oled_display/spi_word[28]_i_1_n_0
    SLICE_X5Y23          FDRE                                         r  oled_display/spi_word_reg[28]/D
  -------------------------------------------------------------------    -------------------

                         (clock clk_6p25MHz fall edge)
                                                    240.000   240.000 r  
    W5                                                0.000   240.000 r  clk (IN)
                         net (fo=0)                   0.000   240.000    clk
    W5                   IBUF (Prop_ibuf_I_O)         1.388   241.388 r  clk_IBUF_inst/O
                         net (fo=1, routed)           1.862   243.250    clk_IBUF
    BUFGCTRL_X0Y1        BUFG (Prop_bufg_I_O)         0.091   243.341 r  clk_IBUF_BUFG_inst/O
                         net (fo=194, routed)         1.449   244.790    clk_IBUF_BUFG
    SLICE_X12Y42         FDRE (Prop_fdre_C_Q)         0.418   245.208 f  clk_6p25MHz_reg/Q
                         net (fo=3, routed)           1.053   246.262    clk_6p25MHz
    BUFGCTRL_X0Y2        BUFG (Prop_bufg_I_O)         0.091   246.353 f  clk_6p25MHz_BUFG_inst/O
                         net (fo=115, routed)         1.502   247.855    oled_display/CLK
    SLICE_X5Y23          FDRE                                         r  oled_display/spi_word_reg[28]/C  (IS_INVERTED)
                         clock pessimism              0.619   248.474    
                         clock uncertainty           -0.035   248.439    
    SLICE_X5Y23          FDRE (Setup_fdre_C_D)        0.032   248.471    oled_display/spi_word_reg[28]
  -------------------------------------------------------------------
                         required time                        248.471    
                         arrival time                        -113.779    
  -------------------------------------------------------------------
                         slack                                134.692    

Slack (MET) :             134.763ns  (required time - arrival time)
  Source:                 oled_display/FSM_onehot_state_reg[13]/C
                            (falling edge-triggered cell FDRE clocked by clk_6p25MHz  {rise@0.000ns fall@80.000ns period=160.000ns})
  Destination:            oled_display/spi_word_reg[27]/D
                            (falling edge-triggered cell FDRE clocked by clk_6p25MHz  {rise@0.000ns fall@80.000ns period=160.000ns})
  Path Group:             clk_6p25MHz
  Path Type:              Setup (Max at Slow Process Corner)
  Requirement:            160.000ns  (clk_6p25MHz fall@240.000ns - clk_6p25MHz fall@80.000ns)
  Data Path Delay:        25.179ns  (logic 5.807ns (23.063%)  route 19.372ns (76.937%))
  Logic Levels:           23  (CARRY4=6 LUT1=1 LUT2=1 LUT4=2 LUT5=4 LUT6=9)
  Clock Path Skew:        -0.056ns (DCD - SCD + CPR)
    Destination Clock Delay (DCD):    7.856ns = ( 247.856 - 240.000 ) 
    Source Clock Delay      (SCD):    8.531ns = ( 88.531 - 80.000 ) 
    Clock Pessimism Removal (CPR):    0.619ns
  Clock Uncertainty:      0.035ns  ((TSJ^2 + TIJ^2)^1/2 + DJ) / 2 + PE
    Total System Jitter     (TSJ):    0.071ns
    Total Input Jitter      (TIJ):    0.000ns
    Discrete Jitter          (DJ):    0.000ns
    Phase Error              (PE):    0.000ns

    Location             Delay type                Incr(ns)  Path(ns)    Netlist Resource(s)
  -------------------------------------------------------------------    -------------------
                         (clock clk_6p25MHz fall edge)
                                                     80.000    80.000 f  
    W5                                                0.000    80.000 r  clk (IN)
                         net (fo=0)                   0.000    80.000    clk
    W5                   IBUF (Prop_ibuf_I_O)         1.458    81.458 r  clk_IBUF_inst/O
                         net (fo=1, routed)           1.967    83.425    clk_IBUF
    BUFGCTRL_X0Y1        BUFG (Prop_bufg_I_O)         0.096    83.521 r  clk_IBUF_BUFG_inst/O
                         net (fo=194, routed)         1.568    85.089    clk_IBUF_BUFG
    SLICE_X12Y42         FDRE (Prop_fdre_C_Q)         0.518    85.607 f  clk_6p25MHz_reg/Q
                         net (fo=3, routed)           1.188    86.796    clk_6p25MHz
    BUFGCTRL_X0Y2        BUFG (Prop_bufg_I_O)         0.096    86.892 f  clk_6p25MHz_BUFG_inst/O
                         net (fo=115, routed)         1.639    88.531    oled_display/CLK
    SLICE_X2Y1           FDRE                                         r  oled_display/FSM_onehot_state_reg[13]/C  (IS_INVERTED)
  -------------------------------------------------------------------    -------------------
    SLICE_X2Y1           FDRE (Prop_fdre_C_Q)         0.484    89.015 r  oled_display/FSM_onehot_state_reg[13]/Q
                         net (fo=131, routed)         2.125    91.140    oled_display/JC_OBUF[3]
    SLICE_X8Y1           LUT4 (Prop_lut4_I1_O)        0.295    91.435 r  oled_display/y_coord_carry__0_i_9/O
                         net (fo=2, routed)           0.176    91.611    oled_display/y_coord_carry__0_i_9_n_0
    SLICE_X8Y1           LUT6 (Prop_lut6_I0_O)        0.124    91.735 r  oled_display/y_coord_carry__0_i_1/O
                         net (fo=4, routed)           1.140    92.875    oled_display/spi_word_reg[24]_0[3]
    SLICE_X6Y1           LUT5 (Prop_lut5_I0_O)        0.124    92.999 r  oled_display/y_coord_carry__0_i_5/O
                         net (fo=1, routed)           0.000    92.999    display_engine/frame_counter_reg[12][3]
    SLICE_X6Y1           CARRY4 (Prop_carry4_S[3]_CO[3])
                                                      0.376    93.375 r  display_engine/y_coord_carry__0/CO[3]
                         net (fo=1, routed)           0.000    93.375    display_engine/y_coord_carry__0_n_0
    SLICE_X6Y2           CARRY4 (Prop_carry4_CI_CO[3])
                                                      0.117    93.492 r  display_engine/y_coord_carry__1/CO[3]
                         net (fo=1, routed)           0.000    93.492    display_engine/y_coord_carry__1_n_0
    SLICE_X6Y3           CARRY4 (Prop_carry4_CI_O[1])
                                                      0.323    93.815 f  display_engine/y_coord_carry__2/O[1]
                         net (fo=22, routed)          0.897    94.712    display_engine/box_gen[1].box_renderer/O[1]
    SLICE_X6Y5           LUT1 (Prop_lut1_I0_O)        0.306    95.018 r  display_engine/box_gen[1].box_renderer/y_coord__26_carry_i_3/O
                         net (fo=1, routed)           0.000    95.018    display_engine/box_gen[1].box_renderer_n_7
    SLICE_X6Y5           CARRY4 (Prop_carry4_S[1]_CO[3])
                                                      0.533    95.551 r  display_engine/y_coord__26_carry/CO[3]
                         net (fo=1, routed)           0.000    95.551    display_engine/y_coord__26_carry_n_0
    SLICE_X6Y6           CARRY4 (Prop_carry4_CI_O[1])
                                                      0.323    95.874 r  display_engine/y_coord__26_carry__0/O[1]
                         net (fo=3, routed)           0.821    96.695    oled_display/frame_counter_reg[16]_0[1]
    SLICE_X7Y5           LUT5 (Prop_lut5_I4_O)        0.306    97.001 r  oled_display/y_coord__47_carry__0_i_7/O
                         net (fo=1, routed)           0.000    97.001    display_engine/frame_counter_reg[15]_1[1]
    SLICE_X7Y5           CARRY4 (Prop_carry4_S[1]_CO[3])
                                                      0.550    97.551 r  display_engine/y_coord__47_carry__0/CO[3]
                         net (fo=31, routed)          1.767    99.318    display_engine/CO[0]
    SLICE_X10Y3          LUT6 (Prop_lut6_I3_O)        0.124    99.442 r  display_engine/g0_b0__5_i_7/O
                         net (fo=64, routed)          3.204   102.647    merge_controller/FSM_onehot_state_reg[13]_1
    SLICE_X7Y13          LUT5 (Prop_lut5_I3_O)        0.124   102.771 r  merge_controller/g0_b0__5_i_10/O
                         net (fo=13, routed)          0.848   103.618    display_engine/frame_counter_reg[16]_4
    SLICE_X9Y13          LUT4 (Prop_lut4_I1_O)        0.150   103.768 r  display_engine/g0_b0__5_i_4/O
                         net (fo=5, routed)           1.147   104.915    display_engine/spi_word_reg[24]_8
    SLICE_X15Y12         LUT2 (Prop_lut2_I0_O)        0.354   105.269 r  display_engine/g0_b0__5_i_1/O
                         net (fo=6, routed)           1.484   106.753    merge_controller/sel[0]
    SLICE_X29Y8          LUT6 (Prop_lut6_I0_O)        0.326   107.079 f  merge_controller/g0_b2__5/O
                         net (fo=1, routed)           0.670   107.750    merge_controller/display_engine/answer_box_gen[0].answer_box_renderer/font_lookup/row_data[2]
    SLICE_X29Y8          LUT6 (Prop_lut6_I5_O)        0.124   107.874 f  merge_controller/spi_word[39]_i_61/O
                         net (fo=1, routed)           0.639   108.513    merge_controller/spi_word[39]_i_61_n_0
    SLICE_X29Y7          LUT6 (Prop_lut6_I5_O)        0.124   108.637 r  merge_controller/spi_word[39]_i_37/O
                         net (fo=2, routed)           1.694   110.331    display_engine/user_answer_array_reg[0][0]
    SLICE_X11Y15         LUT6 (Prop_lut6_I0_O)        0.124   110.455 f  display_engine/spi_word[34]_i_29/O
                         net (fo=2, routed)           0.160   110.615    merge_controller/user_answer_array_reg[0][0]_0
    SLICE_X11Y15         LUT6 (Prop_lut6_I5_O)        0.124   110.739 r  merge_controller/spi_word[28]_i_23/O
                         net (fo=1, routed)           0.811   111.550    merge_controller/spi_word[28]_i_23_n_0
    SLICE_X11Y16         LUT5 (Prop_lut5_I2_O)        0.124   111.674 r  merge_controller/spi_word[28]_i_11/O
                         net (fo=1, routed)           0.756   112.430    merge_controller/spi_word[28]_i_11_n_0
    SLICE_X8Y18          LUT6 (Prop_lut6_I4_O)        0.124   112.554 f  merge_controller/spi_word[28]_i_5/O
                         net (fo=5, routed)           1.032   113.586    oled_display/tutorial_practice_mode_reg
    SLICE_X4Y22          LUT6 (Prop_lut6_I3_O)        0.124   113.710 r  oled_display/spi_word[27]_i_1/O
                         net (fo=1, routed)           0.000   113.710    oled_display/spi_word[27]_i_1_n_0
    SLICE_X4Y22          FDRE                                         r  oled_display/spi_word_reg[27]/D
  -------------------------------------------------------------------    -------------------

                         (clock clk_6p25MHz fall edge)
                                                    240.000   240.000 r  
    W5                                                0.000   240.000 r  clk (IN)
                         net (fo=0)                   0.000   240.000    clk
    W5                   IBUF (Prop_ibuf_I_O)         1.388   241.388 r  clk_IBUF_inst/O
                         net (fo=1, routed)           1.862   243.250    clk_IBUF
    BUFGCTRL_X0Y1        BUFG (Prop_bufg_I_O)         0.091   243.341 r  clk_IBUF_BUFG_inst/O
                         net (fo=194, routed)         1.449   244.790    clk_IBUF_BUFG
    SLICE_X12Y42         FDRE (Prop_fdre_C_Q)         0.418   245.208 f  clk_6p25MHz_reg/Q
                         net (fo=3, routed)           1.053   246.262    clk_6p25MHz
    BUFGCTRL_X0Y2        BUFG (Prop_bufg_I_O)         0.091   246.353 f  clk_6p25MHz_BUFG_inst/O
                         net (fo=115, routed)         1.503   247.856    oled_display/CLK
    SLICE_X4Y22          FDRE                                         r  oled_display/spi_word_reg[27]/C  (IS_INVERTED)
                         clock pessimism              0.619   248.475    
                         clock uncertainty           -0.035   248.440    
    SLICE_X4Y22          FDRE (Setup_fdre_C_D)        0.034   248.474    oled_display/spi_word_reg[27]
  -------------------------------------------------------------------
                         required time                        248.474    
                         arrival time                        -113.710    
  -------------------------------------------------------------------
                         slack                                134.763    

Slack (MET) :             134.820ns  (required time - arrival time)
  Source:                 oled_display/FSM_onehot_state_reg[13]/C
                            (falling edge-triggered cell FDRE clocked by clk_6p25MHz  {rise@0.000ns fall@80.000ns period=160.000ns})
  Destination:            oled_display/spi_word_reg[24]/D
                            (falling edge-triggered cell FDRE clocked by clk_6p25MHz  {rise@0.000ns fall@80.000ns period=160.000ns})
  Path Group:             clk_6p25MHz
  Path Type:              Setup (Max at Slow Process Corner)
  Requirement:            160.000ns  (clk_6p25MHz fall@240.000ns - clk_6p25MHz fall@80.000ns)
  Data Path Delay:        25.118ns  (logic 5.807ns (23.119%)  route 19.311ns (76.881%))
  Logic Levels:           23  (CARRY4=6 LUT1=1 LUT2=1 LUT4=2 LUT5=4 LUT6=9)
  Clock Path Skew:        -0.059ns (DCD - SCD + CPR)
    Destination Clock Delay (DCD):    7.853ns = ( 247.853 - 240.000 ) 
    Source Clock Delay      (SCD):    8.531ns = ( 88.531 - 80.000 ) 
    Clock Pessimism Removal (CPR):    0.619ns
  Clock Uncertainty:      0.035ns  ((TSJ^2 + TIJ^2)^1/2 + DJ) / 2 + PE
    Total System Jitter     (TSJ):    0.071ns
    Total Input Jitter      (TIJ):    0.000ns
    Discrete Jitter          (DJ):    0.000ns
    Phase Error              (PE):    0.000ns

    Location             Delay type                Incr(ns)  Path(ns)    Netlist Resource(s)
  -------------------------------------------------------------------    -------------------
                         (clock clk_6p25MHz fall edge)
                                                     80.000    80.000 f  
    W5                                                0.000    80.000 r  clk (IN)
                         net (fo=0)                   0.000    80.000    clk
    W5                   IBUF (Prop_ibuf_I_O)         1.458    81.458 r  clk_IBUF_inst/O
                         net (fo=1, routed)           1.967    83.425    clk_IBUF
    BUFGCTRL_X0Y1        BUFG (Prop_bufg_I_O)         0.096    83.521 r  clk_IBUF_BUFG_inst/O
                         net (fo=194, routed)         1.568    85.089    clk_IBUF_BUFG
    SLICE_X12Y42         FDRE (Prop_fdre_C_Q)         0.518    85.607 f  clk_6p25MHz_reg/Q
                         net (fo=3, routed)           1.188    86.796    clk_6p25MHz
    BUFGCTRL_X0Y2        BUFG (Prop_bufg_I_O)         0.096    86.892 f  clk_6p25MHz_BUFG_inst/O
                         net (fo=115, routed)         1.639    88.531    oled_display/CLK
    SLICE_X2Y1           FDRE                                         r  oled_display/FSM_onehot_state_reg[13]/C  (IS_INVERTED)
  -------------------------------------------------------------------    -------------------
    SLICE_X2Y1           FDRE (Prop_fdre_C_Q)         0.484    89.015 r  oled_display/FSM_onehot_state_reg[13]/Q
                         net (fo=131, routed)         2.125    91.140    oled_display/JC_OBUF[3]
    SLICE_X8Y1           LUT4 (Prop_lut4_I1_O)        0.295    91.435 r  oled_display/y_coord_carry__0_i_9/O
                         net (fo=2, routed)           0.176    91.611    oled_display/y_coord_carry__0_i_9_n_0
    SLICE_X8Y1           LUT6 (Prop_lut6_I0_O)        0.124    91.735 r  oled_display/y_coord_carry__0_i_1/O
                         net (fo=4, routed)           1.140    92.875    oled_display/spi_word_reg[24]_0[3]
    SLICE_X6Y1           LUT5 (Prop_lut5_I0_O)        0.124    92.999 r  oled_display/y_coord_carry__0_i_5/O
                         net (fo=1, routed)           0.000    92.999    display_engine/frame_counter_reg[12][3]
    SLICE_X6Y1           CARRY4 (Prop_carry4_S[3]_CO[3])
                                                      0.376    93.375 r  display_engine/y_coord_carry__0/CO[3]
                         net (fo=1, routed)           0.000    93.375    display_engine/y_coord_carry__0_n_0
    SLICE_X6Y2           CARRY4 (Prop_carry4_CI_CO[3])
                                                      0.117    93.492 r  display_engine/y_coord_carry__1/CO[3]
                         net (fo=1, routed)           0.000    93.492    display_engine/y_coord_carry__1_n_0
    SLICE_X6Y3           CARRY4 (Prop_carry4_CI_O[1])
                                                      0.323    93.815 f  display_engine/y_coord_carry__2/O[1]
                         net (fo=22, routed)          0.897    94.712    display_engine/box_gen[1].box_renderer/O[1]
    SLICE_X6Y5           LUT1 (Prop_lut1_I0_O)        0.306    95.018 r  display_engine/box_gen[1].box_renderer/y_coord__26_carry_i_3/O
                         net (fo=1, routed)           0.000    95.018    display_engine/box_gen[1].box_renderer_n_7
    SLICE_X6Y5           CARRY4 (Prop_carry4_S[1]_CO[3])
                                                      0.533    95.551 r  display_engine/y_coord__26_carry/CO[3]
                         net (fo=1, routed)           0.000    95.551    display_engine/y_coord__26_carry_n_0
    SLICE_X6Y6           CARRY4 (Prop_carry4_CI_O[1])
                                                      0.323    95.874 r  display_engine/y_coord__26_carry__0/O[1]
                         net (fo=3, routed)           0.821    96.695    oled_display/frame_counter_reg[16]_0[1]
    SLICE_X7Y5           LUT5 (Prop_lut5_I4_O)        0.306    97.001 r  oled_display/y_coord__47_carry__0_i_7/O
                         net (fo=1, routed)           0.000    97.001    display_engine/frame_counter_reg[15]_1[1]
    SLICE_X7Y5           CARRY4 (Prop_carry4_S[1]_CO[3])
                                                      0.550    97.551 r  display_engine/y_coord__47_carry__0/CO[3]
                         net (fo=31, routed)          1.767    99.318    display_engine/CO[0]
    SLICE_X10Y3          LUT6 (Prop_lut6_I3_O)        0.124    99.442 r  display_engine/g0_b0__5_i_7/O
                         net (fo=64, routed)          3.204   102.647    merge_controller/FSM_onehot_state_reg[13]_1
    SLICE_X7Y13          LUT5 (Prop_lut5_I3_O)        0.124   102.771 r  merge_controller/g0_b0__5_i_10/O
                         net (fo=13, routed)          0.848   103.618    display_engine/frame_counter_reg[16]_4
    SLICE_X9Y13          LUT4 (Prop_lut4_I1_O)        0.150   103.768 r  display_engine/g0_b0__5_i_4/O
                         net (fo=5, routed)           1.147   104.915    display_engine/spi_word_reg[24]_8
    SLICE_X15Y12         LUT2 (Prop_lut2_I0_O)        0.354   105.269 r  display_engine/g0_b0__5_i_1/O
                         net (fo=6, routed)           1.484   106.753    merge_controller/sel[0]
    SLICE_X29Y8          LUT6 (Prop_lut6_I0_O)        0.326   107.079 f  merge_controller/g0_b2__5/O
                         net (fo=1, routed)           0.670   107.750    merge_controller/display_engine/answer_box_gen[0].answer_box_renderer/font_lookup/row_data[2]
    SLICE_X29Y8          LUT6 (Prop_lut6_I5_O)        0.124   107.874 f  merge_controller/spi_word[39]_i_61/O
                         net (fo=1, routed)           0.639   108.513    merge_controller/spi_word[39]_i_61_n_0
    SLICE_X29Y7          LUT6 (Prop_lut6_I5_O)        0.124   108.637 r  merge_controller/spi_word[39]_i_37/O
                         net (fo=2, routed)           1.694   110.331    display_engine/user_answer_array_reg[0][0]
    SLICE_X11Y15         LUT6 (Prop_lut6_I0_O)        0.124   110.455 f  display_engine/spi_word[34]_i_29/O
                         net (fo=2, routed)           0.160   110.615    merge_controller/user_answer_array_reg[0][0]_0
    SLICE_X11Y15         LUT6 (Prop_lut6_I5_O)        0.124   110.739 r  merge_controller/spi_word[28]_i_23/O
                         net (fo=1, routed)           0.811   111.550    merge_controller/spi_word[28]_i_23_n_0
    SLICE_X11Y16         LUT5 (Prop_lut5_I2_O)        0.124   111.674 r  merge_controller/spi_word[28]_i_11/O
                         net (fo=1, routed)           0.756   112.430    merge_controller/spi_word[28]_i_11_n_0
    SLICE_X8Y18          LUT6 (Prop_lut6_I4_O)        0.124   112.554 f  merge_controller/spi_word[28]_i_5/O
                         net (fo=5, routed)           0.971   113.525    oled_display/tutorial_practice_mode_reg
    SLICE_X4Y24          LUT6 (Prop_lut6_I2_O)        0.124   113.649 r  oled_display/spi_word[24]_i_1/O
                         net (fo=1, routed)           0.000   113.649    oled_display/spi_word[24]_i_1_n_0
    SLICE_X4Y24          FDRE                                         r  oled_display/spi_word_reg[24]/D
  -------------------------------------------------------------------    -------------------

                         (clock clk_6p25MHz fall edge)
                                                    240.000   240.000 r  
    W5                                                0.000   240.000 r  clk (IN)
                         net (fo=0)                   0.000   240.000    clk
    W5                   IBUF (Prop_ibuf_I_O)         1.388   241.388 r  clk_IBUF_inst/O
                         net (fo=1, routed)           1.862   243.250    clk_IBUF
    BUFGCTRL_X0Y1        BUFG (Prop_bufg_I_O)         0.091   243.341 r  clk_IBUF_BUFG_inst/O
                         net (fo=194, routed)         1.449   244.790    clk_IBUF_BUFG
    SLICE_X12Y42         FDRE (Prop_fdre_C_Q)         0.418   245.208 f  clk_6p25MHz_reg/Q
                         net (fo=3, routed)           1.053   246.262    clk_6p25MHz
    BUFGCTRL_X0Y2        BUFG (Prop_bufg_I_O)         0.091   246.353 f  clk_6p25MHz_BUFG_inst/O
                         net (fo=115, routed)         1.500   247.853    oled_display/CLK
    SLICE_X4Y24          FDRE                                         r  oled_display/spi_word_reg[24]/C  (IS_INVERTED)
                         clock pessimism              0.619   248.472    
                         clock uncertainty           -0.035   248.437    
    SLICE_X4Y24          FDRE (Setup_fdre_C_D)        0.032   248.469    oled_display/spi_word_reg[24]
  -------------------------------------------------------------------
                         required time                        248.469    
                         arrival time                        -113.649    
  -------------------------------------------------------------------
                         slack                                134.820    





Min Delay Paths
--------------------------------------------------------------------------------------
Slack (MET) :             0.177ns  (arrival time - required time)
  Source:                 oled_display/spi_word_reg[16]/C
                            (falling edge-triggered cell FDRE clocked by clk_6p25MHz  {rise@0.000ns fall@80.000ns period=160.000ns})
  Destination:            oled_display/spi_word_reg[17]/D
                            (falling edge-triggered cell FDRE clocked by clk_6p25MHz  {rise@0.000ns fall@80.000ns period=160.000ns})
  Path Group:             clk_6p25MHz
  Path Type:              Hold (Min at Fast Process Corner)
  Requirement:            0.000ns  (clk_6p25MHz fall@80.000ns - clk_6p25MHz fall@80.000ns)
  Data Path Delay:        0.288ns  (logic 0.191ns (66.350%)  route 0.097ns (33.650%))
  Logic Levels:           1  (LUT3=1)
  Clock Path Skew:        0.013ns (DCD - SCD - CPR)
    Destination Clock Delay (DCD):    3.649ns = ( 83.649 - 80.000 ) 
    Source Clock Delay      (SCD):    2.764ns = ( 82.764 - 80.000 ) 
    Clock Pessimism Removal (CPR):    0.872ns

    Location             Delay type                Incr(ns)  Path(ns)    Netlist Resource(s)
  -------------------------------------------------------------------    -------------------
                         (clock clk_6p25MHz fall edge)
                                                     80.000    80.000 f  
    W5                                                0.000    80.000 r  clk (IN)
                         net (fo=0)                   0.000    80.000    clk
    W5                   IBUF (Prop_ibuf_I_O)         0.226    80.226 r  clk_IBUF_inst/O
                         net (fo=1, routed)           0.631    80.858    clk_IBUF
    BUFGCTRL_X0Y1        BUFG (Prop_bufg_I_O)         0.026    80.884 r  clk_IBUF_BUFG_inst/O
                         net (fo=194, routed)         0.565    81.448    clk_IBUF_BUFG
    SLICE_X12Y42         FDRE (Prop_fdre_C_Q)         0.164    81.612 f  clk_6p25MHz_reg/Q
                         net (fo=3, routed)           0.544    82.156    clk_6p25MHz
    BUFGCTRL_X0Y2        BUFG (Prop_bufg_I_O)         0.026    82.182 f  clk_6p25MHz_BUFG_inst/O
                         net (fo=115, routed)         0.582    82.764    oled_display/CLK
    SLICE_X1Y24          FDRE                                         r  oled_display/spi_word_reg[16]/C  (IS_INVERTED)
  -------------------------------------------------------------------    -------------------
    SLICE_X1Y24          FDRE (Prop_fdre_C_Q)         0.146    82.910 r  oled_display/spi_word_reg[16]/Q
                         net (fo=1, routed)           0.097    83.007    oled_display/spi_word_reg_n_0_[16]
    SLICE_X0Y24          LUT3 (Prop_lut3_I2_O)        0.045    83.052 r  oled_display/spi_word[17]_i_1/O
                         net (fo=1, routed)           0.000    83.052    oled_display/spi_word[17]_i_1_n_0
    SLICE_X0Y24          FDRE                                         r  oled_display/spi_word_reg[17]/D
  -------------------------------------------------------------------    -------------------

                         (clock clk_6p25MHz fall edge)
                                                     80.000    80.000 r  
    W5                                                0.000    80.000 r  clk (IN)
                         net (fo=0)                   0.000    80.000    clk
    W5                   IBUF (Prop_ibuf_I_O)         0.414    80.414 r  clk_IBUF_inst/O
                         net (fo=1, routed)           0.685    81.099    clk_IBUF
    BUFGCTRL_X0Y1        BUFG (Prop_bufg_I_O)         0.029    81.128 r  clk_IBUF_BUFG_inst/O
                         net (fo=194, routed)         0.835    81.962    clk_IBUF_BUFG
    SLICE_X12Y42         FDRE (Prop_fdre_C_Q)         0.204    82.166 f  clk_6p25MHz_reg/Q
                         net (fo=3, routed)           0.604    82.771    clk_6p25MHz
    BUFGCTRL_X0Y2        BUFG (Prop_bufg_I_O)         0.029    82.800 f  clk_6p25MHz_BUFG_inst/O
                         net (fo=115, routed)         0.850    83.649    oled_display/CLK
    SLICE_X0Y24          FDRE                                         r  oled_display/spi_word_reg[17]/C  (IS_INVERTED)
                         clock pessimism             -0.872    82.777    
    SLICE_X0Y24          FDRE (Hold_fdre_C_D)         0.098    82.875    oled_display/spi_word_reg[17]
  -------------------------------------------------------------------
                         required time                        -82.875    
                         arrival time                          83.052    
  -------------------------------------------------------------------
                         slack                                  0.177    

Slack (MET) :             0.184ns  (arrival time - required time)
  Source:                 oled_display/spi_word_reg[1]/C
                            (falling edge-triggered cell FDRE clocked by clk_6p25MHz  {rise@0.000ns fall@80.000ns period=160.000ns})
  Destination:            oled_display/spi_word_reg[2]/D
                            (falling edge-triggered cell FDRE clocked by clk_6p25MHz  {rise@0.000ns fall@80.000ns period=160.000ns})
  Path Group:             clk_6p25MHz
  Path Type:              Hold (Min at Fast Process Corner)
  Requirement:            0.000ns  (clk_6p25MHz fall@80.000ns - clk_6p25MHz fall@80.000ns)
  Data Path Delay:        0.332ns  (logic 0.193ns (58.114%)  route 0.139ns (41.885%))
  Logic Levels:           1  (LUT3=1)
  Clock Path Skew:        0.013ns (DCD - SCD - CPR)
    Destination Clock Delay (DCD):    3.649ns = ( 83.649 - 80.000 ) 
    Source Clock Delay      (SCD):    2.764ns = ( 82.764 - 80.000 ) 
    Clock Pessimism Removal (CPR):    0.872ns

    Location             Delay type                Incr(ns)  Path(ns)    Netlist Resource(s)
  -------------------------------------------------------------------    -------------------
                         (clock clk_6p25MHz fall edge)
                                                     80.000    80.000 f  
    W5                                                0.000    80.000 r  clk (IN)
                         net (fo=0)                   0.000    80.000    clk
    W5                   IBUF (Prop_ibuf_I_O)         0.226    80.226 r  clk_IBUF_inst/O
                         net (fo=1, routed)           0.631    80.858    clk_IBUF
    BUFGCTRL_X0Y1        BUFG (Prop_bufg_I_O)         0.026    80.884 r  clk_IBUF_BUFG_inst/O
                         net (fo=194, routed)         0.565    81.448    clk_IBUF_BUFG
    SLICE_X12Y42         FDRE (Prop_fdre_C_Q)         0.164    81.612 f  clk_6p25MHz_reg/Q
                         net (fo=3, routed)           0.544    82.156    clk_6p25MHz
    BUFGCTRL_X0Y2        BUFG (Prop_bufg_I_O)         0.026    82.182 f  clk_6p25MHz_BUFG_inst/O
                         net (fo=115, routed)         0.582    82.764    oled_display/CLK
    SLICE_X3Y25          FDRE                                         r  oled_display/spi_word_reg[1]/C  (IS_INVERTED)
  -------------------------------------------------------------------    -------------------
    SLICE_X3Y25          FDRE (Prop_fdre_C_Q)         0.146    82.910 r  oled_display/spi_word_reg[1]/Q
                         net (fo=1, routed)           0.139    83.049    oled_display/spi_word_reg_n_0_[1]
    SLICE_X2Y25          LUT3 (Prop_lut3_I2_O)        0.047    83.096 r  oled_display/spi_word[2]_i_1/O
                         net (fo=1, routed)           0.000    83.096    oled_display/spi_word[2]_i_1_n_0
    SLICE_X2Y25          FDRE                                         r  oled_display/spi_word_reg[2]/D
  -------------------------------------------------------------------    -------------------

                         (clock clk_6p25MHz fall edge)
                                                     80.000    80.000 r  
    W5                                                0.000    80.000 r  clk (IN)
                         net (fo=0)                   0.000    80.000    clk
    W5                   IBUF (Prop_ibuf_I_O)         0.414    80.414 r  clk_IBUF_inst/O
                         net (fo=1, routed)           0.685    81.099    clk_IBUF
    BUFGCTRL_X0Y1        BUFG (Prop_bufg_I_O)         0.029    81.128 r  clk_IBUF_BUFG_inst/O
                         net (fo=194, routed)         0.835    81.962    clk_IBUF_BUFG
    SLICE_X12Y42         FDRE (Prop_fdre_C_Q)         0.204    82.166 f  clk_6p25MHz_reg/Q
                         net (fo=3, routed)           0.604    82.771    clk_6p25MHz
    BUFGCTRL_X0Y2        BUFG (Prop_bufg_I_O)         0.029    82.800 f  clk_6p25MHz_BUFG_inst/O
                         net (fo=115, routed)         0.850    83.649    oled_display/CLK
    SLICE_X2Y25          FDRE                                         r  oled_display/spi_word_reg[2]/C  (IS_INVERTED)
                         clock pessimism             -0.872    82.777    
    SLICE_X2Y25          FDRE (Hold_fdre_C_D)         0.135    82.912    oled_display/spi_word_reg[2]
  -------------------------------------------------------------------
                         required time                        -82.912    
                         arrival time                          83.096    
  -------------------------------------------------------------------
                         slack                                  0.184    

Slack (MET) :             0.186ns  (arrival time - required time)
  Source:                 oled_display/FSM_onehot_state_reg[30]/C
                            (falling edge-triggered cell FDRE clocked by clk_6p25MHz  {rise@0.000ns fall@80.000ns period=160.000ns})
  Destination:            oled_display/FSM_onehot_state_reg[25]/D
                            (falling edge-triggered cell FDRE clocked by clk_6p25MHz  {rise@0.000ns fall@80.000ns period=160.000ns})
  Path Group:             clk_6p25MHz
  Path Type:              Hold (Min at Fast Process Corner)
  Requirement:            0.000ns  (clk_6p25MHz fall@80.000ns - clk_6p25MHz fall@80.000ns)
  Data Path Delay:        0.279ns  (logic 0.146ns (52.343%)  route 0.133ns (47.657%))
  Logic Levels:           0  
  Clock Path Skew:        0.016ns (DCD - SCD - CPR)
    Destination Clock Delay (DCD):    3.666ns = ( 83.666 - 80.000 ) 
    Source Clock Delay      (SCD):    2.778ns = ( 82.778 - 80.000 ) 
    Clock Pessimism Removal (CPR):    0.872ns

    Location             Delay type                Incr(ns)  Path(ns)    Netlist Resource(s)
  -------------------------------------------------------------------    -------------------
                         (clock clk_6p25MHz fall edge)
                                                     80.000    80.000 f  
    W5                                                0.000    80.000 r  clk (IN)
                         net (fo=0)                   0.000    80.000    clk
    W5                   IBUF (Prop_ibuf_I_O)         0.226    80.226 r  clk_IBUF_inst/O
                         net (fo=1, routed)           0.631    80.858    clk_IBUF
    BUFGCTRL_X0Y1        BUFG (Prop_bufg_I_O)         0.026    80.884 r  clk_IBUF_BUFG_inst/O
                         net (fo=194, routed)         0.565    81.448    clk_IBUF_BUFG
    SLICE_X12Y42         FDRE (Prop_fdre_C_Q)         0.164    81.612 f  clk_6p25MHz_reg/Q
                         net (fo=3, routed)           0.544    82.156    clk_6p25MHz
    BUFGCTRL_X0Y2        BUFG (Prop_bufg_I_O)         0.026    82.182 f  clk_6p25MHz_BUFG_inst/O
                         net (fo=115, routed)         0.596    82.778    oled_display/CLK
    SLICE_X0Y0           FDRE                                         r  oled_display/FSM_onehot_state_reg[30]/C  (IS_INVERTED)
  -------------------------------------------------------------------    -------------------
    SLICE_X0Y0           FDRE (Prop_fdre_C_Q)         0.146    82.924 r  oled_display/FSM_onehot_state_reg[30]/Q
                         net (fo=3, routed)           0.133    83.057    oled_display/FSM_onehot_state_reg_n_0_[30]
    SLICE_X1Y1           FDRE                                         r  oled_display/FSM_onehot_state_reg[25]/D
  -------------------------------------------------------------------    -------------------

                         (clock clk_6p25MHz fall edge)
                                                     80.000    80.000 r  
    W5                                                0.000    80.000 r  clk (IN)
                         net (fo=0)                   0.000    80.000    clk
    W5                   IBUF (Prop_ibuf_I_O)         0.414    80.414 r  clk_IBUF_inst/O
                         net (fo=1, routed)           0.685    81.099    clk_IBUF
    BUFGCTRL_X0Y1        BUFG (Prop_bufg_I_O)         0.029    81.128 r  clk_IBUF_BUFG_inst/O
                         net (fo=194, routed)         0.835    81.962    clk_IBUF_BUFG
    SLICE_X12Y42         FDRE (Prop_fdre_C_Q)         0.204    82.166 f  clk_6p25MHz_reg/Q
                         net (fo=3, routed)           0.604    82.771    clk_6p25MHz
    BUFGCTRL_X0Y2        BUFG (Prop_bufg_I_O)         0.029    82.800 f  clk_6p25MHz_BUFG_inst/O
                         net (fo=115, routed)         0.867    83.666    oled_display/CLK
    SLICE_X1Y1           FDRE                                         r  oled_display/FSM_onehot_state_reg[25]/C  (IS_INVERTED)
                         clock pessimism             -0.872    82.794    
    SLICE_X1Y1           FDRE (Hold_fdre_C_D)         0.077    82.871    oled_display/FSM_onehot_state_reg[25]
  -------------------------------------------------------------------
                         required time                        -82.871    
                         arrival time                          83.057    
  -------------------------------------------------------------------
                         slack                                  0.186    

Slack (MET) :             0.193ns  (arrival time - required time)
  Source:                 oled_display/FSM_onehot_state_reg[22]/C
                            (falling edge-triggered cell FDRE clocked by clk_6p25MHz  {rise@0.000ns fall@80.000ns period=160.000ns})
  Destination:            oled_display/FSM_onehot_state_reg[30]/D
                            (falling edge-triggered cell FDRE clocked by clk_6p25MHz  {rise@0.000ns fall@80.000ns period=160.000ns})
  Path Group:             clk_6p25MHz
  Path Type:              Hold (Min at Fast Process Corner)
  Requirement:            0.000ns  (clk_6p25MHz fall@80.000ns - clk_6p25MHz fall@80.000ns)
  Data Path Delay:        0.270ns  (logic 0.146ns (54.069%)  route 0.124ns (45.932%))
  Logic Levels:           0  
  Clock Path Skew:        0.000ns (DCD - SCD - CPR)
    Destination Clock Delay (DCD):    3.666ns = ( 83.666 - 80.000 ) 
    Source Clock Delay      (SCD):    2.778ns = ( 82.778 - 80.000 ) 
    Clock Pessimism Removal (CPR):    0.888ns

    Location             Delay type                Incr(ns)  Path(ns)    Netlist Resource(s)
  -------------------------------------------------------------------    -------------------
                         (clock clk_6p25MHz fall edge)
                                                     80.000    80.000 f  
    W5                                                0.000    80.000 r  clk (IN)
                         net (fo=0)                   0.000    80.000    clk
    W5                   IBUF (Prop_ibuf_I_O)         0.226    80.226 r  clk_IBUF_inst/O
                         net (fo=1, routed)           0.631    80.858    clk_IBUF
    BUFGCTRL_X0Y1        BUFG (Prop_bufg_I_O)         0.026    80.884 r  clk_IBUF_BUFG_inst/O
                         net (fo=194, routed)         0.565    81.448    clk_IBUF_BUFG
    SLICE_X12Y42         FDRE (Prop_fdre_C_Q)         0.164    81.612 f  clk_6p25MHz_reg/Q
                         net (fo=3, routed)           0.544    82.156    clk_6p25MHz
    BUFGCTRL_X0Y2        BUFG (Prop_bufg_I_O)         0.026    82.182 f  clk_6p25MHz_BUFG_inst/O
                         net (fo=115, routed)         0.596    82.778    oled_display/CLK
    SLICE_X0Y0           FDRE                                         r  oled_display/FSM_onehot_state_reg[22]/C  (IS_INVERTED)
  -------------------------------------------------------------------    -------------------
    SLICE_X0Y0           FDRE (Prop_fdre_C_Q)         0.146    82.924 r  oled_display/FSM_onehot_state_reg[22]/Q
                         net (fo=2, routed)           0.124    83.048    oled_display/FSM_onehot_state_reg_n_0_[22]
    SLICE_X0Y0           FDRE                                         r  oled_display/FSM_onehot_state_reg[30]/D
  -------------------------------------------------------------------    -------------------

                         (clock clk_6p25MHz fall edge)
                                                     80.000    80.000 r  
    W5                                                0.000    80.000 r  clk (IN)
                         net (fo=0)                   0.000    80.000    clk
    W5                   IBUF (Prop_ibuf_I_O)         0.414    80.414 r  clk_IBUF_inst/O
                         net (fo=1, routed)           0.685    81.099    clk_IBUF
    BUFGCTRL_X0Y1        BUFG (Prop_bufg_I_O)         0.029    81.128 r  clk_IBUF_BUFG_inst/O
                         net (fo=194, routed)         0.835    81.962    clk_IBUF_BUFG
    SLICE_X12Y42         FDRE (Prop_fdre_C_Q)         0.204    82.166 f  clk_6p25MHz_reg/Q
                         net (fo=3, routed)           0.604    82.771    clk_6p25MHz
    BUFGCTRL_X0Y2        BUFG (Prop_bufg_I_O)         0.029    82.800 f  clk_6p25MHz_BUFG_inst/O
                         net (fo=115, routed)         0.867    83.666    oled_display/CLK
    SLICE_X0Y0           FDRE                                         r  oled_display/FSM_onehot_state_reg[30]/C  (IS_INVERTED)
                         clock pessimism             -0.888    82.778    
    SLICE_X0Y0           FDRE (Hold_fdre_C_D)         0.077    82.855    oled_display/FSM_onehot_state_reg[30]
  -------------------------------------------------------------------
                         required time                        -82.855    
                         arrival time                          83.048    
  -------------------------------------------------------------------
                         slack                                  0.193    

Slack (MET) :             0.206ns  (arrival time - required time)
  Source:                 oled_display/FSM_onehot_state_reg[4]/C
                            (falling edge-triggered cell FDRE clocked by clk_6p25MHz  {rise@0.000ns fall@80.000ns period=160.000ns})
  Destination:            oled_display/FSM_onehot_state_reg[28]/D
                            (falling edge-triggered cell FDRE clocked by clk_6p25MHz  {rise@0.000ns fall@80.000ns period=160.000ns})
  Path Group:             clk_6p25MHz
  Path Type:              Hold (Min at Fast Process Corner)
  Requirement:            0.000ns  (clk_6p25MHz fall@80.000ns - clk_6p25MHz fall@80.000ns)
  Data Path Delay:        0.286ns  (logic 0.146ns (51.076%)  route 0.140ns (48.923%))
  Logic Levels:           0  
  Clock Path Skew:        0.013ns (DCD - SCD - CPR)
    Destination Clock Delay (DCD):    3.666ns = ( 83.666 - 80.000 ) 
    Source Clock Delay      (SCD):    2.778ns = ( 82.778 - 80.000 ) 
    Clock Pessimism Removal (CPR):    0.875ns

    Location             Delay type                Incr(ns)  Path(ns)    Netlist Resource(s)
  -------------------------------------------------------------------    -------------------
                         (clock clk_6p25MHz fall edge)
                                                     80.000    80.000 f  
    W5                                                0.000    80.000 r  clk (IN)
                         net (fo=0)                   0.000    80.000    clk
    W5                   IBUF (Prop_ibuf_I_O)         0.226    80.226 r  clk_IBUF_inst/O
                         net (fo=1, routed)           0.631    80.858    clk_IBUF
    BUFGCTRL_X0Y1        BUFG (Prop_bufg_I_O)         0.026    80.884 r  clk_IBUF_BUFG_inst/O
                         net (fo=194, routed)         0.565    81.448    clk_IBUF_BUFG
    SLICE_X12Y42         FDRE (Prop_fdre_C_Q)         0.164    81.612 f  clk_6p25MHz_reg/Q
                         net (fo=3, routed)           0.544    82.156    clk_6p25MHz
    BUFGCTRL_X0Y2        BUFG (Prop_bufg_I_O)         0.026    82.182 f  clk_6p25MHz_BUFG_inst/O
                         net (fo=115, routed)         0.596    82.778    oled_display/CLK
    SLICE_X3Y1           FDRE                                         r  oled_display/FSM_onehot_state_reg[4]/C  (IS_INVERTED)
  -------------------------------------------------------------------    -------------------
    SLICE_X3Y1           FDRE (Prop_fdre_C_Q)         0.146    82.924 r  oled_display/FSM_onehot_state_reg[4]/Q
                         net (fo=4, routed)           0.140    83.064    oled_display/FSM_onehot_state_reg_n_0_[4]
    SLICE_X2Y1           FDRE                                         r  oled_display/FSM_onehot_state_reg[28]/D
  -------------------------------------------------------------------    -------------------

                         (clock clk_6p25MHz fall edge)
                                                     80.000    80.000 r  
    W5                                                0.000    80.000 r  clk (IN)
                         net (fo=0)                   0.000    80.000    clk
    W5                   IBUF (Prop_ibuf_I_O)         0.414    80.414 r  clk_IBUF_inst/O
                         net (fo=1, routed)           0.685    81.099    clk_IBUF
    BUFGCTRL_X0Y1        BUFG (Prop_bufg_I_O)         0.029    81.128 r  clk_IBUF_BUFG_inst/O
                         net (fo=194, routed)         0.835    81.962    clk_IBUF_BUFG
    SLICE_X12Y42         FDRE (Prop_fdre_C_Q)         0.204    82.166 f  clk_6p25MHz_reg/Q
                         net (fo=3, routed)           0.604    82.771    clk_6p25MHz
    BUFGCTRL_X0Y2        BUFG (Prop_bufg_I_O)         0.029    82.800 f  clk_6p25MHz_BUFG_inst/O
                         net (fo=115, routed)         0.867    83.666    oled_display/CLK
    SLICE_X2Y1           FDRE                                         r  oled_display/FSM_onehot_state_reg[28]/C  (IS_INVERTED)
                         clock pessimism             -0.875    82.791    
    SLICE_X2Y1           FDRE (Hold_fdre_C_D)         0.067    82.858    oled_display/FSM_onehot_state_reg[28]
  -------------------------------------------------------------------
                         required time                        -82.858    
                         arrival time                          83.064    
  -------------------------------------------------------------------
                         slack                                  0.206    

Slack (MET) :             0.207ns  (arrival time - required time)
  Source:                 oled_display/spi_word_reg[8]/C
                            (falling edge-triggered cell FDRE clocked by clk_6p25MHz  {rise@0.000ns fall@80.000ns period=160.000ns})
  Destination:            oled_display/spi_word_reg[9]/D
                            (falling edge-triggered cell FDRE clocked by clk_6p25MHz  {rise@0.000ns fall@80.000ns period=160.000ns})
  Path Group:             clk_6p25MHz
  Path Type:              Hold (Min at Fast Process Corner)
  Requirement:            0.000ns  (clk_6p25MHz fall@80.000ns - clk_6p25MHz fall@80.000ns)
  Data Path Delay:        0.321ns  (logic 0.235ns (73.163%)  route 0.086ns (26.838%))
  Logic Levels:           1  (LUT3=1)
  Clock Path Skew:        0.000ns (DCD - SCD - CPR)
    Destination Clock Delay (DCD):    3.649ns = ( 83.649 - 80.000 ) 
    Source Clock Delay      (SCD):    2.764ns = ( 82.764 - 80.000 ) 
    Clock Pessimism Removal (CPR):    0.885ns

    Location             Delay type                Incr(ns)  Path(ns)    Netlist Resource(s)
  -------------------------------------------------------------------    -------------------
                         (clock clk_6p25MHz fall edge)
                                                     80.000    80.000 f  
    W5                                                0.000    80.000 r  clk (IN)
                         net (fo=0)                   0.000    80.000    clk
    W5                   IBUF (Prop_ibuf_I_O)         0.226    80.226 r  clk_IBUF_inst/O
                         net (fo=1, routed)           0.631    80.858    clk_IBUF
    BUFGCTRL_X0Y1        BUFG (Prop_bufg_I_O)         0.026    80.884 r  clk_IBUF_BUFG_inst/O
                         net (fo=194, routed)         0.565    81.448    clk_IBUF_BUFG
    SLICE_X12Y42         FDRE (Prop_fdre_C_Q)         0.164    81.612 f  clk_6p25MHz_reg/Q
                         net (fo=3, routed)           0.544    82.156    clk_6p25MHz
    BUFGCTRL_X0Y2        BUFG (Prop_bufg_I_O)         0.026    82.182 f  clk_6p25MHz_BUFG_inst/O
                         net (fo=115, routed)         0.582    82.764    oled_display/CLK
    SLICE_X3Y25          FDRE                                         r  oled_display/spi_word_reg[8]/C  (IS_INVERTED)
  -------------------------------------------------------------------    -------------------
    SLICE_X3Y25          FDRE (Prop_fdre_C_Q)         0.133    82.897 r  oled_display/spi_word_reg[8]/Q
                         net (fo=1, routed)           0.086    82.983    oled_display/spi_word_reg_n_0_[8]
    SLICE_X3Y25          LUT3 (Prop_lut3_I2_O)        0.102    83.085 r  oled_display/spi_word[9]_i_1/O
                         net (fo=1, routed)           0.000    83.085    oled_display/spi_word[9]_i_1_n_0
    SLICE_X3Y25          FDRE                                         r  oled_display/spi_word_reg[9]/D
  -------------------------------------------------------------------    -------------------

                         (clock clk_6p25MHz fall edge)
                                                     80.000    80.000 r  
    W5                                                0.000    80.000 r  clk (IN)
                         net (fo=0)                   0.000    80.000    clk
    W5                   IBUF (Prop_ibuf_I_O)         0.414    80.414 r  clk_IBUF_inst/O
                         net (fo=1, routed)           0.685    81.099    clk_IBUF
    BUFGCTRL_X0Y1        BUFG (Prop_bufg_I_O)         0.029    81.128 r  clk_IBUF_BUFG_inst/O
                         net (fo=194, routed)         0.835    81.962    clk_IBUF_BUFG
    SLICE_X12Y42         FDRE (Prop_fdre_C_Q)         0.204    82.166 f  clk_6p25MHz_reg/Q
                         net (fo=3, routed)           0.604    82.771    clk_6p25MHz
    BUFGCTRL_X0Y2        BUFG (Prop_bufg_I_O)         0.029    82.800 f  clk_6p25MHz_BUFG_inst/O
                         net (fo=115, routed)         0.850    83.649    oled_display/CLK
    SLICE_X3Y25          FDRE                                         r  oled_display/spi_word_reg[9]/C  (IS_INVERTED)
                         clock pessimism             -0.885    82.764    
    SLICE_X3Y25          FDRE (Hold_fdre_C_D)         0.114    82.878    oled_display/spi_word_reg[9]
  -------------------------------------------------------------------
                         required time                        -82.878    
                         arrival time                          83.085    
  -------------------------------------------------------------------
                         slack                                  0.207    

Slack (MET) :             0.215ns  (arrival time - required time)
  Source:                 oled_display/spi_word_reg[23]/C
                            (falling edge-triggered cell FDRE clocked by clk_6p25MHz  {rise@0.000ns fall@80.000ns period=160.000ns})
  Destination:            oled_display/spi_word_reg[24]/D
                            (falling edge-triggered cell FDRE clocked by clk_6p25MHz  {rise@0.000ns fall@80.000ns period=160.000ns})
  Path Group:             clk_6p25MHz
  Path Type:              Hold (Min at Fast Process Corner)
  Requirement:            0.000ns  (clk_6p25MHz fall@80.000ns - clk_6p25MHz fall@80.000ns)
  Data Path Delay:        0.345ns  (logic 0.191ns (55.388%)  route 0.154ns (44.613%))
  Logic Levels:           1  (LUT6=1)
  Clock Path Skew:        0.032ns (DCD - SCD - CPR)
    Destination Clock Delay (DCD):    3.647ns = ( 83.647 - 80.000 ) 
    Source Clock Delay      (SCD):    2.764ns = ( 82.764 - 80.000 ) 
    Clock Pessimism Removal (CPR):    0.851ns

    Location             Delay type                Incr(ns)  Path(ns)    Netlist Resource(s)
  -------------------------------------------------------------------    -------------------
                         (clock clk_6p25MHz fall edge)
                                                     80.000    80.000 f  
    W5                                                0.000    80.000 r  clk (IN)
                         net (fo=0)                   0.000    80.000    clk
    W5                   IBUF (Prop_ibuf_I_O)         0.226    80.226 r  clk_IBUF_inst/O
                         net (fo=1, routed)           0.631    80.858    clk_IBUF
    BUFGCTRL_X0Y1        BUFG (Prop_bufg_I_O)         0.026    80.884 r  clk_IBUF_BUFG_inst/O
                         net (fo=194, routed)         0.565    81.448    clk_IBUF_BUFG
    SLICE_X12Y42         FDRE (Prop_fdre_C_Q)         0.164    81.612 f  clk_6p25MHz_reg/Q
                         net (fo=3, routed)           0.544    82.156    clk_6p25MHz
    BUFGCTRL_X0Y2        BUFG (Prop_bufg_I_O)         0.026    82.182 f  clk_6p25MHz_BUFG_inst/O
                         net (fo=115, routed)         0.582    82.764    oled_display/CLK
    SLICE_X3Y24          FDRE                                         r  oled_display/spi_word_reg[23]/C  (IS_INVERTED)
  -------------------------------------------------------------------    -------------------
    SLICE_X3Y24          FDRE (Prop_fdre_C_Q)         0.146    82.910 r  oled_display/spi_word_reg[23]/Q
                         net (fo=1, routed)           0.154    83.064    oled_display/spi_word_reg_n_0_[23]
    SLICE_X4Y24          LUT6 (Prop_lut6_I5_O)        0.045    83.109 r  oled_display/spi_word[24]_i_1/O
                         net (fo=1, routed)           0.000    83.109    oled_display/spi_word[24]_i_1_n_0
    SLICE_X4Y24          FDRE                                         r  oled_display/spi_word_reg[24]/D
  -------------------------------------------------------------------    -------------------

                         (clock clk_6p25MHz fall edge)
                                                     80.000    80.000 r  
    W5                                                0.000    80.000 r  clk (IN)
                         net (fo=0)                   0.000    80.000    clk
    W5                   IBUF (Prop_ibuf_I_O)         0.414    80.414 r  clk_IBUF_inst/O
                         net (fo=1, routed)           0.685    81.099    clk_IBUF
    BUFGCTRL_X0Y1        BUFG (Prop_bufg_I_O)         0.029    81.128 r  clk_IBUF_BUFG_inst/O
                         net (fo=194, routed)         0.835    81.962    clk_IBUF_BUFG
    SLICE_X12Y42         FDRE (Prop_fdre_C_Q)         0.204    82.166 f  clk_6p25MHz_reg/Q
                         net (fo=3, routed)           0.604    82.771    clk_6p25MHz
    BUFGCTRL_X0Y2        BUFG (Prop_bufg_I_O)         0.029    82.800 f  clk_6p25MHz_BUFG_inst/O
                         net (fo=115, routed)         0.848    83.647    oled_display/CLK
    SLICE_X4Y24          FDRE                                         r  oled_display/spi_word_reg[24]/C  (IS_INVERTED)
                         clock pessimism             -0.851    82.796    
    SLICE_X4Y24          FDRE (Hold_fdre_C_D)         0.098    82.894    oled_display/spi_word_reg[24]
  -------------------------------------------------------------------
                         required time                        -82.894    
                         arrival time                          83.109    
  -------------------------------------------------------------------
                         slack                                  0.215    

Slack (MET) :             0.230ns  (arrival time - required time)
  Source:                 oled_display/spi_word_reg[10]/C
                            (falling edge-triggered cell FDRE clocked by clk_6p25MHz  {rise@0.000ns fall@80.000ns period=160.000ns})
  Destination:            oled_display/spi_word_reg[11]/D
                            (falling edge-triggered cell FDRE clocked by clk_6p25MHz  {rise@0.000ns fall@80.000ns period=160.000ns})
  Path Group:             clk_6p25MHz
  Path Type:              Hold (Min at Fast Process Corner)
  Requirement:            0.000ns  (clk_6p25MHz fall@80.000ns - clk_6p25MHz fall@80.000ns)
  Data Path Delay:        0.344ns  (logic 0.188ns (54.634%)  route 0.156ns (45.365%))
  Logic Levels:           1  (LUT3=1)
  Clock Path Skew:        0.000ns (DCD - SCD - CPR)
    Destination Clock Delay (DCD):    3.649ns = ( 83.649 - 80.000 ) 
    Source Clock Delay      (SCD):    2.764ns = ( 82.764 - 80.000 ) 
    Clock Pessimism Removal (CPR):    0.885ns

    Location             Delay type                Incr(ns)  Path(ns)    Netlist Resource(s)
  -------------------------------------------------------------------    -------------------
                         (clock clk_6p25MHz fall edge)
                                                     80.000    80.000 f  
    W5                                                0.000    80.000 r  clk (IN)
                         net (fo=0)                   0.000    80.000    clk
    W5                   IBUF (Prop_ibuf_I_O)         0.226    80.226 r  clk_IBUF_inst/O
                         net (fo=1, routed)           0.631    80.858    clk_IBUF
    BUFGCTRL_X0Y1        BUFG (Prop_bufg_I_O)         0.026    80.884 r  clk_IBUF_BUFG_inst/O
                         net (fo=194, routed)         0.565    81.448    clk_IBUF_BUFG
    SLICE_X12Y42         FDRE (Prop_fdre_C_Q)         0.164    81.612 f  clk_6p25MHz_reg/Q
                         net (fo=3, routed)           0.544    82.156    clk_6p25MHz
    BUFGCTRL_X0Y2        BUFG (Prop_bufg_I_O)         0.026    82.182 f  clk_6p25MHz_BUFG_inst/O
                         net (fo=115, routed)         0.582    82.764    oled_display/CLK
    SLICE_X3Y25          FDRE                                         r  oled_display/spi_word_reg[10]/C  (IS_INVERTED)
  -------------------------------------------------------------------    -------------------
    SLICE_X3Y25          FDRE (Prop_fdre_C_Q)         0.146    82.910 r  oled_display/spi_word_reg[10]/Q
                         net (fo=1, routed)           0.156    83.066    oled_display/spi_word_reg_n_0_[10]
    SLICE_X3Y25          LUT3 (Prop_lut3_I2_O)        0.042    83.108 r  oled_display/spi_word[11]_i_1/O
                         net (fo=1, routed)           0.000    83.108    oled_display/spi_word[11]_i_1_n_0
    SLICE_X3Y25          FDRE                                         r  oled_display/spi_word_reg[11]/D
  -------------------------------------------------------------------    -------------------

                         (clock clk_6p25MHz fall edge)
                                                     80.000    80.000 r  
    W5                                                0.000    80.000 r  clk (IN)
                         net (fo=0)                   0.000    80.000    clk
    W5                   IBUF (Prop_ibuf_I_O)         0.414    80.414 r  clk_IBUF_inst/O
                         net (fo=1, routed)           0.685    81.099    clk_IBUF
    BUFGCTRL_X0Y1        BUFG (Prop_bufg_I_O)         0.029    81.128 r  clk_IBUF_BUFG_inst/O
                         net (fo=194, routed)         0.835    81.962    clk_IBUF_BUFG
    SLICE_X12Y42         FDRE (Prop_fdre_C_Q)         0.204    82.166 f  clk_6p25MHz_reg/Q
                         net (fo=3, routed)           0.604    82.771    clk_6p25MHz
    BUFGCTRL_X0Y2        BUFG (Prop_bufg_I_O)         0.029    82.800 f  clk_6p25MHz_BUFG_inst/O
                         net (fo=115, routed)         0.850    83.649    oled_display/CLK
    SLICE_X3Y25          FDRE                                         r  oled_display/spi_word_reg[11]/C  (IS_INVERTED)
                         clock pessimism             -0.885    82.764    
    SLICE_X3Y25          FDRE (Hold_fdre_C_D)         0.114    82.878    oled_display/spi_word_reg[11]
  -------------------------------------------------------------------
                         required time                        -82.878    
                         arrival time                          83.108    
  -------------------------------------------------------------------
                         slack                                  0.230    

Slack (MET) :             0.236ns  (arrival time - required time)
  Source:                 oled_display/delay_reg[12]/C
                            (falling edge-triggered cell FDRE clocked by clk_6p25MHz  {rise@0.000ns fall@80.000ns period=160.000ns})
  Destination:            oled_display/delay_reg[13]/D
                            (falling edge-triggered cell FDRE clocked by clk_6p25MHz  {rise@0.000ns fall@80.000ns period=160.000ns})
  Path Group:             clk_6p25MHz
  Path Type:              Hold (Min at Fast Process Corner)
  Requirement:            0.000ns  (clk_6p25MHz fall@80.000ns - clk_6p25MHz fall@80.000ns)
  Data Path Delay:        0.348ns  (logic 0.270ns (77.563%)  route 0.078ns (22.438%))
  Logic Levels:           1  (CARRY4=1)
  Clock Path Skew:        0.000ns (DCD - SCD - CPR)
    Destination Clock Delay (DCD):    3.652ns = ( 83.652 - 80.000 ) 
    Source Clock Delay      (SCD):    2.767ns = ( 82.767 - 80.000 ) 
    Clock Pessimism Removal (CPR):    0.885ns

    Location             Delay type                Incr(ns)  Path(ns)    Netlist Resource(s)
  -------------------------------------------------------------------    -------------------
                         (clock clk_6p25MHz fall edge)
                                                     80.000    80.000 f  
    W5                                                0.000    80.000 r  clk (IN)
                         net (fo=0)                   0.000    80.000    clk
    W5                   IBUF (Prop_ibuf_I_O)         0.226    80.226 r  clk_IBUF_inst/O
                         net (fo=1, routed)           0.631    80.858    clk_IBUF
    BUFGCTRL_X0Y1        BUFG (Prop_bufg_I_O)         0.026    80.884 r  clk_IBUF_BUFG_inst/O
                         net (fo=194, routed)         0.565    81.448    clk_IBUF_BUFG
    SLICE_X12Y42         FDRE (Prop_fdre_C_Q)         0.164    81.612 f  clk_6p25MHz_reg/Q
                         net (fo=3, routed)           0.544    82.156    clk_6p25MHz
    BUFGCTRL_X0Y2        BUFG (Prop_bufg_I_O)         0.026    82.182 f  clk_6p25MHz_BUFG_inst/O
                         net (fo=115, routed)         0.585    82.767    oled_display/clk_6p25MHz_reg
    SLICE_X3Y22          FDRE                                         r  oled_display/delay_reg[12]/C  (IS_INVERTED)
  -------------------------------------------------------------------    -------------------
    SLICE_X3Y22          FDRE (Prop_fdre_C_Q)         0.146    82.913 r  oled_display/delay_reg[12]/Q
                         net (fo=3, routed)           0.078    82.991    oled_display/delay_reg[12]
    SLICE_X3Y22          CARRY4 (Prop_carry4_DI[0]_O[1])
                                                      0.124    83.115 r  oled_display/delay_reg[12]_i_1/O[1]
                         net (fo=1, routed)           0.000    83.115    oled_display/delay_reg[12]_i_1_n_6
    SLICE_X3Y22          FDRE                                         r  oled_display/delay_reg[13]/D
  -------------------------------------------------------------------    -------------------

                         (clock clk_6p25MHz fall edge)
                                                     80.000    80.000 r  
    W5                                                0.000    80.000 r  clk (IN)
                         net (fo=0)                   0.000    80.000    clk
    W5                   IBUF (Prop_ibuf_I_O)         0.414    80.414 r  clk_IBUF_inst/O
                         net (fo=1, routed)           0.685    81.099    clk_IBUF
    BUFGCTRL_X0Y1        BUFG (Prop_bufg_I_O)         0.029    81.128 r  clk_IBUF_BUFG_inst/O
                         net (fo=194, routed)         0.835    81.962    clk_IBUF_BUFG
    SLICE_X12Y42         FDRE (Prop_fdre_C_Q)         0.204    82.166 f  clk_6p25MHz_reg/Q
                         net (fo=3, routed)           0.604    82.771    clk_6p25MHz
    BUFGCTRL_X0Y2        BUFG (Prop_bufg_I_O)         0.029    82.800 f  clk_6p25MHz_BUFG_inst/O
                         net (fo=115, routed)         0.853    83.652    oled_display/clk_6p25MHz_reg
    SLICE_X3Y22          FDRE                                         r  oled_display/delay_reg[13]/C  (IS_INVERTED)
                         clock pessimism             -0.885    82.767    
    SLICE_X3Y22          FDRE (Hold_fdre_C_D)         0.112    82.879    oled_display/delay_reg[13]
  -------------------------------------------------------------------
                         required time                        -82.879    
                         arrival time                          83.115    
  -------------------------------------------------------------------
                         slack                                  0.236    

Slack (MET) :             0.239ns  (arrival time - required time)
  Source:                 oled_display/delay_reg[10]/C
                            (falling edge-triggered cell FDRE clocked by clk_6p25MHz  {rise@0.000ns fall@80.000ns period=160.000ns})
  Destination:            oled_display/delay_reg[11]/D
                            (falling edge-triggered cell FDRE clocked by clk_6p25MHz  {rise@0.000ns fall@80.000ns period=160.000ns})
  Path Group:             clk_6p25MHz
  Path Type:              Hold (Min at Fast Process Corner)
  Requirement:            0.000ns  (clk_6p25MHz fall@80.000ns - clk_6p25MHz fall@80.000ns)
  Data Path Delay:        0.351ns  (logic 0.273ns (77.754%)  route 0.078ns (22.246%))
  Logic Levels:           1  (CARRY4=1)
  Clock Path Skew:        0.000ns (DCD - SCD - CPR)
    Destination Clock Delay (DCD):    3.653ns = ( 83.653 - 80.000 ) 
    Source Clock Delay      (SCD):    2.767ns = ( 82.767 - 80.000 ) 
    Clock Pessimism Removal (CPR):    0.886ns

    Location             Delay type                Incr(ns)  Path(ns)    Netlist Resource(s)
  -------------------------------------------------------------------    -------------------
                         (clock clk_6p25MHz fall edge)
                                                     80.000    80.000 f  
    W5                                                0.000    80.000 r  clk (IN)
                         net (fo=0)                   0.000    80.000    clk
    W5                   IBUF (Prop_ibuf_I_O)         0.226    80.226 r  clk_IBUF_inst/O
                         net (fo=1, routed)           0.631    80.858    clk_IBUF
    BUFGCTRL_X0Y1        BUFG (Prop_bufg_I_O)         0.026    80.884 r  clk_IBUF_BUFG_inst/O
                         net (fo=194, routed)         0.565    81.448    clk_IBUF_BUFG
    SLICE_X12Y42         FDRE (Prop_fdre_C_Q)         0.164    81.612 f  clk_6p25MHz_reg/Q
                         net (fo=3, routed)           0.544    82.156    clk_6p25MHz
    BUFGCTRL_X0Y2        BUFG (Prop_bufg_I_O)         0.026    82.182 f  clk_6p25MHz_BUFG_inst/O
                         net (fo=115, routed)         0.585    82.767    oled_display/clk_6p25MHz_reg
    SLICE_X3Y21          FDRE                                         r  oled_display/delay_reg[10]/C  (IS_INVERTED)
  -------------------------------------------------------------------    -------------------
    SLICE_X3Y21          FDRE (Prop_fdre_C_Q)         0.146    82.913 r  oled_display/delay_reg[10]/Q
                         net (fo=3, routed)           0.078    82.991    oled_display/delay_reg[10]
    SLICE_X3Y21          CARRY4 (Prop_carry4_DI[2]_O[3])
                                                      0.127    83.118 r  oled_display/delay_reg[8]_i_1/O[3]
                         net (fo=1, routed)           0.000    83.118    oled_display/delay_reg[8]_i_1_n_4
    SLICE_X3Y21          FDRE                                         r  oled_display/delay_reg[11]/D
  -------------------------------------------------------------------    -------------------

                         (clock clk_6p25MHz fall edge)
                                                     80.000    80.000 r  
    W5                                                0.000    80.000 r  clk (IN)
                         net (fo=0)                   0.000    80.000    clk
    W5                   IBUF (Prop_ibuf_I_O)         0.414    80.414 r  clk_IBUF_inst/O
                         net (fo=1, routed)           0.685    81.099    clk_IBUF
    BUFGCTRL_X0Y1        BUFG (Prop_bufg_I_O)         0.029    81.128 r  clk_IBUF_BUFG_inst/O
                         net (fo=194, routed)         0.835    81.962    clk_IBUF_BUFG
    SLICE_X12Y42         FDRE (Prop_fdre_C_Q)         0.204    82.166 f  clk_6p25MHz_reg/Q
                         net (fo=3, routed)           0.604    82.771    clk_6p25MHz
    BUFGCTRL_X0Y2        BUFG (Prop_bufg_I_O)         0.029    82.800 f  clk_6p25MHz_BUFG_inst/O
                         net (fo=115, routed)         0.854    83.653    oled_display/clk_6p25MHz_reg
    SLICE_X3Y21          FDRE                                         r  oled_display/delay_reg[11]/C  (IS_INVERTED)
                         clock pessimism             -0.886    82.767    
    SLICE_X3Y21          FDRE (Hold_fdre_C_D)         0.112    82.879    oled_display/delay_reg[11]
  -------------------------------------------------------------------
                         required time                        -82.879    
                         arrival time                          83.118    
  -------------------------------------------------------------------
                         slack                                  0.239    





Pulse Width Checks
--------------------------------------------------------------------------------------
Clock Name:         clk_6p25MHz
Waveform(ns):       { 0.000 80.000 }
Period(ns):         160.000
Sources:            { clk_6p25MHz_reg/Q }

Check Type        Corner  Lib Pin  Reference Pin  Required(ns)  Actual(ns)  Slack(ns)  Location       Pin
Min Period        n/a     BUFG/I   n/a            2.155         160.000     157.845    BUFGCTRL_X0Y2  clk_6p25MHz_BUFG_inst/I
Min Period        n/a     FDRE/C   n/a            1.000         160.000     159.000    SLICE_X3Y19    oled_display/delay_reg[0]/C
Min Period        n/a     FDRE/C   n/a            1.000         160.000     159.000    SLICE_X3Y21    oled_display/delay_reg[10]/C
Min Period        n/a     FDRE/C   n/a            1.000         160.000     159.000    SLICE_X3Y21    oled_display/delay_reg[11]/C
Min Period        n/a     FDRE/C   n/a            1.000         160.000     159.000    SLICE_X3Y22    oled_display/delay_reg[12]/C
Min Period        n/a     FDRE/C   n/a            1.000         160.000     159.000    SLICE_X3Y22    oled_display/delay_reg[13]/C
Min Period        n/a     FDRE/C   n/a            1.000         160.000     159.000    SLICE_X3Y22    oled_display/delay_reg[14]/C
Min Period        n/a     FDRE/C   n/a            1.000         160.000     159.000    SLICE_X3Y22    oled_display/delay_reg[15]/C
Min Period        n/a     FDRE/C   n/a            1.000         160.000     159.000    SLICE_X3Y23    oled_display/delay_reg[16]/C
Min Period        n/a     FDRE/C   n/a            1.000         160.000     159.000    SLICE_X3Y23    oled_display/delay_reg[17]/C
Low Pulse Width   Fast    FDRE/C   n/a            0.500         80.000      79.500     SLICE_X3Y19    oled_display/delay_reg[0]/C
Low Pulse Width   Fast    FDRE/C   n/a            0.500         80.000      79.500     SLICE_X3Y22    oled_display/delay_reg[12]/C
Low Pulse Width   Fast    FDRE/C   n/a            0.500         80.000      79.500     SLICE_X3Y22    oled_display/delay_reg[13]/C
Low Pulse Width   Fast    FDRE/C   n/a            0.500         80.000      79.500     SLICE_X3Y22    oled_display/delay_reg[14]/C
Low Pulse Width   Fast    FDRE/C   n/a            0.500         80.000      79.500     SLICE_X3Y22    oled_display/delay_reg[15]/C
Low Pulse Width   Fast    FDRE/C   n/a            0.500         80.000      79.500     SLICE_X3Y23    oled_display/delay_reg[16]/C
Low Pulse Width   Fast    FDRE/C   n/a            0.500         80.000      79.500     SLICE_X3Y23    oled_display/delay_reg[17]/C
Low Pulse Width   Fast    FDRE/C   n/a            0.500         80.000      79.500     SLICE_X3Y23    oled_display/delay_reg[18]/C
Low Pulse Width   Fast    FDRE/C   n/a            0.500         80.000      79.500     SLICE_X3Y23    oled_display/delay_reg[19]/C
Low Pulse Width   Fast    FDRE/C   n/a            0.500         80.000      79.500     SLICE_X3Y19    oled_display/delay_reg[1]/C
High Pulse Width  Slow    FDRE/C   n/a            0.500         80.000      79.500     SLICE_X3Y21    oled_display/delay_reg[10]/C
High Pulse Width  Fast    FDRE/C   n/a            0.500         80.000      79.500     SLICE_X3Y21    oled_display/delay_reg[10]/C
High Pulse Width  Slow    FDRE/C   n/a            0.500         80.000      79.500     SLICE_X3Y21    oled_display/delay_reg[11]/C
High Pulse Width  Fast    FDRE/C   n/a            0.500         80.000      79.500     SLICE_X3Y21    oled_display/delay_reg[11]/C
High Pulse Width  Slow    FDRE/C   n/a            0.500         80.000      79.500     SLICE_X3Y23    oled_display/delay_reg[16]/C
High Pulse Width  Slow    FDRE/C   n/a            0.500         80.000      79.500     SLICE_X3Y23    oled_display/delay_reg[17]/C
High Pulse Width  Slow    FDRE/C   n/a            0.500         80.000      79.500     SLICE_X3Y23    oled_display/delay_reg[18]/C
High Pulse Width  Slow    FDRE/C   n/a            0.500         80.000      79.500     SLICE_X3Y23    oled_display/delay_reg[19]/C
High Pulse Width  Slow    FDRE/C   n/a            0.500         80.000      79.500     SLICE_X3Y21    oled_display/delay_reg[8]/C
High Pulse Width  Fast    FDRE/C   n/a            0.500         80.000      79.500     SLICE_X3Y21    oled_display/delay_reg[8]/C



---------------------------------------------------------------------------------------------------
From Clock:  clk_movement
  To Clock:  clk_movement

Setup :            0  Failing Endpoints,  Worst Slack 22222202.000ns,  Total Violation        0.000ns
Hold  :            0  Failing Endpoints,  Worst Slack        0.107ns,  Total Violation        0.000ns
PW    :            0  Failing Endpoints,  Worst Slack 11111108.000ns,  Total Violation        0.000ns
---------------------------------------------------------------------------------------------------


Max Delay Paths
--------------------------------------------------------------------------------------
Slack (MET) :             22222202.000ns  (required time - arrival time)
  Source:                 merge_controller/array_positions_y_reg[3][5]/C
                            (rising edge-triggered cell FDCE clocked by clk_movement  {rise@0.000ns fall@11111110.000ns period=22222220.000ns})
  Destination:            merge_controller/step_timer_reg[2]/D
                            (rising edge-triggered cell FDCE clocked by clk_movement  {rise@0.000ns fall@11111110.000ns period=22222220.000ns})
  Path Group:             clk_movement
  Path Type:              Setup (Max at Slow Process Corner)
  Requirement:            22222220.000ns  (clk_movement rise@22222220.000ns - clk_movement rise@0.000ns)
  Data Path Delay:        15.871ns  (logic 1.572ns (9.905%)  route 14.299ns (90.095%))
  Logic Levels:           9  (LUT4=1 LUT5=2 LUT6=6)
  Clock Path Skew:        -0.124ns (DCD - SCD + CPR)
    Destination Clock Delay (DCD):    7.307ns = ( 22222228.000 - 22222220.000 ) 
    Source Clock Delay      (SCD):    7.983ns
    Clock Pessimism Removal (CPR):    0.553ns
  Clock Uncertainty:      0.035ns  ((TSJ^2 + TIJ^2)^1/2 + DJ) / 2 + PE
    Total System Jitter     (TSJ):    0.071ns
    Total Input Jitter      (TIJ):    0.000ns
    Discrete Jitter          (DJ):    0.000ns
    Phase Error              (PE):    0.000ns

    Location             Delay type                Incr(ns)  Path(ns)    Netlist Resource(s)
  -------------------------------------------------------------------    -------------------
                         (clock clk_movement rise edge)
                                                      0.000     0.000 r  
    W5                                                0.000     0.000 r  clk (IN)
                         net (fo=0)                   0.000     0.000    clk
    W5                   IBUF (Prop_ibuf_I_O)         1.458     1.458 r  clk_IBUF_inst/O
                         net (fo=1, routed)           1.967     3.425    clk_IBUF
    BUFGCTRL_X0Y1        BUFG (Prop_bufg_I_O)         0.096     3.521 r  clk_IBUF_BUFG_inst/O
                         net (fo=194, routed)         1.564     5.085    clk_IBUF_BUFG
    SLICE_X35Y46         FDRE (Prop_fdre_C_Q)         0.456     5.541 r  clk_movement_reg/Q
                         net (fo=2, routed)           0.708     6.249    clk_movement
    BUFGCTRL_X0Y0        BUFG (Prop_bufg_I_O)         0.096     6.345 r  clk_movement_BUFG_inst/O
                         net (fo=206, routed)         1.638     7.983    merge_controller/clk_movement_BUFG
    SLICE_X0Y43          FDCE                                         r  merge_controller/array_positions_y_reg[3][5]/C
  -------------------------------------------------------------------    -------------------
    SLICE_X0Y43          FDCE (Prop_fdce_C_Q)         0.456     8.439 f  merge_controller/array_positions_y_reg[3][5]/Q
                         net (fo=11, routed)          2.864    11.303    merge_controller/array_positions_y_flat[23]
    SLICE_X0Y8           LUT6 (Prop_lut6_I4_O)        0.124    11.427 r  merge_controller/divide_step[0]_i_31/O
                         net (fo=1, routed)           0.500    11.927    merge_controller/divide_step[0]_i_31_n_0
    SLICE_X1Y8           LUT6 (Prop_lut6_I0_O)        0.124    12.051 r  merge_controller/divide_step[0]_i_24/O
                         net (fo=1, routed)           0.879    12.930    merge_controller/divide_step[0]_i_24_n_0
    SLICE_X1Y8           LUT6 (Prop_lut6_I5_O)        0.124    13.054 r  merge_controller/divide_step[0]_i_9/O
                         net (fo=1, routed)           0.287    13.341    merge_controller/divide_step[0]_i_9_n_0
    SLICE_X3Y8           LUT6 (Prop_lut6_I5_O)        0.124    13.465 f  merge_controller/divide_step[0]_i_3/O
                         net (fo=4, routed)           2.192    15.658    merge_controller/divide_step[0]_i_3_n_0
    SLICE_X32Y17         LUT6 (Prop_lut6_I0_O)        0.124    15.782 r  merge_controller/user_answer_array[0][2]_i_7/O
                         net (fo=2, routed)           0.585    16.366    merge_controller/user_answer_array[0][2]_i_7_n_0
    SLICE_X33Y18         LUT6 (Prop_lut6_I0_O)        0.124    16.490 r  merge_controller/step_timer[1]_i_4/O
                         net (fo=1, routed)           1.561    18.051    merge_controller/step_timer[1]_i_4_n_0
    SLICE_X33Y18         LUT5 (Prop_lut5_I4_O)        0.124    18.175 r  merge_controller/step_timer[1]_i_2/O
                         net (fo=3, routed)           1.873    20.048    merge_controller/step_timer[1]_i_2_n_0
    SLICE_X29Y15         LUT4 (Prop_lut4_I3_O)        0.124    20.172 r  merge_controller/step_timer[7]_i_3/O
                         net (fo=6, routed)           2.329    22.501    merge_controller/step_timer[7]_i_3_n_0
    SLICE_X32Y20         LUT5 (Prop_lut5_I0_O)        0.124    22.625 r  merge_controller/step_timer[2]_i_1/O
                         net (fo=1, routed)           1.230    23.855    merge_controller/step_timer[2]_i_1_n_0
    SLICE_X32Y20         FDCE                                         r  merge_controller/step_timer_reg[2]/D
  -------------------------------------------------------------------    -------------------

                         (clock clk_movement rise edge)
                                                  22222220.000 22222220.000 r  
    W5                                                0.000 22222220.000 r  clk (IN)
                         net (fo=0)                   0.000 22222220.000    clk
    W5                   IBUF (Prop_ibuf_I_O)         1.388 22222222.000 r  clk_IBUF_inst/O
                         net (fo=1, routed)           1.862 22222224.000    clk_IBUF
    BUFGCTRL_X0Y1        BUFG (Prop_bufg_I_O)         0.091 22222224.000 r  clk_IBUF_BUFG_inst/O
                         net (fo=194, routed)         1.444 22222226.000    clk_IBUF_BUFG
    SLICE_X35Y46         FDRE (Prop_fdre_C_Q)         0.367 22222226.000 r  clk_movement_reg/Q
                         net (fo=2, routed)           0.629 22222226.000    clk_movement
    BUFGCTRL_X0Y0        BUFG (Prop_bufg_I_O)         0.091 22222226.000 r  clk_movement_BUFG_inst/O
                         net (fo=206, routed)         1.434 22222228.000    merge_controller/clk_movement_BUFG
    SLICE_X32Y20         FDCE                                         r  merge_controller/step_timer_reg[2]/C
                         clock pessimism              0.553 22222228.000    
                         clock uncertainty           -0.035 22222228.000    
    SLICE_X32Y20         FDCE (Setup_fdce_C_D)       -0.067 22222228.000    merge_controller/step_timer_reg[2]
  -------------------------------------------------------------------
                         required time                      22222226.000    
                         arrival time                         -23.855    
  -------------------------------------------------------------------
                         slack                              22222202.000    

Slack (MET) :             22222202.000ns  (required time - arrival time)
  Source:                 merge_controller/array_positions_y_reg[3][5]/C
                            (rising edge-triggered cell FDCE clocked by clk_movement  {rise@0.000ns fall@11111110.000ns period=22222220.000ns})
  Destination:            merge_controller/step_timer_reg[7]/D
                            (rising edge-triggered cell FDCE clocked by clk_movement  {rise@0.000ns fall@11111110.000ns period=22222220.000ns})
  Path Group:             clk_movement
  Path Type:              Setup (Max at Slow Process Corner)
  Requirement:            22222220.000ns  (clk_movement rise@22222220.000ns - clk_movement rise@0.000ns)
  Data Path Delay:        15.668ns  (logic 1.572ns (10.033%)  route 14.096ns (89.967%))
  Logic Levels:           9  (LUT4=1 LUT5=2 LUT6=6)
  Clock Path Skew:        -0.124ns (DCD - SCD + CPR)
    Destination Clock Delay (DCD):    7.307ns = ( 22222228.000 - 22222220.000 ) 
    Source Clock Delay      (SCD):    7.983ns
    Clock Pessimism Removal (CPR):    0.553ns
  Clock Uncertainty:      0.035ns  ((TSJ^2 + TIJ^2)^1/2 + DJ) / 2 + PE
    Total System Jitter     (TSJ):    0.071ns
    Total Input Jitter      (TIJ):    0.000ns
    Discrete Jitter          (DJ):    0.000ns
    Phase Error              (PE):    0.000ns

    Location             Delay type                Incr(ns)  Path(ns)    Netlist Resource(s)
  -------------------------------------------------------------------    -------------------
                         (clock clk_movement rise edge)
                                                      0.000     0.000 r  
    W5                                                0.000     0.000 r  clk (IN)
                         net (fo=0)                   0.000     0.000    clk
    W5                   IBUF (Prop_ibuf_I_O)         1.458     1.458 r  clk_IBUF_inst/O
                         net (fo=1, routed)           1.967     3.425    clk_IBUF
    BUFGCTRL_X0Y1        BUFG (Prop_bufg_I_O)         0.096     3.521 r  clk_IBUF_BUFG_inst/O
                         net (fo=194, routed)         1.564     5.085    clk_IBUF_BUFG
    SLICE_X35Y46         FDRE (Prop_fdre_C_Q)         0.456     5.541 r  clk_movement_reg/Q
                         net (fo=2, routed)           0.708     6.249    clk_movement
    BUFGCTRL_X0Y0        BUFG (Prop_bufg_I_O)         0.096     6.345 r  clk_movement_BUFG_inst/O
                         net (fo=206, routed)         1.638     7.983    merge_controller/clk_movement_BUFG
    SLICE_X0Y43          FDCE                                         r  merge_controller/array_positions_y_reg[3][5]/C
  -------------------------------------------------------------------    -------------------
    SLICE_X0Y43          FDCE (Prop_fdce_C_Q)         0.456     8.439 f  merge_controller/array_positions_y_reg[3][5]/Q
                         net (fo=11, routed)          2.864    11.303    merge_controller/array_positions_y_flat[23]
    SLICE_X0Y8           LUT6 (Prop_lut6_I4_O)        0.124    11.427 r  merge_controller/divide_step[0]_i_31/O
                         net (fo=1, routed)           0.500    11.927    merge_controller/divide_step[0]_i_31_n_0
    SLICE_X1Y8           LUT6 (Prop_lut6_I0_O)        0.124    12.051 r  merge_controller/divide_step[0]_i_24/O
                         net (fo=1, routed)           0.879    12.930    merge_controller/divide_step[0]_i_24_n_0
    SLICE_X1Y8           LUT6 (Prop_lut6_I5_O)        0.124    13.054 r  merge_controller/divide_step[0]_i_9/O
                         net (fo=1, routed)           0.287    13.341    merge_controller/divide_step[0]_i_9_n_0
    SLICE_X3Y8           LUT6 (Prop_lut6_I5_O)        0.124    13.465 f  merge_controller/divide_step[0]_i_3/O
                         net (fo=4, routed)           2.192    15.658    merge_controller/divide_step[0]_i_3_n_0
    SLICE_X32Y17         LUT6 (Prop_lut6_I0_O)        0.124    15.782 r  merge_controller/user_answer_array[0][2]_i_7/O
                         net (fo=2, routed)           0.585    16.366    merge_controller/user_answer_array[0][2]_i_7_n_0
    SLICE_X33Y18         LUT6 (Prop_lut6_I0_O)        0.124    16.490 r  merge_controller/step_timer[1]_i_4/O
                         net (fo=1, routed)           1.561    18.051    merge_controller/step_timer[1]_i_4_n_0
    SLICE_X33Y18         LUT5 (Prop_lut5_I4_O)        0.124    18.175 r  merge_controller/step_timer[1]_i_2/O
                         net (fo=3, routed)           1.873    20.048    merge_controller/step_timer[1]_i_2_n_0
    SLICE_X29Y15         LUT4 (Prop_lut4_I3_O)        0.124    20.172 r  merge_controller/step_timer[7]_i_3/O
                         net (fo=6, routed)           2.333    22.505    merge_controller/step_timer[7]_i_3_n_0
    SLICE_X32Y20         LUT5 (Prop_lut5_I0_O)        0.124    22.629 r  merge_controller/step_timer[7]_i_2/O
                         net (fo=1, routed)           1.022    23.651    merge_controller/step_timer[7]_i_2_n_0
    SLICE_X32Y20         FDCE                                         r  merge_controller/step_timer_reg[7]/D
  -------------------------------------------------------------------    -------------------

                         (clock clk_movement rise edge)
                                                  22222220.000 22222220.000 r  
    W5                                                0.000 22222220.000 r  clk (IN)
                         net (fo=0)                   0.000 22222220.000    clk
    W5                   IBUF (Prop_ibuf_I_O)         1.388 22222222.000 r  clk_IBUF_inst/O
                         net (fo=1, routed)           1.862 22222224.000    clk_IBUF
    BUFGCTRL_X0Y1        BUFG (Prop_bufg_I_O)         0.091 22222224.000 r  clk_IBUF_BUFG_inst/O
                         net (fo=194, routed)         1.444 22222226.000    clk_IBUF_BUFG
    SLICE_X35Y46         FDRE (Prop_fdre_C_Q)         0.367 22222226.000 r  clk_movement_reg/Q
                         net (fo=2, routed)           0.629 22222226.000    clk_movement
    BUFGCTRL_X0Y0        BUFG (Prop_bufg_I_O)         0.091 22222226.000 r  clk_movement_BUFG_inst/O
                         net (fo=206, routed)         1.434 22222228.000    merge_controller/clk_movement_BUFG
    SLICE_X32Y20         FDCE                                         r  merge_controller/step_timer_reg[7]/C
                         clock pessimism              0.553 22222228.000    
                         clock uncertainty           -0.035 22222228.000    
    SLICE_X32Y20         FDCE (Setup_fdce_C_D)       -0.081 22222228.000    merge_controller/step_timer_reg[7]
  -------------------------------------------------------------------
                         required time                      22222226.000    
                         arrival time                         -23.651    
  -------------------------------------------------------------------
                         slack                              22222202.000    

Slack (MET) :             22222204.000ns  (required time - arrival time)
  Source:                 merge_controller/array_positions_y_reg[3][5]/C
                            (rising edge-triggered cell FDCE clocked by clk_movement  {rise@0.000ns fall@11111110.000ns period=22222220.000ns})
  Destination:            merge_controller/step_timer_reg[3]/D
                            (rising edge-triggered cell FDCE clocked by clk_movement  {rise@0.000ns fall@11111110.000ns period=22222220.000ns})
  Path Group:             clk_movement
  Path Type:              Setup (Max at Slow Process Corner)
  Requirement:            22222220.000ns  (clk_movement rise@22222220.000ns - clk_movement rise@0.000ns)
  Data Path Delay:        14.865ns  (logic 1.572ns (10.575%)  route 13.293ns (89.425%))
  Logic Levels:           9  (LUT4=1 LUT5=1 LUT6=7)
  Clock Path Skew:        -0.124ns (DCD - SCD + CPR)
    Destination Clock Delay (DCD):    7.307ns = ( 22222228.000 - 22222220.000 ) 
    Source Clock Delay      (SCD):    7.983ns
    Clock Pessimism Removal (CPR):    0.553ns
  Clock Uncertainty:      0.035ns  ((TSJ^2 + TIJ^2)^1/2 + DJ) / 2 + PE
    Total System Jitter     (TSJ):    0.071ns
    Total Input Jitter      (TIJ):    0.000ns
    Discrete Jitter          (DJ):    0.000ns
    Phase Error              (PE):    0.000ns

    Location             Delay type                Incr(ns)  Path(ns)    Netlist Resource(s)
  -------------------------------------------------------------------    -------------------
                         (clock clk_movement rise edge)
                                                      0.000     0.000 r  
    W5                                                0.000     0.000 r  clk (IN)
                         net (fo=0)                   0.000     0.000    clk
    W5                   IBUF (Prop_ibuf_I_O)         1.458     1.458 r  clk_IBUF_inst/O
                         net (fo=1, routed)           1.967     3.425    clk_IBUF
    BUFGCTRL_X0Y1        BUFG (Prop_bufg_I_O)         0.096     3.521 r  clk_IBUF_BUFG_inst/O
                         net (fo=194, routed)         1.564     5.085    clk_IBUF_BUFG
    SLICE_X35Y46         FDRE (Prop_fdre_C_Q)         0.456     5.541 r  clk_movement_reg/Q
                         net (fo=2, routed)           0.708     6.249    clk_movement
    BUFGCTRL_X0Y0        BUFG (Prop_bufg_I_O)         0.096     6.345 r  clk_movement_BUFG_inst/O
                         net (fo=206, routed)         1.638     7.983    merge_controller/clk_movement_BUFG
    SLICE_X0Y43          FDCE                                         r  merge_controller/array_positions_y_reg[3][5]/C
  -------------------------------------------------------------------    -------------------
    SLICE_X0Y43          FDCE (Prop_fdce_C_Q)         0.456     8.439 f  merge_controller/array_positions_y_reg[3][5]/Q
                         net (fo=11, routed)          2.864    11.303    merge_controller/array_positions_y_flat[23]
    SLICE_X0Y8           LUT6 (Prop_lut6_I4_O)        0.124    11.427 r  merge_controller/divide_step[0]_i_31/O
                         net (fo=1, routed)           0.500    11.927    merge_controller/divide_step[0]_i_31_n_0
    SLICE_X1Y8           LUT6 (Prop_lut6_I0_O)        0.124    12.051 r  merge_controller/divide_step[0]_i_24/O
                         net (fo=1, routed)           0.879    12.930    merge_controller/divide_step[0]_i_24_n_0
    SLICE_X1Y8           LUT6 (Prop_lut6_I5_O)        0.124    13.054 r  merge_controller/divide_step[0]_i_9/O
                         net (fo=1, routed)           0.287    13.341    merge_controller/divide_step[0]_i_9_n_0
    SLICE_X3Y8           LUT6 (Prop_lut6_I5_O)        0.124    13.465 f  merge_controller/divide_step[0]_i_3/O
                         net (fo=4, routed)           2.192    15.658    merge_controller/divide_step[0]_i_3_n_0
    SLICE_X32Y17         LUT6 (Prop_lut6_I0_O)        0.124    15.782 r  merge_controller/user_answer_array[0][2]_i_7/O
                         net (fo=2, routed)           0.585    16.366    merge_controller/user_answer_array[0][2]_i_7_n_0
    SLICE_X33Y18         LUT6 (Prop_lut6_I0_O)        0.124    16.490 r  merge_controller/step_timer[1]_i_4/O
                         net (fo=1, routed)           1.561    18.051    merge_controller/step_timer[1]_i_4_n_0
    SLICE_X33Y18         LUT5 (Prop_lut5_I4_O)        0.124    18.175 r  merge_controller/step_timer[1]_i_2/O
                         net (fo=3, routed)           1.873    20.048    merge_controller/step_timer[1]_i_2_n_0
    SLICE_X29Y15         LUT4 (Prop_lut4_I3_O)        0.124    20.172 r  merge_controller/step_timer[7]_i_3/O
                         net (fo=6, routed)           2.552    22.724    merge_controller/step_timer[7]_i_3_n_0
    SLICE_X33Y20         LUT6 (Prop_lut6_I0_O)        0.124    22.848 r  merge_controller/step_timer[3]_i_1/O
                         net (fo=1, routed)           0.000    22.848    merge_controller/step_timer[3]_i_1_n_0
    SLICE_X33Y20         FDCE                                         r  merge_controller/step_timer_reg[3]/D
  -------------------------------------------------------------------    -------------------

                         (clock clk_movement rise edge)
                                                  22222220.000 22222220.000 r  
    W5                                                0.000 22222220.000 r  clk (IN)
                         net (fo=0)                   0.000 22222220.000    clk
    W5                   IBUF (Prop_ibuf_I_O)         1.388 22222222.000 r  clk_IBUF_inst/O
                         net (fo=1, routed)           1.862 22222224.000    clk_IBUF
    BUFGCTRL_X0Y1        BUFG (Prop_bufg_I_O)         0.091 22222224.000 r  clk_IBUF_BUFG_inst/O
                         net (fo=194, routed)         1.444 22222226.000    clk_IBUF_BUFG
    SLICE_X35Y46         FDRE (Prop_fdre_C_Q)         0.367 22222226.000 r  clk_movement_reg/Q
                         net (fo=2, routed)           0.629 22222226.000    clk_movement
    BUFGCTRL_X0Y0        BUFG (Prop_bufg_I_O)         0.091 22222226.000 r  clk_movement_BUFG_inst/O
                         net (fo=206, routed)         1.434 22222228.000    merge_controller/clk_movement_BUFG
    SLICE_X33Y20         FDCE                                         r  merge_controller/step_timer_reg[3]/C
                         clock pessimism              0.553 22222228.000    
                         clock uncertainty           -0.035 22222228.000    
    SLICE_X33Y20         FDCE (Setup_fdce_C_D)        0.029 22222228.000    merge_controller/step_timer_reg[3]
  -------------------------------------------------------------------
                         required time                      22222226.000    
                         arrival time                         -22.848    
  -------------------------------------------------------------------
                         slack                              22222204.000    

Slack (MET) :             22222204.000ns  (required time - arrival time)
  Source:                 merge_controller/array_positions_y_reg[3][5]/C
                            (rising edge-triggered cell FDCE clocked by clk_movement  {rise@0.000ns fall@11111110.000ns period=22222220.000ns})
  Destination:            merge_controller/step_timer_reg[4]/D
                            (rising edge-triggered cell FDCE clocked by clk_movement  {rise@0.000ns fall@11111110.000ns period=22222220.000ns})
  Path Group:             clk_movement
  Path Type:              Setup (Max at Slow Process Corner)
  Requirement:            22222220.000ns  (clk_movement rise@22222220.000ns - clk_movement rise@0.000ns)
  Data Path Delay:        14.796ns  (logic 1.572ns (10.625%)  route 13.224ns (89.375%))
  Logic Levels:           9  (LUT4=1 LUT5=1 LUT6=7)
  Clock Path Skew:        -0.124ns (DCD - SCD + CPR)
    Destination Clock Delay (DCD):    7.307ns = ( 22222228.000 - 22222220.000 ) 
    Source Clock Delay      (SCD):    7.983ns
    Clock Pessimism Removal (CPR):    0.553ns
  Clock Uncertainty:      0.035ns  ((TSJ^2 + TIJ^2)^1/2 + DJ) / 2 + PE
    Total System Jitter     (TSJ):    0.071ns
    Total Input Jitter      (TIJ):    0.000ns
    Discrete Jitter          (DJ):    0.000ns
    Phase Error              (PE):    0.000ns

    Location             Delay type                Incr(ns)  Path(ns)    Netlist Resource(s)
  -------------------------------------------------------------------    -------------------
                         (clock clk_movement rise edge)
                                                      0.000     0.000 r  
    W5                                                0.000     0.000 r  clk (IN)
                         net (fo=0)                   0.000     0.000    clk
    W5                   IBUF (Prop_ibuf_I_O)         1.458     1.458 r  clk_IBUF_inst/O
                         net (fo=1, routed)           1.967     3.425    clk_IBUF
    BUFGCTRL_X0Y1        BUFG (Prop_bufg_I_O)         0.096     3.521 r  clk_IBUF_BUFG_inst/O
                         net (fo=194, routed)         1.564     5.085    clk_IBUF_BUFG
    SLICE_X35Y46         FDRE (Prop_fdre_C_Q)         0.456     5.541 r  clk_movement_reg/Q
                         net (fo=2, routed)           0.708     6.249    clk_movement
    BUFGCTRL_X0Y0        BUFG (Prop_bufg_I_O)         0.096     6.345 r  clk_movement_BUFG_inst/O
                         net (fo=206, routed)         1.638     7.983    merge_controller/clk_movement_BUFG
    SLICE_X0Y43          FDCE                                         r  merge_controller/array_positions_y_reg[3][5]/C
  -------------------------------------------------------------------    -------------------
    SLICE_X0Y43          FDCE (Prop_fdce_C_Q)         0.456     8.439 f  merge_controller/array_positions_y_reg[3][5]/Q
                         net (fo=11, routed)          2.864    11.303    merge_controller/array_positions_y_flat[23]
    SLICE_X0Y8           LUT6 (Prop_lut6_I4_O)        0.124    11.427 r  merge_controller/divide_step[0]_i_31/O
                         net (fo=1, routed)           0.500    11.927    merge_controller/divide_step[0]_i_31_n_0
    SLICE_X1Y8           LUT6 (Prop_lut6_I0_O)        0.124    12.051 r  merge_controller/divide_step[0]_i_24/O
                         net (fo=1, routed)           0.879    12.930    merge_controller/divide_step[0]_i_24_n_0
    SLICE_X1Y8           LUT6 (Prop_lut6_I5_O)        0.124    13.054 r  merge_controller/divide_step[0]_i_9/O
                         net (fo=1, routed)           0.287    13.341    merge_controller/divide_step[0]_i_9_n_0
    SLICE_X3Y8           LUT6 (Prop_lut6_I5_O)        0.124    13.465 f  merge_controller/divide_step[0]_i_3/O
                         net (fo=4, routed)           2.192    15.658    merge_controller/divide_step[0]_i_3_n_0
    SLICE_X32Y17         LUT6 (Prop_lut6_I0_O)        0.124    15.782 r  merge_controller/user_answer_array[0][2]_i_7/O
                         net (fo=2, routed)           0.585    16.366    merge_controller/user_answer_array[0][2]_i_7_n_0
    SLICE_X33Y18         LUT6 (Prop_lut6_I0_O)        0.124    16.490 r  merge_controller/step_timer[1]_i_4/O
                         net (fo=1, routed)           1.561    18.051    merge_controller/step_timer[1]_i_4_n_0
    SLICE_X33Y18         LUT5 (Prop_lut5_I4_O)        0.124    18.175 r  merge_controller/step_timer[1]_i_2/O
                         net (fo=3, routed)           1.873    20.048    merge_controller/step_timer[1]_i_2_n_0
    SLICE_X29Y15         LUT4 (Prop_lut4_I3_O)        0.124    20.172 r  merge_controller/step_timer[7]_i_3/O
                         net (fo=6, routed)           2.483    22.655    merge_controller/step_timer[7]_i_3_n_0
    SLICE_X33Y19         LUT6 (Prop_lut6_I0_O)        0.124    22.779 r  merge_controller/step_timer[4]_i_1/O
                         net (fo=1, routed)           0.000    22.779    merge_controller/step_timer[4]_i_1_n_0
    SLICE_X33Y19         FDCE                                         r  merge_controller/step_timer_reg[4]/D
  -------------------------------------------------------------------    -------------------

                         (clock clk_movement rise edge)
                                                  22222220.000 22222220.000 r  
    W5                                                0.000 22222220.000 r  clk (IN)
                         net (fo=0)                   0.000 22222220.000    clk
    W5                   IBUF (Prop_ibuf_I_O)         1.388 22222222.000 r  clk_IBUF_inst/O
                         net (fo=1, routed)           1.862 22222224.000    clk_IBUF
    BUFGCTRL_X0Y1        BUFG (Prop_bufg_I_O)         0.091 22222224.000 r  clk_IBUF_BUFG_inst/O
                         net (fo=194, routed)         1.444 22222226.000    clk_IBUF_BUFG
    SLICE_X35Y46         FDRE (Prop_fdre_C_Q)         0.367 22222226.000 r  clk_movement_reg/Q
                         net (fo=2, routed)           0.629 22222226.000    clk_movement
    BUFGCTRL_X0Y0        BUFG (Prop_bufg_I_O)         0.091 22222226.000 r  clk_movement_BUFG_inst/O
                         net (fo=206, routed)         1.434 22222228.000    merge_controller/clk_movement_BUFG
    SLICE_X33Y19         FDCE                                         r  merge_controller/step_timer_reg[4]/C
                         clock pessimism              0.553 22222228.000    
                         clock uncertainty           -0.035 22222228.000    
    SLICE_X33Y19         FDCE (Setup_fdce_C_D)        0.029 22222228.000    merge_controller/step_timer_reg[4]
  -------------------------------------------------------------------
                         required time                      22222226.000    
                         arrival time                         -22.779    
  -------------------------------------------------------------------
                         slack                              22222204.000    

Slack (MET) :             22222204.000ns  (required time - arrival time)
  Source:                 merge_controller/array_positions_y_reg[3][5]/C
                            (rising edge-triggered cell FDCE clocked by clk_movement  {rise@0.000ns fall@11111110.000ns period=22222220.000ns})
  Destination:            merge_controller/step_timer_reg[5]/D
                            (rising edge-triggered cell FDCE clocked by clk_movement  {rise@0.000ns fall@11111110.000ns period=22222220.000ns})
  Path Group:             clk_movement
  Path Type:              Setup (Max at Slow Process Corner)
  Requirement:            22222220.000ns  (clk_movement rise@22222220.000ns - clk_movement rise@0.000ns)
  Data Path Delay:        14.864ns  (logic 1.572ns (10.576%)  route 13.292ns (89.424%))
  Logic Levels:           9  (LUT4=1 LUT5=1 LUT6=7)
  Clock Path Skew:        -0.124ns (DCD - SCD + CPR)
    Destination Clock Delay (DCD):    7.307ns = ( 22222228.000 - 22222220.000 ) 
    Source Clock Delay      (SCD):    7.983ns
    Clock Pessimism Removal (CPR):    0.553ns
  Clock Uncertainty:      0.035ns  ((TSJ^2 + TIJ^2)^1/2 + DJ) / 2 + PE
    Total System Jitter     (TSJ):    0.071ns
    Total Input Jitter      (TIJ):    0.000ns
    Discrete Jitter          (DJ):    0.000ns
    Phase Error              (PE):    0.000ns

    Location             Delay type                Incr(ns)  Path(ns)    Netlist Resource(s)
  -------------------------------------------------------------------    -------------------
                         (clock clk_movement rise edge)
                                                      0.000     0.000 r  
    W5                                                0.000     0.000 r  clk (IN)
                         net (fo=0)                   0.000     0.000    clk
    W5                   IBUF (Prop_ibuf_I_O)         1.458     1.458 r  clk_IBUF_inst/O
                         net (fo=1, routed)           1.967     3.425    clk_IBUF
    BUFGCTRL_X0Y1        BUFG (Prop_bufg_I_O)         0.096     3.521 r  clk_IBUF_BUFG_inst/O
                         net (fo=194, routed)         1.564     5.085    clk_IBUF_BUFG
    SLICE_X35Y46         FDRE (Prop_fdre_C_Q)         0.456     5.541 r  clk_movement_reg/Q
                         net (fo=2, routed)           0.708     6.249    clk_movement
    BUFGCTRL_X0Y0        BUFG (Prop_bufg_I_O)         0.096     6.345 r  clk_movement_BUFG_inst/O
                         net (fo=206, routed)         1.638     7.983    merge_controller/clk_movement_BUFG
    SLICE_X0Y43          FDCE                                         r  merge_controller/array_positions_y_reg[3][5]/C
  -------------------------------------------------------------------    -------------------
    SLICE_X0Y43          FDCE (Prop_fdce_C_Q)         0.456     8.439 f  merge_controller/array_positions_y_reg[3][5]/Q
                         net (fo=11, routed)          2.864    11.303    merge_controller/array_positions_y_flat[23]
    SLICE_X0Y8           LUT6 (Prop_lut6_I4_O)        0.124    11.427 r  merge_controller/divide_step[0]_i_31/O
                         net (fo=1, routed)           0.500    11.927    merge_controller/divide_step[0]_i_31_n_0
    SLICE_X1Y8           LUT6 (Prop_lut6_I0_O)        0.124    12.051 r  merge_controller/divide_step[0]_i_24/O
                         net (fo=1, routed)           0.879    12.930    merge_controller/divide_step[0]_i_24_n_0
    SLICE_X1Y8           LUT6 (Prop_lut6_I5_O)        0.124    13.054 r  merge_controller/divide_step[0]_i_9/O
                         net (fo=1, routed)           0.287    13.341    merge_controller/divide_step[0]_i_9_n_0
    SLICE_X3Y8           LUT6 (Prop_lut6_I5_O)        0.124    13.465 f  merge_controller/divide_step[0]_i_3/O
                         net (fo=4, routed)           2.192    15.658    merge_controller/divide_step[0]_i_3_n_0
    SLICE_X32Y17         LUT6 (Prop_lut6_I0_O)        0.124    15.782 r  merge_controller/user_answer_array[0][2]_i_7/O
                         net (fo=2, routed)           0.585    16.366    merge_controller/user_answer_array[0][2]_i_7_n_0
    SLICE_X33Y18         LUT6 (Prop_lut6_I0_O)        0.124    16.490 r  merge_controller/step_timer[1]_i_4/O
                         net (fo=1, routed)           1.561    18.051    merge_controller/step_timer[1]_i_4_n_0
    SLICE_X33Y18         LUT5 (Prop_lut5_I4_O)        0.124    18.175 r  merge_controller/step_timer[1]_i_2/O
                         net (fo=3, routed)           1.873    20.048    merge_controller/step_timer[1]_i_2_n_0
    SLICE_X29Y15         LUT4 (Prop_lut4_I3_O)        0.124    20.172 r  merge_controller/step_timer[7]_i_3/O
                         net (fo=6, routed)           2.551    22.723    merge_controller/step_timer[7]_i_3_n_0
    SLICE_X33Y20         LUT6 (Prop_lut6_I0_O)        0.124    22.847 r  merge_controller/step_timer[5]_i_1/O
                         net (fo=1, routed)           0.000    22.847    merge_controller/step_timer[5]_i_1_n_0
    SLICE_X33Y20         FDCE                                         r  merge_controller/step_timer_reg[5]/D
  -------------------------------------------------------------------    -------------------

                         (clock clk_movement rise edge)
                                                  22222220.000 22222220.000 r  
    W5                                                0.000 22222220.000 r  clk (IN)
                         net (fo=0)                   0.000 22222220.000    clk
    W5                   IBUF (Prop_ibuf_I_O)         1.388 22222222.000 r  clk_IBUF_inst/O
                         net (fo=1, routed)           1.862 22222224.000    clk_IBUF
    BUFGCTRL_X0Y1        BUFG (Prop_bufg_I_O)         0.091 22222224.000 r  clk_IBUF_BUFG_inst/O
                         net (fo=194, routed)         1.444 22222226.000    clk_IBUF_BUFG
    SLICE_X35Y46         FDRE (Prop_fdre_C_Q)         0.367 22222226.000 r  clk_movement_reg/Q
                         net (fo=2, routed)           0.629 22222226.000    clk_movement
    BUFGCTRL_X0Y0        BUFG (Prop_bufg_I_O)         0.091 22222226.000 r  clk_movement_BUFG_inst/O
                         net (fo=206, routed)         1.434 22222228.000    merge_controller/clk_movement_BUFG
    SLICE_X33Y20         FDCE                                         r  merge_controller/step_timer_reg[5]/C
                         clock pessimism              0.553 22222228.000    
                         clock uncertainty           -0.035 22222228.000    
    SLICE_X33Y20         FDCE (Setup_fdce_C_D)        0.031 22222228.000    merge_controller/step_timer_reg[5]
  -------------------------------------------------------------------
                         required time                      22222226.000    
                         arrival time                         -22.847    
  -------------------------------------------------------------------
                         slack                              22222204.000    

Slack (MET) :             22222204.000ns  (required time - arrival time)
  Source:                 merge_controller/array_positions_y_reg[3][5]/C
                            (rising edge-triggered cell FDCE clocked by clk_movement  {rise@0.000ns fall@11111110.000ns period=22222220.000ns})
  Destination:            merge_controller/step_timer_reg[6]/D
                            (rising edge-triggered cell FDCE clocked by clk_movement  {rise@0.000ns fall@11111110.000ns period=22222220.000ns})
  Path Group:             clk_movement
  Path Type:              Setup (Max at Slow Process Corner)
  Requirement:            22222220.000ns  (clk_movement rise@22222220.000ns - clk_movement rise@0.000ns)
  Data Path Delay:        14.706ns  (logic 1.572ns (10.690%)  route 13.134ns (89.310%))
  Logic Levels:           9  (LUT4=1 LUT5=1 LUT6=7)
  Clock Path Skew:        -0.124ns (DCD - SCD + CPR)
    Destination Clock Delay (DCD):    7.307ns = ( 22222228.000 - 22222220.000 ) 
    Source Clock Delay      (SCD):    7.983ns
    Clock Pessimism Removal (CPR):    0.553ns
  Clock Uncertainty:      0.035ns  ((TSJ^2 + TIJ^2)^1/2 + DJ) / 2 + PE
    Total System Jitter     (TSJ):    0.071ns
    Total Input Jitter      (TIJ):    0.000ns
    Discrete Jitter          (DJ):    0.000ns
    Phase Error              (PE):    0.000ns

    Location             Delay type                Incr(ns)  Path(ns)    Netlist Resource(s)
  -------------------------------------------------------------------    -------------------
                         (clock clk_movement rise edge)
                                                      0.000     0.000 r  
    W5                                                0.000     0.000 r  clk (IN)
                         net (fo=0)                   0.000     0.000    clk
    W5                   IBUF (Prop_ibuf_I_O)         1.458     1.458 r  clk_IBUF_inst/O
                         net (fo=1, routed)           1.967     3.425    clk_IBUF
    BUFGCTRL_X0Y1        BUFG (Prop_bufg_I_O)         0.096     3.521 r  clk_IBUF_BUFG_inst/O
                         net (fo=194, routed)         1.564     5.085    clk_IBUF_BUFG
    SLICE_X35Y46         FDRE (Prop_fdre_C_Q)         0.456     5.541 r  clk_movement_reg/Q
                         net (fo=2, routed)           0.708     6.249    clk_movement
    BUFGCTRL_X0Y0        BUFG (Prop_bufg_I_O)         0.096     6.345 r  clk_movement_BUFG_inst/O
                         net (fo=206, routed)         1.638     7.983    merge_controller/clk_movement_BUFG
    SLICE_X0Y43          FDCE                                         r  merge_controller/array_positions_y_reg[3][5]/C
  -------------------------------------------------------------------    -------------------
    SLICE_X0Y43          FDCE (Prop_fdce_C_Q)         0.456     8.439 f  merge_controller/array_positions_y_reg[3][5]/Q
                         net (fo=11, routed)          2.864    11.303    merge_controller/array_positions_y_flat[23]
    SLICE_X0Y8           LUT6 (Prop_lut6_I4_O)        0.124    11.427 r  merge_controller/divide_step[0]_i_31/O
                         net (fo=1, routed)           0.500    11.927    merge_controller/divide_step[0]_i_31_n_0
    SLICE_X1Y8           LUT6 (Prop_lut6_I0_O)        0.124    12.051 r  merge_controller/divide_step[0]_i_24/O
                         net (fo=1, routed)           0.879    12.930    merge_controller/divide_step[0]_i_24_n_0
    SLICE_X1Y8           LUT6 (Prop_lut6_I5_O)        0.124    13.054 r  merge_controller/divide_step[0]_i_9/O
                         net (fo=1, routed)           0.287    13.341    merge_controller/divide_step[0]_i_9_n_0
    SLICE_X3Y8           LUT6 (Prop_lut6_I5_O)        0.124    13.465 f  merge_controller/divide_step[0]_i_3/O
                         net (fo=4, routed)           2.192    15.658    merge_controller/divide_step[0]_i_3_n_0
    SLICE_X32Y17         LUT6 (Prop_lut6_I0_O)        0.124    15.782 r  merge_controller/user_answer_array[0][2]_i_7/O
                         net (fo=2, routed)           0.585    16.366    merge_controller/user_answer_array[0][2]_i_7_n_0
    SLICE_X33Y18         LUT6 (Prop_lut6_I0_O)        0.124    16.490 r  merge_controller/step_timer[1]_i_4/O
                         net (fo=1, routed)           1.561    18.051    merge_controller/step_timer[1]_i_4_n_0
    SLICE_X33Y18         LUT5 (Prop_lut5_I4_O)        0.124    18.175 r  merge_controller/step_timer[1]_i_2/O
                         net (fo=3, routed)           1.873    20.048    merge_controller/step_timer[1]_i_2_n_0
    SLICE_X29Y15         LUT4 (Prop_lut4_I3_O)        0.124    20.172 r  merge_controller/step_timer[7]_i_3/O
                         net (fo=6, routed)           2.393    22.565    merge_controller/step_timer[7]_i_3_n_0
    SLICE_X32Y19         LUT6 (Prop_lut6_I0_O)        0.124    22.689 r  merge_controller/step_timer[6]_i_1/O
                         net (fo=1, routed)           0.000    22.689    merge_controller/step_timer[6]_i_1_n_0
    SLICE_X32Y19         FDCE                                         r  merge_controller/step_timer_reg[6]/D
  -------------------------------------------------------------------    -------------------

                         (clock clk_movement rise edge)
                                                  22222220.000 22222220.000 r  
    W5                                                0.000 22222220.000 r  clk (IN)
                         net (fo=0)                   0.000 22222220.000    clk
    W5                   IBUF (Prop_ibuf_I_O)         1.388 22222222.000 r  clk_IBUF_inst/O
                         net (fo=1, routed)           1.862 22222224.000    clk_IBUF
    BUFGCTRL_X0Y1        BUFG (Prop_bufg_I_O)         0.091 22222224.000 r  clk_IBUF_BUFG_inst/O
                         net (fo=194, routed)         1.444 22222226.000    clk_IBUF_BUFG
    SLICE_X35Y46         FDRE (Prop_fdre_C_Q)         0.367 22222226.000 r  clk_movement_reg/Q
                         net (fo=2, routed)           0.629 22222226.000    clk_movement
    BUFGCTRL_X0Y0        BUFG (Prop_bufg_I_O)         0.091 22222226.000 r  clk_movement_BUFG_inst/O
                         net (fo=206, routed)         1.434 22222228.000    merge_controller/clk_movement_BUFG
    SLICE_X32Y19         FDCE                                         r  merge_controller/step_timer_reg[6]/C
                         clock pessimism              0.553 22222228.000    
                         clock uncertainty           -0.035 22222228.000    
    SLICE_X32Y19         FDCE (Setup_fdce_C_D)        0.029 22222228.000    merge_controller/step_timer_reg[6]
  -------------------------------------------------------------------
                         required time                      22222226.000    
                         arrival time                         -22.689    
  -------------------------------------------------------------------
                         slack                              22222204.000    

Slack (MET) :             22222204.000ns  (required time - arrival time)
  Source:                 merge_controller/array_positions_y_reg[3][5]/C
                            (rising edge-triggered cell FDCE clocked by clk_movement  {rise@0.000ns fall@11111110.000ns period=22222220.000ns})
  Destination:            merge_controller/user_answer_array_reg[0][0]/D
                            (rising edge-triggered cell FDRE clocked by clk_movement  {rise@0.000ns fall@11111110.000ns period=22222220.000ns})
  Path Group:             clk_movement
  Path Type:              Setup (Max at Slow Process Corner)
  Requirement:            22222220.000ns  (clk_movement rise@22222220.000ns - clk_movement rise@0.000ns)
  Data Path Delay:        14.110ns  (logic 1.572ns (11.141%)  route 12.538ns (88.859%))
  Logic Levels:           9  (LUT2=1 LUT4=1 LUT6=7)
  Clock Path Skew:        -0.117ns (DCD - SCD + CPR)
    Destination Clock Delay (DCD):    7.314ns = ( 22222228.000 - 22222220.000 ) 
    Source Clock Delay      (SCD):    7.983ns
    Clock Pessimism Removal (CPR):    0.553ns
  Clock Uncertainty:      0.035ns  ((TSJ^2 + TIJ^2)^1/2 + DJ) / 2 + PE
    Total System Jitter     (TSJ):    0.071ns
    Total Input Jitter      (TIJ):    0.000ns
    Discrete Jitter          (DJ):    0.000ns
    Phase Error              (PE):    0.000ns

    Location             Delay type                Incr(ns)  Path(ns)    Netlist Resource(s)
  -------------------------------------------------------------------    -------------------
                         (clock clk_movement rise edge)
                                                      0.000     0.000 r  
    W5                                                0.000     0.000 r  clk (IN)
                         net (fo=0)                   0.000     0.000    clk
    W5                   IBUF (Prop_ibuf_I_O)         1.458     1.458 r  clk_IBUF_inst/O
                         net (fo=1, routed)           1.967     3.425    clk_IBUF
    BUFGCTRL_X0Y1        BUFG (Prop_bufg_I_O)         0.096     3.521 r  clk_IBUF_BUFG_inst/O
                         net (fo=194, routed)         1.564     5.085    clk_IBUF_BUFG
    SLICE_X35Y46         FDRE (Prop_fdre_C_Q)         0.456     5.541 r  clk_movement_reg/Q
                         net (fo=2, routed)           0.708     6.249    clk_movement
    BUFGCTRL_X0Y0        BUFG (Prop_bufg_I_O)         0.096     6.345 r  clk_movement_BUFG_inst/O
                         net (fo=206, routed)         1.638     7.983    merge_controller/clk_movement_BUFG
    SLICE_X0Y43          FDCE                                         r  merge_controller/array_positions_y_reg[3][5]/C
  -------------------------------------------------------------------    -------------------
    SLICE_X0Y43          FDCE (Prop_fdce_C_Q)         0.456     8.439 r  merge_controller/array_positions_y_reg[3][5]/Q
                         net (fo=11, routed)          2.864    11.303    merge_controller/array_positions_y_flat[23]
    SLICE_X0Y8           LUT6 (Prop_lut6_I4_O)        0.124    11.427 f  merge_controller/divide_step[0]_i_31/O
                         net (fo=1, routed)           0.500    11.927    merge_controller/divide_step[0]_i_31_n_0
    SLICE_X1Y8           LUT6 (Prop_lut6_I0_O)        0.124    12.051 f  merge_controller/divide_step[0]_i_24/O
                         net (fo=1, routed)           0.879    12.930    merge_controller/divide_step[0]_i_24_n_0
    SLICE_X1Y8           LUT6 (Prop_lut6_I5_O)        0.124    13.054 f  merge_controller/divide_step[0]_i_9/O
                         net (fo=1, routed)           0.287    13.341    merge_controller/divide_step[0]_i_9_n_0
    SLICE_X3Y8           LUT6 (Prop_lut6_I5_O)        0.124    13.465 r  merge_controller/divide_step[0]_i_3/O
                         net (fo=4, routed)           2.192    15.658    merge_controller/divide_step[0]_i_3_n_0
    SLICE_X32Y17         LUT6 (Prop_lut6_I0_O)        0.124    15.782 f  merge_controller/user_answer_array[0][2]_i_7/O
                         net (fo=2, routed)           0.671    16.452    merge_controller/user_answer_array[0][2]_i_7_n_0
    SLICE_X33Y17         LUT4 (Prop_lut4_I3_O)        0.124    16.576 f  merge_controller/user_answer_array[0][2]_i_3/O
                         net (fo=21, routed)          1.536    18.112    merge_controller/user_answer_array[0][2]_i_3_n_0
    SLICE_X35Y12         LUT2 (Prop_lut2_I1_O)        0.124    18.236 r  merge_controller/tutorial_merge_step_target[2]_i_2/O
                         net (fo=5, routed)           1.395    19.631    merge_controller/tutorial_merge_step_target[2]_i_2_n_0
    SLICE_X34Y12         LUT6 (Prop_lut6_I0_O)        0.124    19.755 r  merge_controller/user_answer_array[0][2]_i_4/O
                         net (fo=3, routed)           2.215    21.970    merge_controller/user_answer_array[0][2]_i_4_n_0
    SLICE_X34Y11         LUT6 (Prop_lut6_I4_O)        0.124    22.094 r  merge_controller/user_answer_array[0][0]_i_1/O
                         net (fo=1, routed)           0.000    22.094    merge_controller/user_answer_array[0][0]_i_1_n_0
    SLICE_X34Y11         FDRE                                         r  merge_controller/user_answer_array_reg[0][0]/D
  -------------------------------------------------------------------    -------------------

                         (clock clk_movement rise edge)
                                                  22222220.000 22222220.000 r  
    W5                                                0.000 22222220.000 r  clk (IN)
                         net (fo=0)                   0.000 22222220.000    clk
    W5                   IBUF (Prop_ibuf_I_O)         1.388 22222222.000 r  clk_IBUF_inst/O
                         net (fo=1, routed)           1.862 22222224.000    clk_IBUF
    BUFGCTRL_X0Y1        BUFG (Prop_bufg_I_O)         0.091 22222224.000 r  clk_IBUF_BUFG_inst/O
                         net (fo=194, routed)         1.444 22222226.000    clk_IBUF_BUFG
    SLICE_X35Y46         FDRE (Prop_fdre_C_Q)         0.367 22222226.000 r  clk_movement_reg/Q
                         net (fo=2, routed)           0.629 22222226.000    clk_movement
    BUFGCTRL_X0Y0        BUFG (Prop_bufg_I_O)         0.091 22222226.000 r  clk_movement_BUFG_inst/O
                         net (fo=206, routed)         1.441 22222228.000    merge_controller/clk_movement_BUFG
    SLICE_X34Y11         FDRE                                         r  merge_controller/user_answer_array_reg[0][0]/C
                         clock pessimism              0.553 22222228.000    
                         clock uncertainty           -0.035 22222228.000    
    SLICE_X34Y11         FDRE (Setup_fdre_C_D)        0.077 22222228.000    merge_controller/user_answer_array_reg[0][0]
  -------------------------------------------------------------------
                         required time                      22222226.000    
                         arrival time                         -22.094    
  -------------------------------------------------------------------
                         slack                              22222204.000    

Slack (MET) :             22222204.000ns  (required time - arrival time)
  Source:                 merge_controller/array_positions_y_reg[3][5]/C
                            (rising edge-triggered cell FDCE clocked by clk_movement  {rise@0.000ns fall@11111110.000ns period=22222220.000ns})
  Destination:            merge_controller/user_answer_array_reg[0][1]/D
                            (rising edge-triggered cell FDRE clocked by clk_movement  {rise@0.000ns fall@11111110.000ns period=22222220.000ns})
  Path Group:             clk_movement
  Path Type:              Setup (Max at Slow Process Corner)
  Requirement:            22222220.000ns  (clk_movement rise@22222220.000ns - clk_movement rise@0.000ns)
  Data Path Delay:        13.939ns  (logic 1.572ns (11.278%)  route 12.367ns (88.722%))
  Logic Levels:           9  (LUT2=1 LUT4=1 LUT6=7)
  Clock Path Skew:        -0.116ns (DCD - SCD + CPR)
    Destination Clock Delay (DCD):    7.315ns = ( 22222228.000 - 22222220.000 ) 
    Source Clock Delay      (SCD):    7.983ns
    Clock Pessimism Removal (CPR):    0.553ns
  Clock Uncertainty:      0.035ns  ((TSJ^2 + TIJ^2)^1/2 + DJ) / 2 + PE
    Total System Jitter     (TSJ):    0.071ns
    Total Input Jitter      (TIJ):    0.000ns
    Discrete Jitter          (DJ):    0.000ns
    Phase Error              (PE):    0.000ns

    Location             Delay type                Incr(ns)  Path(ns)    Netlist Resource(s)
  -------------------------------------------------------------------    -------------------
                         (clock clk_movement rise edge)
                                                      0.000     0.000 r  
    W5                                                0.000     0.000 r  clk (IN)
                         net (fo=0)                   0.000     0.000    clk
    W5                   IBUF (Prop_ibuf_I_O)         1.458     1.458 r  clk_IBUF_inst/O
                         net (fo=1, routed)           1.967     3.425    clk_IBUF
    BUFGCTRL_X0Y1        BUFG (Prop_bufg_I_O)         0.096     3.521 r  clk_IBUF_BUFG_inst/O
                         net (fo=194, routed)         1.564     5.085    clk_IBUF_BUFG
    SLICE_X35Y46         FDRE (Prop_fdre_C_Q)         0.456     5.541 r  clk_movement_reg/Q
                         net (fo=2, routed)           0.708     6.249    clk_movement
    BUFGCTRL_X0Y0        BUFG (Prop_bufg_I_O)         0.096     6.345 r  clk_movement_BUFG_inst/O
                         net (fo=206, routed)         1.638     7.983    merge_controller/clk_movement_BUFG
    SLICE_X0Y43          FDCE                                         r  merge_controller/array_positions_y_reg[3][5]/C
  -------------------------------------------------------------------    -------------------
    SLICE_X0Y43          FDCE (Prop_fdce_C_Q)         0.456     8.439 r  merge_controller/array_positions_y_reg[3][5]/Q
                         net (fo=11, routed)          2.864    11.303    merge_controller/array_positions_y_flat[23]
    SLICE_X0Y8           LUT6 (Prop_lut6_I4_O)        0.124    11.427 f  merge_controller/divide_step[0]_i_31/O
                         net (fo=1, routed)           0.500    11.927    merge_controller/divide_step[0]_i_31_n_0
    SLICE_X1Y8           LUT6 (Prop_lut6_I0_O)        0.124    12.051 f  merge_controller/divide_step[0]_i_24/O
                         net (fo=1, routed)           0.879    12.930    merge_controller/divide_step[0]_i_24_n_0
    SLICE_X1Y8           LUT6 (Prop_lut6_I5_O)        0.124    13.054 f  merge_controller/divide_step[0]_i_9/O
                         net (fo=1, routed)           0.287    13.341    merge_controller/divide_step[0]_i_9_n_0
    SLICE_X3Y8           LUT6 (Prop_lut6_I5_O)        0.124    13.465 r  merge_controller/divide_step[0]_i_3/O
                         net (fo=4, routed)           2.192    15.658    merge_controller/divide_step[0]_i_3_n_0
    SLICE_X32Y17         LUT6 (Prop_lut6_I0_O)        0.124    15.782 f  merge_controller/user_answer_array[0][2]_i_7/O
                         net (fo=2, routed)           0.671    16.452    merge_controller/user_answer_array[0][2]_i_7_n_0
    SLICE_X33Y17         LUT4 (Prop_lut4_I3_O)        0.124    16.576 f  merge_controller/user_answer_array[0][2]_i_3/O
                         net (fo=21, routed)          1.536    18.112    merge_controller/user_answer_array[0][2]_i_3_n_0
    SLICE_X35Y12         LUT2 (Prop_lut2_I1_O)        0.124    18.236 r  merge_controller/tutorial_merge_step_target[2]_i_2/O
                         net (fo=5, routed)           1.395    19.631    merge_controller/tutorial_merge_step_target[2]_i_2_n_0
    SLICE_X34Y12         LUT6 (Prop_lut6_I0_O)        0.124    19.755 r  merge_controller/user_answer_array[0][2]_i_4/O
                         net (fo=3, routed)           2.043    21.798    merge_controller/user_answer_array[0][2]_i_4_n_0
    SLICE_X32Y11         LUT6 (Prop_lut6_I4_O)        0.124    21.922 r  merge_controller/user_answer_array[0][1]_i_1/O
                         net (fo=1, routed)           0.000    21.922    merge_controller/user_answer_array[0][1]_i_1_n_0
    SLICE_X32Y11         FDRE                                         r  merge_controller/user_answer_array_reg[0][1]/D
  -------------------------------------------------------------------    -------------------

                         (clock clk_movement rise edge)
                                                  22222220.000 22222220.000 r  
    W5                                                0.000 22222220.000 r  clk (IN)
                         net (fo=0)                   0.000 22222220.000    clk
    W5                   IBUF (Prop_ibuf_I_O)         1.388 22222222.000 r  clk_IBUF_inst/O
                         net (fo=1, routed)           1.862 22222224.000    clk_IBUF
    BUFGCTRL_X0Y1        BUFG (Prop_bufg_I_O)         0.091 22222224.000 r  clk_IBUF_BUFG_inst/O
                         net (fo=194, routed)         1.444 22222226.000    clk_IBUF_BUFG
    SLICE_X35Y46         FDRE (Prop_fdre_C_Q)         0.367 22222226.000 r  clk_movement_reg/Q
                         net (fo=2, routed)           0.629 22222226.000    clk_movement
    BUFGCTRL_X0Y0        BUFG (Prop_bufg_I_O)         0.091 22222226.000 r  clk_movement_BUFG_inst/O
                         net (fo=206, routed)         1.442 22222228.000    merge_controller/clk_movement_BUFG
    SLICE_X32Y11         FDRE                                         r  merge_controller/user_answer_array_reg[0][1]/C
                         clock pessimism              0.553 22222228.000    
                         clock uncertainty           -0.035 22222228.000    
    SLICE_X32Y11         FDRE (Setup_fdre_C_D)        0.029 22222228.000    merge_controller/user_answer_array_reg[0][1]
  -------------------------------------------------------------------
                         required time                      22222226.000    
                         arrival time                         -21.922    
  -------------------------------------------------------------------
                         slack                              22222204.000    

Slack (MET) :             22222204.000ns  (required time - arrival time)
  Source:                 merge_controller/array_positions_y_reg[3][5]/C
                            (rising edge-triggered cell FDCE clocked by clk_movement  {rise@0.000ns fall@11111110.000ns period=22222220.000ns})
  Destination:            merge_controller/user_answer_array_reg[0][2]/D
                            (rising edge-triggered cell FDRE clocked by clk_movement  {rise@0.000ns fall@11111110.000ns period=22222220.000ns})
  Path Group:             clk_movement
  Path Type:              Setup (Max at Slow Process Corner)
  Requirement:            22222220.000ns  (clk_movement rise@22222220.000ns - clk_movement rise@0.000ns)
  Data Path Delay:        14.018ns  (logic 1.572ns (11.214%)  route 12.446ns (88.786%))
  Logic Levels:           9  (LUT2=1 LUT4=1 LUT5=1 LUT6=6)
  Clock Path Skew:        -0.116ns (DCD - SCD + CPR)
    Destination Clock Delay (DCD):    7.315ns = ( 22222228.000 - 22222220.000 ) 
    Source Clock Delay      (SCD):    7.983ns
    Clock Pessimism Removal (CPR):    0.553ns
  Clock Uncertainty:      0.035ns  ((TSJ^2 + TIJ^2)^1/2 + DJ) / 2 + PE
    Total System Jitter     (TSJ):    0.071ns
    Total Input Jitter      (TIJ):    0.000ns
    Discrete Jitter          (DJ):    0.000ns
    Phase Error              (PE):    0.000ns

    Location             Delay type                Incr(ns)  Path(ns)    Netlist Resource(s)
  -------------------------------------------------------------------    -------------------
                         (clock clk_movement rise edge)
                                                      0.000     0.000 r  
    W5                                                0.000     0.000 r  clk (IN)
                         net (fo=0)                   0.000     0.000    clk
    W5                   IBUF (Prop_ibuf_I_O)         1.458     1.458 r  clk_IBUF_inst/O
                         net (fo=1, routed)           1.967     3.425    clk_IBUF
    BUFGCTRL_X0Y1        BUFG (Prop_bufg_I_O)         0.096     3.521 r  clk_IBUF_BUFG_inst/O
                         net (fo=194, routed)         1.564     5.085    clk_IBUF_BUFG
    SLICE_X35Y46         FDRE (Prop_fdre_C_Q)         0.456     5.541 r  clk_movement_reg/Q
                         net (fo=2, routed)           0.708     6.249    clk_movement
    BUFGCTRL_X0Y0        BUFG (Prop_bufg_I_O)         0.096     6.345 r  clk_movement_BUFG_inst/O
                         net (fo=206, routed)         1.638     7.983    merge_controller/clk_movement_BUFG
    SLICE_X0Y43          FDCE                                         r  merge_controller/array_positions_y_reg[3][5]/C
  -------------------------------------------------------------------    -------------------
    SLICE_X0Y43          FDCE (Prop_fdce_C_Q)         0.456     8.439 r  merge_controller/array_positions_y_reg[3][5]/Q
                         net (fo=11, routed)          2.864    11.303    merge_controller/array_positions_y_flat[23]
    SLICE_X0Y8           LUT6 (Prop_lut6_I4_O)        0.124    11.427 f  merge_controller/divide_step[0]_i_31/O
                         net (fo=1, routed)           0.500    11.927    merge_controller/divide_step[0]_i_31_n_0
    SLICE_X1Y8           LUT6 (Prop_lut6_I0_O)        0.124    12.051 f  merge_controller/divide_step[0]_i_24/O
                         net (fo=1, routed)           0.879    12.930    merge_controller/divide_step[0]_i_24_n_0
    SLICE_X1Y8           LUT6 (Prop_lut6_I5_O)        0.124    13.054 f  merge_controller/divide_step[0]_i_9/O
                         net (fo=1, routed)           0.287    13.341    merge_controller/divide_step[0]_i_9_n_0
    SLICE_X3Y8           LUT6 (Prop_lut6_I5_O)        0.124    13.465 r  merge_controller/divide_step[0]_i_3/O
                         net (fo=4, routed)           2.192    15.658    merge_controller/divide_step[0]_i_3_n_0
    SLICE_X32Y17         LUT6 (Prop_lut6_I0_O)        0.124    15.782 f  merge_controller/user_answer_array[0][2]_i_7/O
                         net (fo=2, routed)           0.671    16.452    merge_controller/user_answer_array[0][2]_i_7_n_0
    SLICE_X33Y17         LUT4 (Prop_lut4_I3_O)        0.124    16.576 f  merge_controller/user_answer_array[0][2]_i_3/O
                         net (fo=21, routed)          1.536    18.112    merge_controller/user_answer_array[0][2]_i_3_n_0
    SLICE_X35Y12         LUT2 (Prop_lut2_I1_O)        0.124    18.236 r  merge_controller/tutorial_merge_step_target[2]_i_2/O
                         net (fo=5, routed)           1.395    19.631    merge_controller/tutorial_merge_step_target[2]_i_2_n_0
    SLICE_X34Y12         LUT6 (Prop_lut6_I0_O)        0.124    19.755 r  merge_controller/user_answer_array[0][2]_i_4/O
                         net (fo=3, routed)           2.123    21.877    merge_controller/user_answer_array[0][2]_i_4_n_0
    SLICE_X33Y11         LUT5 (Prop_lut5_I3_O)        0.124    22.001 r  merge_controller/user_answer_array[0][2]_i_1/O
                         net (fo=1, routed)           0.000    22.001    merge_controller/user_answer_array[0][2]_i_1_n_0
    SLICE_X33Y11         FDRE                                         r  merge_controller/user_answer_array_reg[0][2]/D
  -------------------------------------------------------------------    -------------------

                         (clock clk_movement rise edge)
                                                  22222220.000 22222220.000 r  
    W5                                                0.000 22222220.000 r  clk (IN)
                         net (fo=0)                   0.000 22222220.000    clk
    W5                   IBUF (Prop_ibuf_I_O)         1.388 22222222.000 r  clk_IBUF_inst/O
                         net (fo=1, routed)           1.862 22222224.000    clk_IBUF
    BUFGCTRL_X0Y1        BUFG (Prop_bufg_I_O)         0.091 22222224.000 r  clk_IBUF_BUFG_inst/O
                         net (fo=194, routed)         1.444 22222226.000    clk_IBUF_BUFG
    SLICE_X35Y46         FDRE (Prop_fdre_C_Q)         0.367 22222226.000 r  clk_movement_reg/Q
                         net (fo=2, routed)           0.629 22222226.000    clk_movement
    BUFGCTRL_X0Y0        BUFG (Prop_bufg_I_O)         0.091 22222226.000 r  clk_movement_BUFG_inst/O
                         net (fo=206, routed)         1.442 22222228.000    merge_controller/clk_movement_BUFG
    SLICE_X33Y11         FDRE                                         r  merge_controller/user_answer_array_reg[0][2]/C
                         clock pessimism              0.553 22222228.000    
                         clock uncertainty           -0.035 22222228.000    
    SLICE_X33Y11         FDRE (Setup_fdre_C_D)        0.031 22222228.000    merge_controller/user_answer_array_reg[0][2]
  -------------------------------------------------------------------
                         required time                      22222226.000    
                         arrival time                         -22.001    
  -------------------------------------------------------------------
                         slack                              22222204.000    

Slack (MET) :             22222204.000ns  (required time - arrival time)
  Source:                 merge_controller/array_positions_y_reg[3][5]/C
                            (rising edge-triggered cell FDCE clocked by clk_movement  {rise@0.000ns fall@11111110.000ns period=22222220.000ns})
  Destination:            merge_controller/user_answer_array_reg[2][0]/D
                            (rising edge-triggered cell FDRE clocked by clk_movement  {rise@0.000ns fall@11111110.000ns period=22222220.000ns})
  Path Group:             clk_movement
  Path Type:              Setup (Max at Slow Process Corner)
  Requirement:            22222220.000ns  (clk_movement rise@22222220.000ns - clk_movement rise@0.000ns)
  Data Path Delay:        14.400ns  (logic 1.572ns (10.916%)  route 12.828ns (89.084%))
  Logic Levels:           9  (LUT2=1 LUT4=1 LUT5=1 LUT6=6)
  Clock Path Skew:        -0.189ns (DCD - SCD + CPR)
    Destination Clock Delay (DCD):    7.314ns = ( 22222228.000 - 22222220.000 ) 
    Source Clock Delay      (SCD):    7.983ns
    Clock Pessimism Removal (CPR):    0.481ns
  Clock Uncertainty:      0.035ns  ((TSJ^2 + TIJ^2)^1/2 + DJ) / 2 + PE
    Total System Jitter     (TSJ):    0.071ns
    Total Input Jitter      (TIJ):    0.000ns
    Discrete Jitter          (DJ):    0.000ns
    Phase Error              (PE):    0.000ns

    Location             Delay type                Incr(ns)  Path(ns)    Netlist Resource(s)
  -------------------------------------------------------------------    -------------------
                         (clock clk_movement rise edge)
                                                      0.000     0.000 r  
    W5                                                0.000     0.000 r  clk (IN)
                         net (fo=0)                   0.000     0.000    clk
    W5                   IBUF (Prop_ibuf_I_O)         1.458     1.458 r  clk_IBUF_inst/O
                         net (fo=1, routed)           1.967     3.425    clk_IBUF
    BUFGCTRL_X0Y1        BUFG (Prop_bufg_I_O)         0.096     3.521 r  clk_IBUF_BUFG_inst/O
                         net (fo=194, routed)         1.564     5.085    clk_IBUF_BUFG
    SLICE_X35Y46         FDRE (Prop_fdre_C_Q)         0.456     5.541 r  clk_movement_reg/Q
                         net (fo=2, routed)           0.708     6.249    clk_movement
    BUFGCTRL_X0Y0        BUFG (Prop_bufg_I_O)         0.096     6.345 r  clk_movement_BUFG_inst/O
                         net (fo=206, routed)         1.638     7.983    merge_controller/clk_movement_BUFG
    SLICE_X0Y43          FDCE                                         r  merge_controller/array_positions_y_reg[3][5]/C
  -------------------------------------------------------------------    -------------------
    SLICE_X0Y43          FDCE (Prop_fdce_C_Q)         0.456     8.439 r  merge_controller/array_positions_y_reg[3][5]/Q
                         net (fo=11, routed)          2.864    11.303    merge_controller/array_positions_y_flat[23]
    SLICE_X0Y8           LUT6 (Prop_lut6_I4_O)        0.124    11.427 f  merge_controller/divide_step[0]_i_31/O
                         net (fo=1, routed)           0.500    11.927    merge_controller/divide_step[0]_i_31_n_0
    SLICE_X1Y8           LUT6 (Prop_lut6_I0_O)        0.124    12.051 f  merge_controller/divide_step[0]_i_24/O
                         net (fo=1, routed)           0.879    12.930    merge_controller/divide_step[0]_i_24_n_0
    SLICE_X1Y8           LUT6 (Prop_lut6_I5_O)        0.124    13.054 f  merge_controller/divide_step[0]_i_9/O
                         net (fo=1, routed)           0.287    13.341    merge_controller/divide_step[0]_i_9_n_0
    SLICE_X3Y8           LUT6 (Prop_lut6_I5_O)        0.124    13.465 r  merge_controller/divide_step[0]_i_3/O
                         net (fo=4, routed)           2.192    15.658    merge_controller/divide_step[0]_i_3_n_0
    SLICE_X32Y17         LUT6 (Prop_lut6_I0_O)        0.124    15.782 f  merge_controller/user_answer_array[0][2]_i_7/O
                         net (fo=2, routed)           0.671    16.452    merge_controller/user_answer_array[0][2]_i_7_n_0
    SLICE_X33Y17         LUT4 (Prop_lut4_I3_O)        0.124    16.576 f  merge_controller/user_answer_array[0][2]_i_3/O
                         net (fo=21, routed)          1.632    18.209    merge_controller/user_answer_array[0][2]_i_3_n_0
    SLICE_X37Y13         LUT2 (Prop_lut2_I1_O)        0.124    18.333 r  merge_controller/user_answer_array[2][2]_i_4/O
                         net (fo=4, routed)           2.009    20.342    merge_controller/user_answer_array[2][2]_i_4_n_0
    SLICE_X37Y11         LUT6 (Prop_lut6_I1_O)        0.124    20.466 r  merge_controller/user_answer_array[2][2]_i_2/O
                         net (fo=3, routed)           1.794    22.260    merge_controller/user_answer_array[2][2]_i_2_n_0
    SLICE_X36Y12         LUT5 (Prop_lut5_I3_O)        0.124    22.384 r  merge_controller/user_answer_array[2][0]_i_1/O
                         net (fo=1, routed)           0.000    22.384    merge_controller/user_answer_array[2][0]_i_1_n_0
    SLICE_X36Y12         FDRE                                         r  merge_controller/user_answer_array_reg[2][0]/D
  -------------------------------------------------------------------    -------------------

                         (clock clk_movement rise edge)
                                                  22222220.000 22222220.000 r  
    W5                                                0.000 22222220.000 r  clk (IN)
                         net (fo=0)                   0.000 22222220.000    clk
    W5                   IBUF (Prop_ibuf_I_O)         1.388 22222222.000 r  clk_IBUF_inst/O
                         net (fo=1, routed)           1.862 22222224.000    clk_IBUF
    BUFGCTRL_X0Y1        BUFG (Prop_bufg_I_O)         0.091 22222224.000 r  clk_IBUF_BUFG_inst/O
                         net (fo=194, routed)         1.444 22222226.000    clk_IBUF_BUFG
    SLICE_X35Y46         FDRE (Prop_fdre_C_Q)         0.367 22222226.000 r  clk_movement_reg/Q
                         net (fo=2, routed)           0.629 22222226.000    clk_movement
    BUFGCTRL_X0Y0        BUFG (Prop_bufg_I_O)         0.091 22222226.000 r  clk_movement_BUFG_inst/O
                         net (fo=206, routed)         1.441 22222228.000    merge_controller/clk_movement_BUFG
    SLICE_X36Y12         FDRE                                         r  merge_controller/user_answer_array_reg[2][0]/C
                         clock pessimism              0.481 22222228.000    
                         clock uncertainty           -0.035 22222228.000    
    SLICE_X36Y12         FDRE (Setup_fdre_C_D)        0.031 22222228.000    merge_controller/user_answer_array_reg[2][0]
  -------------------------------------------------------------------
                         required time                      22222226.000    
                         arrival time                         -22.384    
  -------------------------------------------------------------------
                         slack                              22222204.000    





Min Delay Paths
--------------------------------------------------------------------------------------
Slack (MET) :             0.107ns  (arrival time - required time)
  Source:                 merge_controller/value_up_req_sync_reg[1]/C
                            (rising edge-triggered cell FDCE clocked by clk_movement  {rise@0.000ns fall@11111110.000ns period=22222220.000ns})
  Destination:            merge_controller/value_up_ack_reg/D
                            (rising edge-triggered cell FDCE clocked by clk_movement  {rise@0.000ns fall@11111110.000ns period=22222220.000ns})
  Path Group:             clk_movement
  Path Type:              Hold (Min at Fast Process Corner)
  Requirement:            0.000ns  (clk_movement rise@0.000ns - clk_movement rise@0.000ns)
  Data Path Delay:        0.480ns  (logic 0.213ns (44.387%)  route 0.267ns (55.613%))
  Logic Levels:           1  (LUT3=1)
  Clock Path Skew:        0.266ns (DCD - SCD - CPR)
    Destination Clock Delay (DCD):    3.295ns
    Source Clock Delay      (SCD):    2.440ns
    Clock Pessimism Removal (CPR):    0.589ns

    Location             Delay type                Incr(ns)  Path(ns)    Netlist Resource(s)
  -------------------------------------------------------------------    -------------------
                         (clock clk_movement rise edge)
                                                      0.000     0.000 r  
    W5                                                0.000     0.000 r  clk (IN)
                         net (fo=0)                   0.000     0.000    clk
    W5                   IBUF (Prop_ibuf_I_O)         0.226     0.226 r  clk_IBUF_inst/O
                         net (fo=1, routed)           0.631     0.858    clk_IBUF
    BUFGCTRL_X0Y1        BUFG (Prop_bufg_I_O)         0.026     0.884 r  clk_IBUF_BUFG_inst/O
                         net (fo=194, routed)         0.562     1.445    clk_IBUF_BUFG
    SLICE_X35Y46         FDRE (Prop_fdre_C_Q)         0.141     1.586 r  clk_movement_reg/Q
                         net (fo=2, routed)           0.269     1.855    clk_movement
    BUFGCTRL_X0Y0        BUFG (Prop_bufg_I_O)         0.026     1.881 r  clk_movement_BUFG_inst/O
                         net (fo=206, routed)         0.559     2.440    merge_controller/clk_movement_BUFG
    SLICE_X34Y12         FDCE                                         r  merge_controller/value_up_req_sync_reg[1]/C
  -------------------------------------------------------------------    -------------------
    SLICE_X34Y12         FDCE (Prop_fdce_C_Q)         0.164     2.604 r  merge_controller/value_up_req_sync_reg[1]/Q
                         net (fo=10, routed)          0.267     2.870    merge_controller/p_0_in170_in
    SLICE_X36Y11         LUT3 (Prop_lut3_I1_O)        0.049     2.919 r  merge_controller/value_up_ack_i_1/O
                         net (fo=1, routed)           0.000     2.919    merge_controller/value_up_ack_i_1_n_0
    SLICE_X36Y11         FDCE                                         r  merge_controller/value_up_ack_reg/D
  -------------------------------------------------------------------    -------------------

                         (clock clk_movement rise edge)
                                                      0.000     0.000 r  
    W5                                                0.000     0.000 r  clk (IN)
                         net (fo=0)                   0.000     0.000    clk
    W5                   IBUF (Prop_ibuf_I_O)         0.414     0.414 r  clk_IBUF_inst/O
                         net (fo=1, routed)           0.685     1.099    clk_IBUF
    BUFGCTRL_X0Y1        BUFG (Prop_bufg_I_O)         0.029     1.128 r  clk_IBUF_BUFG_inst/O
                         net (fo=194, routed)         0.831     1.958    clk_IBUF_BUFG
    SLICE_X35Y46         FDRE (Prop_fdre_C_Q)         0.175     2.133 r  clk_movement_reg/Q
                         net (fo=2, routed)           0.303     2.436    clk_movement
    BUFGCTRL_X0Y0        BUFG (Prop_bufg_I_O)         0.029     2.465 r  clk_movement_BUFG_inst/O
                         net (fo=206, routed)         0.830     3.295    merge_controller/clk_movement_BUFG
    SLICE_X36Y11         FDCE                                         r  merge_controller/value_up_ack_reg/C
                         clock pessimism             -0.589     2.706    
    SLICE_X36Y11         FDCE (Hold_fdce_C_D)         0.107     2.813    merge_controller/value_up_ack_reg
  -------------------------------------------------------------------
                         required time                         -2.813    
                         arrival time                           2.919    
  -------------------------------------------------------------------
                         slack                                  0.107    

Slack (MET) :             0.160ns  (arrival time - required time)
  Source:                 merge_controller/flash_timer_reg[3]/C
                            (rising edge-triggered cell FDCE clocked by clk_movement  {rise@0.000ns fall@11111110.000ns period=22222220.000ns})
  Destination:            merge_controller/flash_timer_reg[0]/D
                            (rising edge-triggered cell FDCE clocked by clk_movement  {rise@0.000ns fall@11111110.000ns period=22222220.000ns})
  Path Group:             clk_movement
  Path Type:              Hold (Min at Fast Process Corner)
  Requirement:            0.000ns  (clk_movement rise@0.000ns - clk_movement rise@0.000ns)
  Data Path Delay:        0.294ns  (logic 0.186ns (63.346%)  route 0.108ns (36.654%))
  Logic Levels:           1  (LUT6=1)
  Clock Path Skew:        0.013ns (DCD - SCD - CPR)
    Destination Clock Delay (DCD):    3.289ns
    Source Clock Delay      (SCD):    2.437ns
    Clock Pessimism Removal (CPR):    0.839ns

    Location             Delay type                Incr(ns)  Path(ns)    Netlist Resource(s)
  -------------------------------------------------------------------    -------------------
                         (clock clk_movement rise edge)
                                                      0.000     0.000 r  
    W5                                                0.000     0.000 r  clk (IN)
                         net (fo=0)                   0.000     0.000    clk
    W5                   IBUF (Prop_ibuf_I_O)         0.226     0.226 r  clk_IBUF_inst/O
                         net (fo=1, routed)           0.631     0.858    clk_IBUF
    BUFGCTRL_X0Y1        BUFG (Prop_bufg_I_O)         0.026     0.884 r  clk_IBUF_BUFG_inst/O
                         net (fo=194, routed)         0.562     1.445    clk_IBUF_BUFG
    SLICE_X35Y46         FDRE (Prop_fdre_C_Q)         0.141     1.586 r  clk_movement_reg/Q
                         net (fo=2, routed)           0.269     1.855    clk_movement
    BUFGCTRL_X0Y0        BUFG (Prop_bufg_I_O)         0.026     1.881 r  clk_movement_BUFG_inst/O
                         net (fo=206, routed)         0.556     2.437    merge_controller/clk_movement_BUFG
    SLICE_X47Y19         FDCE                                         r  merge_controller/flash_timer_reg[3]/C
  -------------------------------------------------------------------    -------------------
    SLICE_X47Y19         FDCE (Prop_fdce_C_Q)         0.141     2.578 f  merge_controller/flash_timer_reg[3]/Q
                         net (fo=7, routed)           0.108     2.685    merge_controller/flash_timer_reg__0[3]
    SLICE_X46Y19         LUT6 (Prop_lut6_I1_O)        0.045     2.730 r  merge_controller/flash_timer[0]_i_1/O
                         net (fo=1, routed)           0.000     2.730    merge_controller/p_0_in[0]
    SLICE_X46Y19         FDCE                                         r  merge_controller/flash_timer_reg[0]/D
  -------------------------------------------------------------------    -------------------

                         (clock clk_movement rise edge)
                                                      0.000     0.000 r  
    W5                                                0.000     0.000 r  clk (IN)
                         net (fo=0)                   0.000     0.000    clk
    W5                   IBUF (Prop_ibuf_I_O)         0.414     0.414 r  clk_IBUF_inst/O
                         net (fo=1, routed)           0.685     1.099    clk_IBUF
    BUFGCTRL_X0Y1        BUFG (Prop_bufg_I_O)         0.029     1.128 r  clk_IBUF_BUFG_inst/O
                         net (fo=194, routed)         0.831     1.958    clk_IBUF_BUFG
    SLICE_X35Y46         FDRE (Prop_fdre_C_Q)         0.175     2.133 r  clk_movement_reg/Q
                         net (fo=2, routed)           0.303     2.436    clk_movement
    BUFGCTRL_X0Y0        BUFG (Prop_bufg_I_O)         0.029     2.465 r  clk_movement_BUFG_inst/O
                         net (fo=206, routed)         0.824     3.289    merge_controller/clk_movement_BUFG
    SLICE_X46Y19         FDCE                                         r  merge_controller/flash_timer_reg[0]/C
                         clock pessimism             -0.839     2.450    
    SLICE_X46Y19         FDCE (Hold_fdce_C_D)         0.121     2.571    merge_controller/flash_timer_reg[0]
  -------------------------------------------------------------------
                         required time                         -2.571    
                         arrival time                           2.730    
  -------------------------------------------------------------------
                         slack                                  0.160    

Slack (MET) :             0.162ns  (arrival time - required time)
  Source:                 merge_controller/flash_timer_reg[3]/C
                            (rising edge-triggered cell FDCE clocked by clk_movement  {rise@0.000ns fall@11111110.000ns period=22222220.000ns})
  Destination:            merge_controller/flash_timer_reg[2]/D
                            (rising edge-triggered cell FDCE clocked by clk_movement  {rise@0.000ns fall@11111110.000ns period=22222220.000ns})
  Path Group:             clk_movement
  Path Type:              Hold (Min at Fast Process Corner)
  Requirement:            0.000ns  (clk_movement rise@0.000ns - clk_movement rise@0.000ns)
  Data Path Delay:        0.296ns  (logic 0.186ns (62.918%)  route 0.110ns (37.082%))
  Logic Levels:           1  (LUT6=1)
  Clock Path Skew:        0.013ns (DCD - SCD - CPR)
    Destination Clock Delay (DCD):    3.289ns
    Source Clock Delay      (SCD):    2.437ns
    Clock Pessimism Removal (CPR):    0.839ns

    Location             Delay type                Incr(ns)  Path(ns)    Netlist Resource(s)
  -------------------------------------------------------------------    -------------------
                         (clock clk_movement rise edge)
                                                      0.000     0.000 r  
    W5                                                0.000     0.000 r  clk (IN)
                         net (fo=0)                   0.000     0.000    clk
    W5                   IBUF (Prop_ibuf_I_O)         0.226     0.226 r  clk_IBUF_inst/O
                         net (fo=1, routed)           0.631     0.858    clk_IBUF
    BUFGCTRL_X0Y1        BUFG (Prop_bufg_I_O)         0.026     0.884 r  clk_IBUF_BUFG_inst/O
                         net (fo=194, routed)         0.562     1.445    clk_IBUF_BUFG
    SLICE_X35Y46         FDRE (Prop_fdre_C_Q)         0.141     1.586 r  clk_movement_reg/Q
                         net (fo=2, routed)           0.269     1.855    clk_movement
    BUFGCTRL_X0Y0        BUFG (Prop_bufg_I_O)         0.026     1.881 r  clk_movement_BUFG_inst/O
                         net (fo=206, routed)         0.556     2.437    merge_controller/clk_movement_BUFG
    SLICE_X47Y19         FDCE                                         r  merge_controller/flash_timer_reg[3]/C
  -------------------------------------------------------------------    -------------------
    SLICE_X47Y19         FDCE (Prop_fdce_C_Q)         0.141     2.578 f  merge_controller/flash_timer_reg[3]/Q
                         net (fo=7, routed)           0.110     2.687    merge_controller/flash_timer_reg__0[3]
    SLICE_X46Y19         LUT6 (Prop_lut6_I1_O)        0.045     2.732 r  merge_controller/flash_timer[2]_i_1/O
                         net (fo=1, routed)           0.000     2.732    merge_controller/p_0_in[2]
    SLICE_X46Y19         FDCE                                         r  merge_controller/flash_timer_reg[2]/D
  -------------------------------------------------------------------    -------------------

                         (clock clk_movement rise edge)
                                                      0.000     0.000 r  
    W5                                                0.000     0.000 r  clk (IN)
                         net (fo=0)                   0.000     0.000    clk
    W5                   IBUF (Prop_ibuf_I_O)         0.414     0.414 r  clk_IBUF_inst/O
                         net (fo=1, routed)           0.685     1.099    clk_IBUF
    BUFGCTRL_X0Y1        BUFG (Prop_bufg_I_O)         0.029     1.128 r  clk_IBUF_BUFG_inst/O
                         net (fo=194, routed)         0.831     1.958    clk_IBUF_BUFG
    SLICE_X35Y46         FDRE (Prop_fdre_C_Q)         0.175     2.133 r  clk_movement_reg/Q
                         net (fo=2, routed)           0.303     2.436    clk_movement
    BUFGCTRL_X0Y0        BUFG (Prop_bufg_I_O)         0.029     2.465 r  clk_movement_BUFG_inst/O
                         net (fo=206, routed)         0.824     3.289    merge_controller/clk_movement_BUFG
    SLICE_X46Y19         FDCE                                         r  merge_controller/flash_timer_reg[2]/C
                         clock pessimism             -0.839     2.450    
    SLICE_X46Y19         FDCE (Hold_fdce_C_D)         0.121     2.571    merge_controller/flash_timer_reg[2]
  -------------------------------------------------------------------
                         required time                         -2.571    
                         arrival time                           2.732    
  -------------------------------------------------------------------
                         slack                                  0.162    

Slack (MET) :             0.170ns  (arrival time - required time)
  Source:                 merge_controller/tutorial_answer_correct_reg/C
                            (rising edge-triggered cell FDCE clocked by clk_movement  {rise@0.000ns fall@11111110.000ns period=22222220.000ns})
  Destination:            merge_controller/flash_timer_reg[4]/D
                            (rising edge-triggered cell FDCE clocked by clk_movement  {rise@0.000ns fall@11111110.000ns period=22222220.000ns})
  Path Group:             clk_movement
  Path Type:              Hold (Min at Fast Process Corner)
  Requirement:            0.000ns  (clk_movement rise@0.000ns - clk_movement rise@0.000ns)
  Data Path Delay:        0.555ns  (logic 0.209ns (37.683%)  route 0.346ns (62.317%))
  Logic Levels:           1  (LUT6=1)
  Clock Path Skew:        0.265ns (DCD - SCD - CPR)
    Destination Clock Delay (DCD):    3.289ns
    Source Clock Delay      (SCD):    2.435ns
    Clock Pessimism Removal (CPR):    0.589ns

    Location             Delay type                Incr(ns)  Path(ns)    Netlist Resource(s)
  -------------------------------------------------------------------    -------------------
                         (clock clk_movement rise edge)
                                                      0.000     0.000 r  
    W5                                                0.000     0.000 r  clk (IN)
                         net (fo=0)                   0.000     0.000    clk
    W5                   IBUF (Prop_ibuf_I_O)         0.226     0.226 r  clk_IBUF_inst/O
                         net (fo=1, routed)           0.631     0.858    clk_IBUF
    BUFGCTRL_X0Y1        BUFG (Prop_bufg_I_O)         0.026     0.884 r  clk_IBUF_BUFG_inst/O
                         net (fo=194, routed)         0.562     1.445    clk_IBUF_BUFG
    SLICE_X35Y46         FDRE (Prop_fdre_C_Q)         0.141     1.586 r  clk_movement_reg/Q
                         net (fo=2, routed)           0.269     1.855    clk_movement
    BUFGCTRL_X0Y0        BUFG (Prop_bufg_I_O)         0.026     1.881 r  clk_movement_BUFG_inst/O
                         net (fo=206, routed)         0.554     2.435    merge_controller/clk_movement_BUFG
    SLICE_X34Y19         FDCE                                         r  merge_controller/tutorial_answer_correct_reg/C
  -------------------------------------------------------------------    -------------------
    SLICE_X34Y19         FDCE (Prop_fdce_C_Q)         0.164     2.599 r  merge_controller/tutorial_answer_correct_reg/Q
                         net (fo=13, routed)          0.346     2.944    merge_controller/tutorial_answer_correct_reg_n_0
    SLICE_X46Y19         LUT6 (Prop_lut6_I0_O)        0.045     2.989 r  merge_controller/flash_timer[4]_i_2/O
                         net (fo=1, routed)           0.000     2.989    merge_controller/p_0_in[4]
    SLICE_X46Y19         FDCE                                         r  merge_controller/flash_timer_reg[4]/D
  -------------------------------------------------------------------    -------------------

                         (clock clk_movement rise edge)
                                                      0.000     0.000 r  
    W5                                                0.000     0.000 r  clk (IN)
                         net (fo=0)                   0.000     0.000    clk
    W5                   IBUF (Prop_ibuf_I_O)         0.414     0.414 r  clk_IBUF_inst/O
                         net (fo=1, routed)           0.685     1.099    clk_IBUF
    BUFGCTRL_X0Y1        BUFG (Prop_bufg_I_O)         0.029     1.128 r  clk_IBUF_BUFG_inst/O
                         net (fo=194, routed)         0.831     1.958    clk_IBUF_BUFG
    SLICE_X35Y46         FDRE (Prop_fdre_C_Q)         0.175     2.133 r  clk_movement_reg/Q
                         net (fo=2, routed)           0.303     2.436    clk_movement
    BUFGCTRL_X0Y0        BUFG (Prop_bufg_I_O)         0.029     2.465 r  clk_movement_BUFG_inst/O
                         net (fo=206, routed)         0.824     3.289    merge_controller/clk_movement_BUFG
    SLICE_X46Y19         FDCE                                         r  merge_controller/flash_timer_reg[4]/C
                         clock pessimism             -0.589     2.700    
    SLICE_X46Y19         FDCE (Hold_fdce_C_D)         0.120     2.820    merge_controller/flash_timer_reg[4]
  -------------------------------------------------------------------
                         required time                         -2.820    
                         arrival time                           2.989    
  -------------------------------------------------------------------
                         slack                                  0.170    

Slack (MET) :             0.173ns  (arrival time - required time)
  Source:                 merge_controller/tutorial_answer_correct_reg/C
                            (rising edge-triggered cell FDCE clocked by clk_movement  {rise@0.000ns fall@11111110.000ns period=22222220.000ns})
  Destination:            merge_controller/flash_timer_reg[1]/D
                            (rising edge-triggered cell FDCE clocked by clk_movement  {rise@0.000ns fall@11111110.000ns period=22222220.000ns})
  Path Group:             clk_movement
  Path Type:              Hold (Min at Fast Process Corner)
  Requirement:            0.000ns  (clk_movement rise@0.000ns - clk_movement rise@0.000ns)
  Data Path Delay:        0.559ns  (logic 0.209ns (37.413%)  route 0.350ns (62.587%))
  Logic Levels:           1  (LUT6=1)
  Clock Path Skew:        0.265ns (DCD - SCD - CPR)
    Destination Clock Delay (DCD):    3.289ns
    Source Clock Delay      (SCD):    2.435ns
    Clock Pessimism Removal (CPR):    0.589ns

    Location             Delay type                Incr(ns)  Path(ns)    Netlist Resource(s)
  -------------------------------------------------------------------    -------------------
                         (clock clk_movement rise edge)
                                                      0.000     0.000 r  
    W5                                                0.000     0.000 r  clk (IN)
                         net (fo=0)                   0.000     0.000    clk
    W5                   IBUF (Prop_ibuf_I_O)         0.226     0.226 r  clk_IBUF_inst/O
                         net (fo=1, routed)           0.631     0.858    clk_IBUF
    BUFGCTRL_X0Y1        BUFG (Prop_bufg_I_O)         0.026     0.884 r  clk_IBUF_BUFG_inst/O
                         net (fo=194, routed)         0.562     1.445    clk_IBUF_BUFG
    SLICE_X35Y46         FDRE (Prop_fdre_C_Q)         0.141     1.586 r  clk_movement_reg/Q
                         net (fo=2, routed)           0.269     1.855    clk_movement
    BUFGCTRL_X0Y0        BUFG (Prop_bufg_I_O)         0.026     1.881 r  clk_movement_BUFG_inst/O
                         net (fo=206, routed)         0.554     2.435    merge_controller/clk_movement_BUFG
    SLICE_X34Y19         FDCE                                         r  merge_controller/tutorial_answer_correct_reg/C
  -------------------------------------------------------------------    -------------------
    SLICE_X34Y19         FDCE (Prop_fdce_C_Q)         0.164     2.599 r  merge_controller/tutorial_answer_correct_reg/Q
                         net (fo=13, routed)          0.350     2.948    merge_controller/tutorial_answer_correct_reg_n_0
    SLICE_X46Y19         LUT6 (Prop_lut6_I0_O)        0.045     2.993 r  merge_controller/flash_timer[1]_i_1/O
                         net (fo=1, routed)           0.000     2.993    merge_controller/p_0_in[1]
    SLICE_X46Y19         FDCE                                         r  merge_controller/flash_timer_reg[1]/D
  -------------------------------------------------------------------    -------------------

                         (clock clk_movement rise edge)
                                                      0.000     0.000 r  
    W5                                                0.000     0.000 r  clk (IN)
                         net (fo=0)                   0.000     0.000    clk
    W5                   IBUF (Prop_ibuf_I_O)         0.414     0.414 r  clk_IBUF_inst/O
                         net (fo=1, routed)           0.685     1.099    clk_IBUF
    BUFGCTRL_X0Y1        BUFG (Prop_bufg_I_O)         0.029     1.128 r  clk_IBUF_BUFG_inst/O
                         net (fo=194, routed)         0.831     1.958    clk_IBUF_BUFG
    SLICE_X35Y46         FDRE (Prop_fdre_C_Q)         0.175     2.133 r  clk_movement_reg/Q
                         net (fo=2, routed)           0.303     2.436    clk_movement
    BUFGCTRL_X0Y0        BUFG (Prop_bufg_I_O)         0.029     2.465 r  clk_movement_BUFG_inst/O
                         net (fo=206, routed)         0.824     3.289    merge_controller/clk_movement_BUFG
    SLICE_X46Y19         FDCE                                         r  merge_controller/flash_timer_reg[1]/C
                         clock pessimism             -0.589     2.700    
    SLICE_X46Y19         FDCE (Hold_fdce_C_D)         0.121     2.821    merge_controller/flash_timer_reg[1]
  -------------------------------------------------------------------
                         required time                         -2.821    
                         arrival time                           2.993    
  -------------------------------------------------------------------
                         slack                                  0.173    

Slack (MET) :             0.177ns  (arrival time - required time)
  Source:                 merge_controller/flash_timer_reg[2]/C
                            (rising edge-triggered cell FDCE clocked by clk_movement  {rise@0.000ns fall@11111110.000ns period=22222220.000ns})
  Destination:            merge_controller/flash_timer_reg[3]/D
                            (rising edge-triggered cell FDCE clocked by clk_movement  {rise@0.000ns fall@11111110.000ns period=22222220.000ns})
  Path Group:             clk_movement
  Path Type:              Hold (Min at Fast Process Corner)
  Requirement:            0.000ns  (clk_movement rise@0.000ns - clk_movement rise@0.000ns)
  Data Path Delay:        0.282ns  (logic 0.209ns (74.078%)  route 0.073ns (25.922%))
  Logic Levels:           1  (LUT6=1)
  Clock Path Skew:        0.013ns (DCD - SCD - CPR)
    Destination Clock Delay (DCD):    3.289ns
    Source Clock Delay      (SCD):    2.437ns
    Clock Pessimism Removal (CPR):    0.839ns

    Location             Delay type                Incr(ns)  Path(ns)    Netlist Resource(s)
  -------------------------------------------------------------------    -------------------
                         (clock clk_movement rise edge)
                                                      0.000     0.000 r  
    W5                                                0.000     0.000 r  clk (IN)
                         net (fo=0)                   0.000     0.000    clk
    W5                   IBUF (Prop_ibuf_I_O)         0.226     0.226 r  clk_IBUF_inst/O
                         net (fo=1, routed)           0.631     0.858    clk_IBUF
    BUFGCTRL_X0Y1        BUFG (Prop_bufg_I_O)         0.026     0.884 r  clk_IBUF_BUFG_inst/O
                         net (fo=194, routed)         0.562     1.445    clk_IBUF_BUFG
    SLICE_X35Y46         FDRE (Prop_fdre_C_Q)         0.141     1.586 r  clk_movement_reg/Q
                         net (fo=2, routed)           0.269     1.855    clk_movement
    BUFGCTRL_X0Y0        BUFG (Prop_bufg_I_O)         0.026     1.881 r  clk_movement_BUFG_inst/O
                         net (fo=206, routed)         0.556     2.437    merge_controller/clk_movement_BUFG
    SLICE_X46Y19         FDCE                                         r  merge_controller/flash_timer_reg[2]/C
  -------------------------------------------------------------------    -------------------
    SLICE_X46Y19         FDCE (Prop_fdce_C_Q)         0.164     2.601 r  merge_controller/flash_timer_reg[2]/Q
                         net (fo=7, routed)           0.073     2.674    merge_controller/flash_timer_reg__0[2]
    SLICE_X47Y19         LUT6 (Prop_lut6_I4_O)        0.045     2.719 r  merge_controller/flash_timer[3]_i_1/O
                         net (fo=1, routed)           0.000     2.719    merge_controller/p_0_in[3]
    SLICE_X47Y19         FDCE                                         r  merge_controller/flash_timer_reg[3]/D
  -------------------------------------------------------------------    -------------------

                         (clock clk_movement rise edge)
                                                      0.000     0.000 r  
    W5                                                0.000     0.000 r  clk (IN)
                         net (fo=0)                   0.000     0.000    clk
    W5                   IBUF (Prop_ibuf_I_O)         0.414     0.414 r  clk_IBUF_inst/O
                         net (fo=1, routed)           0.685     1.099    clk_IBUF
    BUFGCTRL_X0Y1        BUFG (Prop_bufg_I_O)         0.029     1.128 r  clk_IBUF_BUFG_inst/O
                         net (fo=194, routed)         0.831     1.958    clk_IBUF_BUFG
    SLICE_X35Y46         FDRE (Prop_fdre_C_Q)         0.175     2.133 r  clk_movement_reg/Q
                         net (fo=2, routed)           0.303     2.436    clk_movement
    BUFGCTRL_X0Y0        BUFG (Prop_bufg_I_O)         0.029     2.465 r  clk_movement_BUFG_inst/O
                         net (fo=206, routed)         0.824     3.289    merge_controller/clk_movement_BUFG
    SLICE_X47Y19         FDCE                                         r  merge_controller/flash_timer_reg[3]/C
                         clock pessimism             -0.839     2.450    
    SLICE_X47Y19         FDCE (Hold_fdce_C_D)         0.092     2.542    merge_controller/flash_timer_reg[3]
  -------------------------------------------------------------------
                         required time                         -2.542    
                         arrival time                           2.719    
  -------------------------------------------------------------------
                         slack                                  0.177    

Slack (MET) :             0.185ns  (arrival time - required time)
  Source:                 merge_controller/value_down_req_sync_reg[0]/C
                            (rising edge-triggered cell FDCE clocked by clk_movement  {rise@0.000ns fall@11111110.000ns period=22222220.000ns})
  Destination:            merge_controller/value_down_req_sync_reg[1]/D
                            (rising edge-triggered cell FDCE clocked by clk_movement  {rise@0.000ns fall@11111110.000ns period=22222220.000ns})
  Path Group:             clk_movement
  Path Type:              Hold (Min at Fast Process Corner)
  Requirement:            0.000ns  (clk_movement rise@0.000ns - clk_movement rise@0.000ns)
  Data Path Delay:        0.255ns  (logic 0.141ns (55.385%)  route 0.114ns (44.615%))
  Logic Levels:           0  
  Clock Path Skew:        0.000ns (DCD - SCD - CPR)
    Destination Clock Delay (DCD):    3.295ns
    Source Clock Delay      (SCD):    2.442ns
    Clock Pessimism Removal (CPR):    0.853ns

    Location             Delay type                Incr(ns)  Path(ns)    Netlist Resource(s)
  -------------------------------------------------------------------    -------------------
                         (clock clk_movement rise edge)
                                                      0.000     0.000 r  
    W5                                                0.000     0.000 r  clk (IN)
                         net (fo=0)                   0.000     0.000    clk
    W5                   IBUF (Prop_ibuf_I_O)         0.226     0.226 r  clk_IBUF_inst/O
                         net (fo=1, routed)           0.631     0.858    clk_IBUF
    BUFGCTRL_X0Y1        BUFG (Prop_bufg_I_O)         0.026     0.884 r  clk_IBUF_BUFG_inst/O
                         net (fo=194, routed)         0.562     1.445    clk_IBUF_BUFG
    SLICE_X35Y46         FDRE (Prop_fdre_C_Q)         0.141     1.586 r  clk_movement_reg/Q
                         net (fo=2, routed)           0.269     1.855    clk_movement
    BUFGCTRL_X0Y0        BUFG (Prop_bufg_I_O)         0.026     1.881 r  clk_movement_BUFG_inst/O
                         net (fo=206, routed)         0.561     2.442    merge_controller/clk_movement_BUFG
    SLICE_X36Y11         FDCE                                         r  merge_controller/value_down_req_sync_reg[0]/C
  -------------------------------------------------------------------    -------------------
    SLICE_X36Y11         FDCE (Prop_fdce_C_Q)         0.141     2.583 r  merge_controller/value_down_req_sync_reg[0]/Q
                         net (fo=1, routed)           0.114     2.696    merge_controller/value_down_req_sync_reg_n_0_[0]
    SLICE_X36Y11         FDCE                                         r  merge_controller/value_down_req_sync_reg[1]/D
  -------------------------------------------------------------------    -------------------

                         (clock clk_movement rise edge)
                                                      0.000     0.000 r  
    W5                                                0.000     0.000 r  clk (IN)
                         net (fo=0)                   0.000     0.000    clk
    W5                   IBUF (Prop_ibuf_I_O)         0.414     0.414 r  clk_IBUF_inst/O
                         net (fo=1, routed)           0.685     1.099    clk_IBUF
    BUFGCTRL_X0Y1        BUFG (Prop_bufg_I_O)         0.029     1.128 r  clk_IBUF_BUFG_inst/O
                         net (fo=194, routed)         0.831     1.958    clk_IBUF_BUFG
    SLICE_X35Y46         FDRE (Prop_fdre_C_Q)         0.175     2.133 r  clk_movement_reg/Q
                         net (fo=2, routed)           0.303     2.436    clk_movement
    BUFGCTRL_X0Y0        BUFG (Prop_bufg_I_O)         0.029     2.465 r  clk_movement_BUFG_inst/O
                         net (fo=206, routed)         0.830     3.295    merge_controller/clk_movement_BUFG
    SLICE_X36Y11         FDCE                                         r  merge_controller/value_down_req_sync_reg[1]/C
                         clock pessimism             -0.853     2.442    
    SLICE_X36Y11         FDCE (Hold_fdce_C_D)         0.070     2.512    merge_controller/value_down_req_sync_reg[1]
  -------------------------------------------------------------------
                         required time                         -2.512    
                         arrival time                           2.696    
  -------------------------------------------------------------------
                         slack                                  0.185    

Slack (MET) :             0.195ns  (arrival time - required time)
  Source:                 merge_controller/sort_timer_reg[2]/C
                            (rising edge-triggered cell FDCE clocked by clk_movement  {rise@0.000ns fall@11111110.000ns period=22222220.000ns})
  Destination:            merge_controller/sort_timer_reg[5]/D
                            (rising edge-triggered cell FDCE clocked by clk_movement  {rise@0.000ns fall@11111110.000ns period=22222220.000ns})
  Path Group:             clk_movement
  Path Type:              Hold (Min at Fast Process Corner)
  Requirement:            0.000ns  (clk_movement rise@0.000ns - clk_movement rise@0.000ns)
  Data Path Delay:        0.300ns  (logic 0.186ns (62.035%)  route 0.114ns (37.965%))
  Logic Levels:           1  (LUT6=1)
  Clock Path Skew:        0.013ns (DCD - SCD - CPR)
    Destination Clock Delay (DCD):    3.282ns
    Source Clock Delay      (SCD):    2.432ns
    Clock Pessimism Removal (CPR):    0.837ns

    Location             Delay type                Incr(ns)  Path(ns)    Netlist Resource(s)
  -------------------------------------------------------------------    -------------------
                         (clock clk_movement rise edge)
                                                      0.000     0.000 r  
    W5                                                0.000     0.000 r  clk (IN)
                         net (fo=0)                   0.000     0.000    clk
    W5                   IBUF (Prop_ibuf_I_O)         0.226     0.226 r  clk_IBUF_inst/O
                         net (fo=1, routed)           0.631     0.858    clk_IBUF
    BUFGCTRL_X0Y1        BUFG (Prop_bufg_I_O)         0.026     0.884 r  clk_IBUF_BUFG_inst/O
                         net (fo=194, routed)         0.562     1.445    clk_IBUF_BUFG
    SLICE_X35Y46         FDRE (Prop_fdre_C_Q)         0.141     1.586 r  clk_movement_reg/Q
                         net (fo=2, routed)           0.269     1.855    clk_movement
    BUFGCTRL_X0Y0        BUFG (Prop_bufg_I_O)         0.026     1.881 r  clk_movement_BUFG_inst/O
                         net (fo=206, routed)         0.551     2.432    merge_controller/clk_movement_BUFG
    SLICE_X33Y23         FDCE                                         r  merge_controller/sort_timer_reg[2]/C
  -------------------------------------------------------------------    -------------------
    SLICE_X33Y23         FDCE (Prop_fdce_C_Q)         0.141     2.573 r  merge_controller/sort_timer_reg[2]/Q
                         net (fo=6, routed)           0.114     2.686    merge_controller/sort_timer[2]
    SLICE_X32Y23         LUT6 (Prop_lut6_I3_O)        0.045     2.731 r  merge_controller/sort_timer[5]_i_1/O
                         net (fo=1, routed)           0.000     2.731    merge_controller/sort_timer[5]_i_1_n_0
    SLICE_X32Y23         FDCE                                         r  merge_controller/sort_timer_reg[5]/D
  -------------------------------------------------------------------    -------------------

                         (clock clk_movement rise edge)
                                                      0.000     0.000 r  
    W5                                                0.000     0.000 r  clk (IN)
                         net (fo=0)                   0.000     0.000    clk
    W5                   IBUF (Prop_ibuf_I_O)         0.414     0.414 r  clk_IBUF_inst/O
                         net (fo=1, routed)           0.685     1.099    clk_IBUF
    BUFGCTRL_X0Y1        BUFG (Prop_bufg_I_O)         0.029     1.128 r  clk_IBUF_BUFG_inst/O
                         net (fo=194, routed)         0.831     1.958    clk_IBUF_BUFG
    SLICE_X35Y46         FDRE (Prop_fdre_C_Q)         0.175     2.133 r  clk_movement_reg/Q
                         net (fo=2, routed)           0.303     2.436    clk_movement
    BUFGCTRL_X0Y0        BUFG (Prop_bufg_I_O)         0.029     2.465 r  clk_movement_BUFG_inst/O
                         net (fo=206, routed)         0.817     3.282    merge_controller/clk_movement_BUFG
    SLICE_X32Y23         FDCE                                         r  merge_controller/sort_timer_reg[5]/C
                         clock pessimism             -0.837     2.445    
    SLICE_X32Y23         FDCE (Hold_fdce_C_D)         0.092     2.537    merge_controller/sort_timer_reg[5]
  -------------------------------------------------------------------
                         required time                         -2.537    
                         arrival time                           2.731    
  -------------------------------------------------------------------
                         slack                                  0.195    

Slack (MET) :             0.197ns  (arrival time - required time)
  Source:                 merge_controller/sort_timer_reg[2]/C
                            (rising edge-triggered cell FDCE clocked by clk_movement  {rise@0.000ns fall@11111110.000ns period=22222220.000ns})
  Destination:            merge_controller/sort_timer_reg[4]/D
                            (rising edge-triggered cell FDCE clocked by clk_movement  {rise@0.000ns fall@11111110.000ns period=22222220.000ns})
  Path Group:             clk_movement
  Path Type:              Hold (Min at Fast Process Corner)
  Requirement:            0.000ns  (clk_movement rise@0.000ns - clk_movement rise@0.000ns)
  Data Path Delay:        0.301ns  (logic 0.186ns (61.829%)  route 0.115ns (38.171%))
  Logic Levels:           1  (LUT6=1)
  Clock Path Skew:        0.013ns (DCD - SCD - CPR)
    Destination Clock Delay (DCD):    3.282ns
    Source Clock Delay      (SCD):    2.432ns
    Clock Pessimism Removal (CPR):    0.837ns

    Location             Delay type                Incr(ns)  Path(ns)    Netlist Resource(s)
  -------------------------------------------------------------------    -------------------
                         (clock clk_movement rise edge)
                                                      0.000     0.000 r  
    W5                                                0.000     0.000 r  clk (IN)
                         net (fo=0)                   0.000     0.000    clk
    W5                   IBUF (Prop_ibuf_I_O)         0.226     0.226 r  clk_IBUF_inst/O
                         net (fo=1, routed)           0.631     0.858    clk_IBUF
    BUFGCTRL_X0Y1        BUFG (Prop_bufg_I_O)         0.026     0.884 r  clk_IBUF_BUFG_inst/O
                         net (fo=194, routed)         0.562     1.445    clk_IBUF_BUFG
    SLICE_X35Y46         FDRE (Prop_fdre_C_Q)         0.141     1.586 r  clk_movement_reg/Q
                         net (fo=2, routed)           0.269     1.855    clk_movement
    BUFGCTRL_X0Y0        BUFG (Prop_bufg_I_O)         0.026     1.881 r  clk_movement_BUFG_inst/O
                         net (fo=206, routed)         0.551     2.432    merge_controller/clk_movement_BUFG
    SLICE_X33Y23         FDCE                                         r  merge_controller/sort_timer_reg[2]/C
  -------------------------------------------------------------------    -------------------
    SLICE_X33Y23         FDCE (Prop_fdce_C_Q)         0.141     2.573 r  merge_controller/sort_timer_reg[2]/Q
                         net (fo=6, routed)           0.115     2.687    merge_controller/sort_timer[2]
    SLICE_X32Y23         LUT6 (Prop_lut6_I3_O)        0.045     2.732 r  merge_controller/sort_timer[4]_i_1/O
                         net (fo=1, routed)           0.000     2.732    merge_controller/sort_timer[4]_i_1_n_0
    SLICE_X32Y23         FDCE                                         r  merge_controller/sort_timer_reg[4]/D
  -------------------------------------------------------------------    -------------------

                         (clock clk_movement rise edge)
                                                      0.000     0.000 r  
    W5                                                0.000     0.000 r  clk (IN)
                         net (fo=0)                   0.000     0.000    clk
    W5                   IBUF (Prop_ibuf_I_O)         0.414     0.414 r  clk_IBUF_inst/O
                         net (fo=1, routed)           0.685     1.099    clk_IBUF
    BUFGCTRL_X0Y1        BUFG (Prop_bufg_I_O)         0.029     1.128 r  clk_IBUF_BUFG_inst/O
                         net (fo=194, routed)         0.831     1.958    clk_IBUF_BUFG
    SLICE_X35Y46         FDRE (Prop_fdre_C_Q)         0.175     2.133 r  clk_movement_reg/Q
                         net (fo=2, routed)           0.303     2.436    clk_movement
    BUFGCTRL_X0Y0        BUFG (Prop_bufg_I_O)         0.029     2.465 r  clk_movement_BUFG_inst/O
                         net (fo=206, routed)         0.817     3.282    merge_controller/clk_movement_BUFG
    SLICE_X32Y23         FDCE                                         r  merge_controller/sort_timer_reg[4]/C
                         clock pessimism             -0.837     2.445    
    SLICE_X32Y23         FDCE (Hold_fdce_C_D)         0.091     2.536    merge_controller/sort_timer_reg[4]
  -------------------------------------------------------------------
                         required time                         -2.536    
                         arrival time                           2.732    
  -------------------------------------------------------------------
                         slack                                  0.197    

Slack (MET) :             0.206ns  (arrival time - required time)
  Source:                 merge_controller/tutorial_practice_mode_reg/C
                            (rising edge-triggered cell FDCE clocked by clk_movement  {rise@0.000ns fall@11111110.000ns period=22222220.000ns})
  Destination:            merge_controller/check_answer_ack_reg/D
                            (rising edge-triggered cell FDCE clocked by clk_movement  {rise@0.000ns fall@11111110.000ns period=22222220.000ns})
  Path Group:             clk_movement
  Path Type:              Hold (Min at Fast Process Corner)
  Requirement:            0.000ns  (clk_movement rise@0.000ns - clk_movement rise@0.000ns)
  Data Path Delay:        0.341ns  (logic 0.186ns (54.543%)  route 0.155ns (45.457%))
  Logic Levels:           1  (LUT6=1)
  Clock Path Skew:        0.015ns (DCD - SCD - CPR)
    Destination Clock Delay (DCD):    3.286ns
    Source Clock Delay      (SCD):    2.434ns
    Clock Pessimism Removal (CPR):    0.837ns

    Location             Delay type                Incr(ns)  Path(ns)    Netlist Resource(s)
  -------------------------------------------------------------------    -------------------
                         (clock clk_movement rise edge)
                                                      0.000     0.000 r  
    W5                                                0.000     0.000 r  clk (IN)
                         net (fo=0)                   0.000     0.000    clk
    W5                   IBUF (Prop_ibuf_I_O)         0.226     0.226 r  clk_IBUF_inst/O
                         net (fo=1, routed)           0.631     0.858    clk_IBUF
    BUFGCTRL_X0Y1        BUFG (Prop_bufg_I_O)         0.026     0.884 r  clk_IBUF_BUFG_inst/O
                         net (fo=194, routed)         0.562     1.445    clk_IBUF_BUFG
    SLICE_X35Y46         FDRE (Prop_fdre_C_Q)         0.141     1.586 r  clk_movement_reg/Q
                         net (fo=2, routed)           0.269     1.855    clk_movement
    BUFGCTRL_X0Y0        BUFG (Prop_bufg_I_O)         0.026     1.881 r  clk_movement_BUFG_inst/O
                         net (fo=206, routed)         0.553     2.434    merge_controller/clk_movement_BUFG
    SLICE_X35Y20         FDCE                                         r  merge_controller/tutorial_practice_mode_reg/C
  -------------------------------------------------------------------    -------------------
    SLICE_X35Y20         FDCE (Prop_fdce_C_Q)         0.141     2.575 r  merge_controller/tutorial_practice_mode_reg/Q
                         net (fo=37, routed)          0.155     2.730    merge_controller/practice_mode_active
    SLICE_X34Y19         LUT6 (Prop_lut6_I2_O)        0.045     2.775 r  merge_controller/check_answer_ack_i_1/O
                         net (fo=1, routed)           0.000     2.775    merge_controller/check_answer_ack_i_1_n_0
    SLICE_X34Y19         FDCE                                         r  merge_controller/check_answer_ack_reg/D
  -------------------------------------------------------------------    -------------------

                         (clock clk_movement rise edge)
                                                      0.000     0.000 r  
    W5                                                0.000     0.000 r  clk (IN)
                         net (fo=0)                   0.000     0.000    clk
    W5                   IBUF (Prop_ibuf_I_O)         0.414     0.414 r  clk_IBUF_inst/O
                         net (fo=1, routed)           0.685     1.099    clk_IBUF
    BUFGCTRL_X0Y1        BUFG (Prop_bufg_I_O)         0.029     1.128 r  clk_IBUF_BUFG_inst/O
                         net (fo=194, routed)         0.831     1.958    clk_IBUF_BUFG
    SLICE_X35Y46         FDRE (Prop_fdre_C_Q)         0.175     2.133 r  clk_movement_reg/Q
                         net (fo=2, routed)           0.303     2.436    clk_movement
    BUFGCTRL_X0Y0        BUFG (Prop_bufg_I_O)         0.029     2.465 r  clk_movement_BUFG_inst/O
                         net (fo=206, routed)         0.821     3.286    merge_controller/clk_movement_BUFG
    SLICE_X34Y19         FDCE                                         r  merge_controller/check_answer_ack_reg/C
                         clock pessimism             -0.837     2.449    
    SLICE_X34Y19         FDCE (Hold_fdce_C_D)         0.120     2.569    merge_controller/check_answer_ack_reg
  -------------------------------------------------------------------
                         required time                         -2.569    
                         arrival time                           2.775    
  -------------------------------------------------------------------
                         slack                                  0.206    





Pulse Width Checks
--------------------------------------------------------------------------------------
Clock Name:         clk_movement
Waveform(ns):       { 0.000 11111110.000 }
Period(ns):         22222220.000
Sources:            { clk_movement_reg/Q }

Check Type        Corner  Lib Pin  Reference Pin  Required(ns)  Actual(ns)    Slack(ns)     Location     Pin
Min Period        n/a     FDPE/C   n/a            1.000         22222220.000  22222218.000  SLICE_X14Y3  merge_controller/array_positions_x_reg[4][0]/C
Min Period        n/a     FDCE/C   n/a            1.000         22222220.000  22222218.000  SLICE_X13Y3  merge_controller/array_positions_x_reg[4][1]/C
Min Period        n/a     FDCE/C   n/a            1.000         22222220.000  22222218.000  SLICE_X15Y4  merge_controller/array_positions_x_reg[4][2]/C
Min Period        n/a     FDCE/C   n/a            1.000         22222220.000  22222218.000  SLICE_X13Y4  merge_controller/array_positions_x_reg[4][3]/C
Min Period        n/a     FDCE/C   n/a            1.000         22222220.000  22222218.000  SLICE_X13Y3  merge_controller/array_positions_x_reg[4][4]/C
Min Period        n/a     FDCE/C   n/a            1.000         22222220.000  22222218.000  SLICE_X13Y5  merge_controller/array_positions_x_reg[4][5]/C
Min Period        n/a     FDPE/C   n/a            1.000         22222220.000  22222218.000  SLICE_X13Y5  merge_controller/array_positions_x_reg[4][6]/C
Min Period        n/a     FDCE/C   n/a            1.000         22222220.000  22222218.000  SLICE_X1Y5   merge_controller/array_positions_y_reg[3][4]/C
Min Period        n/a     FDCE/C   n/a            1.000         22222220.000  22222218.000  SLICE_X0Y43  merge_controller/array_positions_y_reg[3][5]/C
Min Period        n/a     FDCE/C   n/a            1.000         22222220.000  22222218.000  SLICE_X1Y4   merge_controller/array_positions_y_reg[4][0]/C
Low Pulse Width   Slow    FDPE/C   n/a            0.500         11111110.000  11111109.000  SLICE_X14Y3  merge_controller/array_positions_x_reg[4][0]/C
Low Pulse Width   Fast    FDPE/C   n/a            0.500         11111110.000  11111109.000  SLICE_X14Y3  merge_controller/array_positions_x_reg[4][0]/C
Low Pulse Width   Slow    FDCE/C   n/a            0.500         11111110.000  11111109.000  SLICE_X13Y3  merge_controller/array_positions_x_reg[4][1]/C
Low Pulse Width   Fast    FDCE/C   n/a            0.500         11111110.000  11111109.000  SLICE_X13Y3  merge_controller/array_positions_x_reg[4][1]/C
Low Pulse Width   Slow    FDCE/C   n/a            0.500         11111110.000  11111109.000  SLICE_X15Y4  merge_controller/array_positions_x_reg[4][2]/C
Low Pulse Width   Fast    FDCE/C   n/a            0.500         11111110.000  11111109.000  SLICE_X15Y4  merge_controller/array_positions_x_reg[4][2]/C
Low Pulse Width   Slow    FDCE/C   n/a            0.500         11111110.000  11111109.000  SLICE_X13Y4  merge_controller/array_positions_x_reg[4][3]/C
Low Pulse Width   Fast    FDCE/C   n/a            0.500         11111110.000  11111109.000  SLICE_X13Y4  merge_controller/array_positions_x_reg[4][3]/C
Low Pulse Width   Slow    FDCE/C   n/a            0.500         11111110.000  11111109.000  SLICE_X13Y3  merge_controller/array_positions_x_reg[4][4]/C
Low Pulse Width   Fast    FDCE/C   n/a            0.500         11111110.000  11111109.000  SLICE_X13Y3  merge_controller/array_positions_x_reg[4][4]/C
High Pulse Width  Fast    FDPE/C   n/a            0.500         11111109.000  11111108.000  SLICE_X14Y3  merge_controller/array_positions_x_reg[4][0]/C
High Pulse Width  Fast    FDCE/C   n/a            0.500         11111109.000  11111108.000  SLICE_X13Y3  merge_controller/array_positions_x_reg[4][1]/C
High Pulse Width  Fast    FDCE/C   n/a            0.500         11111109.000  11111108.000  SLICE_X15Y4  merge_controller/array_positions_x_reg[4][2]/C
High Pulse Width  Fast    FDCE/C   n/a            0.500         11111109.000  11111108.000  SLICE_X13Y4  merge_controller/array_positions_x_reg[4][3]/C
High Pulse Width  Fast    FDCE/C   n/a            0.500         11111109.000  11111108.000  SLICE_X13Y3  merge_controller/array_positions_x_reg[4][4]/C
High Pulse Width  Fast    FDCE/C   n/a            0.500         11111109.000  11111108.000  SLICE_X13Y5  merge_controller/array_positions_x_reg[4][5]/C
High Pulse Width  Fast    FDPE/C   n/a            0.500         11111109.000  11111108.000  SLICE_X13Y5  merge_controller/array_positions_x_reg[4][6]/C
High Pulse Width  Fast    FDCE/C   n/a            0.500         11111109.000  11111108.000  SLICE_X1Y5   merge_controller/array_positions_y_reg[3][4]/C
High Pulse Width  Fast    FDCE/C   n/a            0.500         11111109.000  11111108.000  SLICE_X0Y43  merge_controller/array_positions_y_reg[3][5]/C
High Pulse Width  Fast    FDCE/C   n/a            0.500         11111109.000  11111108.000  SLICE_X1Y4   merge_controller/array_positions_y_reg[4][0]/C



---------------------------------------------------------------------------------------------------
From Clock:  clk_6p25MHz
  To Clock:  sys_clk_pin

Setup :            0  Failing Endpoints,  Worst Slack        7.545ns,  Total Violation        0.000ns
Hold  :            0  Failing Endpoints,  Worst Slack        0.623ns,  Total Violation        0.000ns
---------------------------------------------------------------------------------------------------


Max Delay Paths
--------------------------------------------------------------------------------------
Slack (MET) :             7.545ns  (required time - arrival time)
  Source:                 clk_6p25MHz_reg/Q
                            (clock source 'clk_6p25MHz'  {rise@0.000ns fall@80.000ns period=160.000ns})
  Destination:            clk_6p25MHz_reg/D
                            (rising edge-triggered cell FDRE clocked by sys_clk_pin  {rise@0.000ns fall@5.000ns period=10.000ns})
  Path Group:             sys_clk_pin
  Path Type:              Setup (Max at Slow Process Corner)
  Requirement:            10.000ns  (sys_clk_pin rise@10.000ns - clk_6p25MHz rise@0.000ns)
  Data Path Delay:        1.860ns  (logic 0.124ns (6.668%)  route 1.736ns (93.332%))
  Logic Levels:           1  (LUT2=1)
  Clock Path Skew:        -0.637ns (DCD - SCD + CPR)
    Destination Clock Delay (DCD):    4.790ns = ( 14.790 - 10.000 ) 
    Source Clock Delay      (SCD):    5.607ns
    Clock Pessimism Removal (CPR):    0.180ns
  Clock Uncertainty:      0.035ns  ((TSJ^2 + TIJ^2)^1/2 + DJ) / 2 + PE
    Total System Jitter     (TSJ):    0.071ns
    Total Input Jitter      (TIJ):    0.000ns
    Discrete Jitter          (DJ):    0.000ns
    Phase Error              (PE):    0.000ns

    Location             Delay type                Incr(ns)  Path(ns)    Netlist Resource(s)
  -------------------------------------------------------------------    -------------------
                         (clock clk_6p25MHz rise edge)
                                                      0.000     0.000 r  
    W5                                                0.000     0.000 r  clk (IN)
                         net (fo=0)                   0.000     0.000    clk
    W5                   IBUF (Prop_ibuf_I_O)         1.458     1.458 r  clk_IBUF_inst/O
                         net (fo=1, routed)           1.967     3.425    clk_IBUF
    BUFGCTRL_X0Y1        BUFG (Prop_bufg_I_O)         0.096     3.521 r  clk_IBUF_BUFG_inst/O
                         net (fo=194, routed)         1.568     5.089    clk_IBUF_BUFG
  -------------------------------------------------------------------    -------------------
    SLICE_X12Y42         FDRE (Prop_fdre_C_Q)         0.518     5.607 r  clk_6p25MHz_reg/Q
                         net (fo=3, routed)           1.736     7.343    clk_6p25MHz
    SLICE_X12Y42         LUT2 (Prop_lut2_I1_O)        0.124     7.467 r  clk_6p25MHz_i_1/O
                         net (fo=1, routed)           0.000     7.467    clk_6p25MHz_i_1_n_0
    SLICE_X12Y42         FDRE                                         r  clk_6p25MHz_reg/D
  -------------------------------------------------------------------    -------------------

                         (clock sys_clk_pin rise edge)
                                                     10.000    10.000 r  
    W5                                                0.000    10.000 r  clk (IN)
                         net (fo=0)                   0.000    10.000    clk
    W5                   IBUF (Prop_ibuf_I_O)         1.388    11.388 r  clk_IBUF_inst/O
                         net (fo=1, routed)           1.862    13.250    clk_IBUF
    BUFGCTRL_X0Y1        BUFG (Prop_bufg_I_O)         0.091    13.341 r  clk_IBUF_BUFG_inst/O
                         net (fo=194, routed)         1.449    14.790    clk_IBUF_BUFG
    SLICE_X12Y42         FDRE                                         r  clk_6p25MHz_reg/C
                         clock pessimism              0.180    14.970    
                         clock uncertainty           -0.035    14.935    
    SLICE_X12Y42         FDRE (Setup_fdre_C_D)        0.077    15.012    clk_6p25MHz_reg
  -------------------------------------------------------------------
                         required time                         15.012    
                         arrival time                          -7.467    
  -------------------------------------------------------------------
                         slack                                  7.545    





Min Delay Paths
--------------------------------------------------------------------------------------
Slack (MET) :             0.623ns  (arrival time - required time)
  Source:                 clk_6p25MHz_reg/Q
                            (clock source 'clk_6p25MHz'  {rise@0.000ns fall@80.000ns period=160.000ns})
  Destination:            clk_6p25MHz_reg/D
                            (rising edge-triggered cell FDRE clocked by sys_clk_pin  {rise@0.000ns fall@5.000ns period=10.000ns})
  Path Group:             sys_clk_pin
  Path Type:              Hold (Min at Fast Process Corner)
  Requirement:            0.000ns  (sys_clk_pin rise@0.000ns - clk_6p25MHz rise@0.000ns)
  Data Path Delay:        0.849ns  (logic 0.045ns (5.302%)  route 0.804ns (94.698%))
  Logic Levels:           1  (LUT2=1)
  Clock Path Skew:        0.106ns (DCD - SCD - CPR)
    Destination Clock Delay (DCD):    1.962ns
    Source Clock Delay      (SCD):    1.612ns
    Clock Pessimism Removal (CPR):    0.244ns

    Location             Delay type                Incr(ns)  Path(ns)    Netlist Resource(s)
  -------------------------------------------------------------------    -------------------
                         (clock clk_6p25MHz rise edge)
                                                      0.000     0.000 r  
    W5                                                0.000     0.000 r  clk (IN)
                         net (fo=0)                   0.000     0.000    clk
    W5                   IBUF (Prop_ibuf_I_O)         0.226     0.226 r  clk_IBUF_inst/O
                         net (fo=1, routed)           0.631     0.858    clk_IBUF
    BUFGCTRL_X0Y1        BUFG (Prop_bufg_I_O)         0.026     0.884 r  clk_IBUF_BUFG_inst/O
                         net (fo=194, routed)         0.565     1.448    clk_IBUF_BUFG
  -------------------------------------------------------------------    -------------------
    SLICE_X12Y42         FDRE (Prop_fdre_C_Q)         0.164     1.612 r  clk_6p25MHz_reg/Q
                         net (fo=3, routed)           0.804     2.416    clk_6p25MHz
    SLICE_X12Y42         LUT2 (Prop_lut2_I1_O)        0.045     2.461 r  clk_6p25MHz_i_1/O
                         net (fo=1, routed)           0.000     2.461    clk_6p25MHz_i_1_n_0
    SLICE_X12Y42         FDRE                                         r  clk_6p25MHz_reg/D
  -------------------------------------------------------------------    -------------------

                         (clock sys_clk_pin rise edge)
                                                      0.000     0.000 r  
    W5                                                0.000     0.000 r  clk (IN)
                         net (fo=0)                   0.000     0.000    clk
    W5                   IBUF (Prop_ibuf_I_O)         0.414     0.414 r  clk_IBUF_inst/O
                         net (fo=1, routed)           0.685     1.099    clk_IBUF
    BUFGCTRL_X0Y1        BUFG (Prop_bufg_I_O)         0.029     1.128 r  clk_IBUF_BUFG_inst/O
                         net (fo=194, routed)         0.835     1.962    clk_IBUF_BUFG
    SLICE_X12Y42         FDRE                                         r  clk_6p25MHz_reg/C
                         clock pessimism             -0.244     1.718    
    SLICE_X12Y42         FDRE (Hold_fdre_C_D)         0.120     1.838    clk_6p25MHz_reg
  -------------------------------------------------------------------
                         required time                         -1.838    
                         arrival time                           2.461    
  -------------------------------------------------------------------
                         slack                                  0.623    





---------------------------------------------------------------------------------------------------
From Clock:  clk_movement
  To Clock:  sys_clk_pin

Setup :            8  Failing Endpoints,  Worst Slack       -7.680ns,  Total Violation      -60.792ns
Hold  :            0  Failing Endpoints,  Worst Slack        0.000ns,  Total Violation        0.000ns
---------------------------------------------------------------------------------------------------


Max Delay Paths
--------------------------------------------------------------------------------------
Slack (VIOLATED) :        -7.680ns  (required time - arrival time)
  Source:                 merge_controller/array_positions_y_reg[1][5]/C
                            (rising edge-triggered cell FDCE clocked by clk_movement  {rise@0.000ns fall@11111110.000ns period=22222220.000ns})
  Destination:            led[5]
                            (output port clocked by sys_clk_pin  {rise@0.000ns fall@5.000ns period=10.000ns})
  Path Group:             sys_clk_pin
  Path Type:              Max at Slow Process Corner
  Requirement:            10.000ns  (sys_clk_pin rise@10.000ns - clk_movement rise@0.000ns)
  Data Path Delay:        5.661ns  (logic 3.970ns (70.133%)  route 1.691ns (29.867%))
  Logic Levels:           1  (OBUF=1)
  Output Delay:           4.000ns
  Clock Path Skew:        -7.983ns (DCD - SCD + CPR)
    Destination Clock Delay (DCD):    0.000ns = ( 10.000 - 10.000 ) 
    Source Clock Delay      (SCD):    7.983ns
    Clock Pessimism Removal (CPR):    0.000ns
  Clock Uncertainty:      0.035ns  ((TSJ^2 + TIJ^2)^1/2 + DJ) / 2 + PE
    Total System Jitter     (TSJ):    0.071ns
    Total Input Jitter      (TIJ):    0.000ns
    Discrete Jitter          (DJ):    0.000ns
    Phase Error              (PE):    0.000ns

    Location             Delay type                Incr(ns)  Path(ns)    Netlist Resource(s)
  -------------------------------------------------------------------    -------------------
                         (clock clk_movement rise edge)
                                                      0.000     0.000 r  
    W5                                                0.000     0.000 r  clk (IN)
                         net (fo=0)                   0.000     0.000    clk
    W5                   IBUF (Prop_ibuf_I_O)         1.458     1.458 r  clk_IBUF_inst/O
                         net (fo=1, routed)           1.967     3.425    clk_IBUF
    BUFGCTRL_X0Y1        BUFG (Prop_bufg_I_O)         0.096     3.521 r  clk_IBUF_BUFG_inst/O
                         net (fo=194, routed)         1.564     5.085    clk_IBUF_BUFG
    SLICE_X35Y46         FDRE (Prop_fdre_C_Q)         0.456     5.541 r  clk_movement_reg/Q
                         net (fo=2, routed)           0.708     6.249    clk_movement
    BUFGCTRL_X0Y0        BUFG (Prop_bufg_I_O)         0.096     6.345 r  clk_movement_BUFG_inst/O
                         net (fo=206, routed)         1.638     7.983    merge_controller/clk_movement_BUFG
    SLICE_X0Y3           FDCE                                         r  merge_controller/array_positions_y_reg[1][5]/C
  -------------------------------------------------------------------    -------------------
    SLICE_X0Y3           FDCE (Prop_fdce_C_Q)         0.456     8.439 r  merge_controller/array_positions_y_reg[1][5]/Q
                         net (fo=11, routed)          1.691    10.130    led_OBUF[5]
    U15                  OBUF (Prop_obuf_I_O)         3.514    13.645 r  led_OBUF[5]_inst/O
                         net (fo=0)                   0.000    13.645    led[5]
    U15                                                               r  led[5] (OUT)
  -------------------------------------------------------------------    -------------------

                         (clock sys_clk_pin rise edge)
                                                     10.000    10.000 r  
                         clock pessimism              0.000    10.000    
                         clock uncertainty           -0.035     9.965    
                         output delay                -4.000     5.965    
  -------------------------------------------------------------------
                         required time                          5.965    
                         arrival time                         -13.645    
  -------------------------------------------------------------------
                         slack                                 -7.680    

Slack (VIOLATED) :        -7.678ns  (required time - arrival time)
  Source:                 merge_controller/array_positions_y_reg[0][4]/C
                            (rising edge-triggered cell FDCE clocked by clk_movement  {rise@0.000ns fall@11111110.000ns period=22222220.000ns})
  Destination:            led[6]
                            (output port clocked by sys_clk_pin  {rise@0.000ns fall@5.000ns period=10.000ns})
  Path Group:             sys_clk_pin
  Path Type:              Max at Slow Process Corner
  Requirement:            10.000ns  (sys_clk_pin rise@10.000ns - clk_movement rise@0.000ns)
  Data Path Delay:        5.658ns  (logic 3.962ns (70.025%)  route 1.696ns (29.975%))
  Logic Levels:           1  (OBUF=1)
  Output Delay:           4.000ns
  Clock Path Skew:        -7.984ns (DCD - SCD + CPR)
    Destination Clock Delay (DCD):    0.000ns = ( 10.000 - 10.000 ) 
    Source Clock Delay      (SCD):    7.984ns
    Clock Pessimism Removal (CPR):    0.000ns
  Clock Uncertainty:      0.035ns  ((TSJ^2 + TIJ^2)^1/2 + DJ) / 2 + PE
    Total System Jitter     (TSJ):    0.071ns
    Total Input Jitter      (TIJ):    0.000ns
    Discrete Jitter          (DJ):    0.000ns
    Phase Error              (PE):    0.000ns

    Location             Delay type                Incr(ns)  Path(ns)    Netlist Resource(s)
  -------------------------------------------------------------------    -------------------
                         (clock clk_movement rise edge)
                                                      0.000     0.000 r  
    W5                                                0.000     0.000 r  clk (IN)
                         net (fo=0)                   0.000     0.000    clk
    W5                   IBUF (Prop_ibuf_I_O)         1.458     1.458 r  clk_IBUF_inst/O
                         net (fo=1, routed)           1.967     3.425    clk_IBUF
    BUFGCTRL_X0Y1        BUFG (Prop_bufg_I_O)         0.096     3.521 r  clk_IBUF_BUFG_inst/O
                         net (fo=194, routed)         1.564     5.085    clk_IBUF_BUFG
    SLICE_X35Y46         FDRE (Prop_fdre_C_Q)         0.456     5.541 r  clk_movement_reg/Q
                         net (fo=2, routed)           0.708     6.249    clk_movement
    BUFGCTRL_X0Y0        BUFG (Prop_bufg_I_O)         0.096     6.345 r  clk_movement_BUFG_inst/O
                         net (fo=206, routed)         1.639     7.984    merge_controller/clk_movement_BUFG
    SLICE_X0Y1           FDCE                                         r  merge_controller/array_positions_y_reg[0][4]/C
  -------------------------------------------------------------------    -------------------
    SLICE_X0Y1           FDCE (Prop_fdce_C_Q)         0.456     8.440 r  merge_controller/array_positions_y_reg[0][4]/Q
                         net (fo=16, routed)          1.696    10.137    led_OBUF[6]
    U14                  OBUF (Prop_obuf_I_O)         3.506    13.643 r  led_OBUF[6]_inst/O
                         net (fo=0)                   0.000    13.643    led[6]
    U14                                                               r  led[6] (OUT)
  -------------------------------------------------------------------    -------------------

                         (clock sys_clk_pin rise edge)
                                                     10.000    10.000 r  
                         clock pessimism              0.000    10.000    
                         clock uncertainty           -0.035     9.965    
                         output delay                -4.000     5.965    
  -------------------------------------------------------------------
                         required time                          5.965    
                         arrival time                         -13.643    
  -------------------------------------------------------------------
                         slack                                 -7.678    

Slack (VIOLATED) :        -7.661ns  (required time - arrival time)
  Source:                 merge_controller/array_positions_y_reg[3][4]/C
                            (rising edge-triggered cell FDCE clocked by clk_movement  {rise@0.000ns fall@11111110.000ns period=22222220.000ns})
  Destination:            led[0]
                            (output port clocked by sys_clk_pin  {rise@0.000ns fall@5.000ns period=10.000ns})
  Path Group:             sys_clk_pin
  Path Type:              Max at Slow Process Corner
  Requirement:            10.000ns  (sys_clk_pin rise@10.000ns - clk_movement rise@0.000ns)
  Data Path Delay:        5.643ns  (logic 3.961ns (70.195%)  route 1.682ns (29.805%))
  Logic Levels:           1  (OBUF=1)
  Output Delay:           4.000ns
  Clock Path Skew:        -7.983ns (DCD - SCD + CPR)
    Destination Clock Delay (DCD):    0.000ns = ( 10.000 - 10.000 ) 
    Source Clock Delay      (SCD):    7.983ns
    Clock Pessimism Removal (CPR):    0.000ns
  Clock Uncertainty:      0.035ns  ((TSJ^2 + TIJ^2)^1/2 + DJ) / 2 + PE
    Total System Jitter     (TSJ):    0.071ns
    Total Input Jitter      (TIJ):    0.000ns
    Discrete Jitter          (DJ):    0.000ns
    Phase Error              (PE):    0.000ns

    Location             Delay type                Incr(ns)  Path(ns)    Netlist Resource(s)
  -------------------------------------------------------------------    -------------------
                         (clock clk_movement rise edge)
                                                      0.000     0.000 r  
    W5                                                0.000     0.000 r  clk (IN)
                         net (fo=0)                   0.000     0.000    clk
    W5                   IBUF (Prop_ibuf_I_O)         1.458     1.458 r  clk_IBUF_inst/O
                         net (fo=1, routed)           1.967     3.425    clk_IBUF
    BUFGCTRL_X0Y1        BUFG (Prop_bufg_I_O)         0.096     3.521 r  clk_IBUF_BUFG_inst/O
                         net (fo=194, routed)         1.564     5.085    clk_IBUF_BUFG
    SLICE_X35Y46         FDRE (Prop_fdre_C_Q)         0.456     5.541 r  clk_movement_reg/Q
                         net (fo=2, routed)           0.708     6.249    clk_movement
    BUFGCTRL_X0Y0        BUFG (Prop_bufg_I_O)         0.096     6.345 r  clk_movement_BUFG_inst/O
                         net (fo=206, routed)         1.638     7.983    merge_controller/clk_movement_BUFG
    SLICE_X1Y5           FDCE                                         r  merge_controller/array_positions_y_reg[3][4]/C
  -------------------------------------------------------------------    -------------------
    SLICE_X1Y5           FDCE (Prop_fdce_C_Q)         0.456     8.439 r  merge_controller/array_positions_y_reg[3][4]/Q
                         net (fo=12, routed)          1.682    10.121    led_OBUF[0]
    U16                  OBUF (Prop_obuf_I_O)         3.505    13.626 r  led_OBUF[0]_inst/O
                         net (fo=0)                   0.000    13.626    led[0]
    U16                                                               r  led[0] (OUT)
  -------------------------------------------------------------------    -------------------

                         (clock sys_clk_pin rise edge)
                                                     10.000    10.000 r  
                         clock pessimism              0.000    10.000    
                         clock uncertainty           -0.035     9.965    
                         output delay                -4.000     5.965    
  -------------------------------------------------------------------
                         required time                          5.965    
                         arrival time                         -13.626    
  -------------------------------------------------------------------
                         slack                                 -7.661    

Slack (VIOLATED) :        -7.654ns  (required time - arrival time)
  Source:                 merge_controller/array_positions_y_reg[0][5]/C
                            (rising edge-triggered cell FDCE clocked by clk_movement  {rise@0.000ns fall@11111110.000ns period=22222220.000ns})
  Destination:            led[7]
                            (output port clocked by sys_clk_pin  {rise@0.000ns fall@5.000ns period=10.000ns})
  Path Group:             sys_clk_pin
  Path Type:              Max at Slow Process Corner
  Requirement:            10.000ns  (sys_clk_pin rise@10.000ns - clk_movement rise@0.000ns)
  Data Path Delay:        5.634ns  (logic 3.957ns (70.222%)  route 1.678ns (29.778%))
  Logic Levels:           1  (OBUF=1)
  Output Delay:           4.000ns
  Clock Path Skew:        -7.984ns (DCD - SCD + CPR)
    Destination Clock Delay (DCD):    0.000ns = ( 10.000 - 10.000 ) 
    Source Clock Delay      (SCD):    7.984ns
    Clock Pessimism Removal (CPR):    0.000ns
  Clock Uncertainty:      0.035ns  ((TSJ^2 + TIJ^2)^1/2 + DJ) / 2 + PE
    Total System Jitter     (TSJ):    0.071ns
    Total Input Jitter      (TIJ):    0.000ns
    Discrete Jitter          (DJ):    0.000ns
    Phase Error              (PE):    0.000ns

    Location             Delay type                Incr(ns)  Path(ns)    Netlist Resource(s)
  -------------------------------------------------------------------    -------------------
                         (clock clk_movement rise edge)
                                                      0.000     0.000 r  
    W5                                                0.000     0.000 r  clk (IN)
                         net (fo=0)                   0.000     0.000    clk
    W5                   IBUF (Prop_ibuf_I_O)         1.458     1.458 r  clk_IBUF_inst/O
                         net (fo=1, routed)           1.967     3.425    clk_IBUF
    BUFGCTRL_X0Y1        BUFG (Prop_bufg_I_O)         0.096     3.521 r  clk_IBUF_BUFG_inst/O
                         net (fo=194, routed)         1.564     5.085    clk_IBUF_BUFG
    SLICE_X35Y46         FDRE (Prop_fdre_C_Q)         0.456     5.541 r  clk_movement_reg/Q
                         net (fo=2, routed)           0.708     6.249    clk_movement
    BUFGCTRL_X0Y0        BUFG (Prop_bufg_I_O)         0.096     6.345 r  clk_movement_BUFG_inst/O
                         net (fo=206, routed)         1.639     7.984    merge_controller/clk_movement_BUFG
    SLICE_X0Y1           FDCE                                         r  merge_controller/array_positions_y_reg[0][5]/C
  -------------------------------------------------------------------    -------------------
    SLICE_X0Y1           FDCE (Prop_fdce_C_Q)         0.456     8.440 r  merge_controller/array_positions_y_reg[0][5]/Q
                         net (fo=14, routed)          1.678    10.118    led_OBUF[7]
    V14                  OBUF (Prop_obuf_I_O)         3.501    13.619 r  led_OBUF[7]_inst/O
                         net (fo=0)                   0.000    13.619    led[7]
    V14                                                               r  led[7] (OUT)
  -------------------------------------------------------------------    -------------------

                         (clock sys_clk_pin rise edge)
                                                     10.000    10.000 r  
                         clock pessimism              0.000    10.000    
                         clock uncertainty           -0.035     9.965    
                         output delay                -4.000     5.965    
  -------------------------------------------------------------------
                         required time                          5.965    
                         arrival time                         -13.619    
  -------------------------------------------------------------------
                         slack                                 -7.654    

Slack (VIOLATED) :        -7.554ns  (required time - arrival time)
  Source:                 merge_controller/array_positions_y_reg[3][5]/C
                            (rising edge-triggered cell FDCE clocked by clk_movement  {rise@0.000ns fall@11111110.000ns period=22222220.000ns})
  Destination:            led[1]
                            (output port clocked by sys_clk_pin  {rise@0.000ns fall@5.000ns period=10.000ns})
  Path Group:             sys_clk_pin
  Path Type:              Max at Slow Process Corner
  Requirement:            10.000ns  (sys_clk_pin rise@10.000ns - clk_movement rise@0.000ns)
  Data Path Delay:        5.535ns  (logic 3.986ns (72.006%)  route 1.550ns (27.994%))
  Logic Levels:           1  (OBUF=1)
  Output Delay:           4.000ns
  Clock Path Skew:        -7.983ns (DCD - SCD + CPR)
    Destination Clock Delay (DCD):    0.000ns = ( 10.000 - 10.000 ) 
    Source Clock Delay      (SCD):    7.983ns
    Clock Pessimism Removal (CPR):    0.000ns
  Clock Uncertainty:      0.035ns  ((TSJ^2 + TIJ^2)^1/2 + DJ) / 2 + PE
    Total System Jitter     (TSJ):    0.071ns
    Total Input Jitter      (TIJ):    0.000ns
    Discrete Jitter          (DJ):    0.000ns
    Phase Error              (PE):    0.000ns

    Location             Delay type                Incr(ns)  Path(ns)    Netlist Resource(s)
  -------------------------------------------------------------------    -------------------
                         (clock clk_movement rise edge)
                                                      0.000     0.000 r  
    W5                                                0.000     0.000 r  clk (IN)
                         net (fo=0)                   0.000     0.000    clk
    W5                   IBUF (Prop_ibuf_I_O)         1.458     1.458 r  clk_IBUF_inst/O
                         net (fo=1, routed)           1.967     3.425    clk_IBUF
    BUFGCTRL_X0Y1        BUFG (Prop_bufg_I_O)         0.096     3.521 r  clk_IBUF_BUFG_inst/O
                         net (fo=194, routed)         1.564     5.085    clk_IBUF_BUFG
    SLICE_X35Y46         FDRE (Prop_fdre_C_Q)         0.456     5.541 r  clk_movement_reg/Q
                         net (fo=2, routed)           0.708     6.249    clk_movement
    BUFGCTRL_X0Y0        BUFG (Prop_bufg_I_O)         0.096     6.345 r  clk_movement_BUFG_inst/O
                         net (fo=206, routed)         1.638     7.983    merge_controller/clk_movement_BUFG
    SLICE_X0Y43          FDCE                                         r  merge_controller/array_positions_y_reg[3][5]/C
  -------------------------------------------------------------------    -------------------
    SLICE_X0Y43          FDCE (Prop_fdce_C_Q)         0.456     8.439 r  merge_controller/array_positions_y_reg[3][5]/Q
                         net (fo=11, routed)          1.550     9.989    led_OBUF[1]
    E19                  OBUF (Prop_obuf_I_O)         3.530    13.519 r  led_OBUF[1]_inst/O
                         net (fo=0)                   0.000    13.519    led[1]
    E19                                                               r  led[1] (OUT)
  -------------------------------------------------------------------    -------------------

                         (clock sys_clk_pin rise edge)
                                                     10.000    10.000 r  
                         clock pessimism              0.000    10.000    
                         clock uncertainty           -0.035     9.965    
                         output delay                -4.000     5.965    
  -------------------------------------------------------------------
                         required time                          5.965    
                         arrival time                         -13.519    
  -------------------------------------------------------------------
                         slack                                 -7.554    

Slack (VIOLATED) :        -7.531ns  (required time - arrival time)
  Source:                 merge_controller/array_positions_y_reg[1][4]/C
                            (rising edge-triggered cell FDCE clocked by clk_movement  {rise@0.000ns fall@11111110.000ns period=22222220.000ns})
  Destination:            led[4]
                            (output port clocked by sys_clk_pin  {rise@0.000ns fall@5.000ns period=10.000ns})
  Path Group:             sys_clk_pin
  Path Type:              Max at Slow Process Corner
  Requirement:            10.000ns  (sys_clk_pin rise@10.000ns - clk_movement rise@0.000ns)
  Data Path Delay:        5.523ns  (logic 3.965ns (71.787%)  route 1.558ns (28.213%))
  Logic Levels:           1  (OBUF=1)
  Output Delay:           4.000ns
  Clock Path Skew:        -7.972ns (DCD - SCD + CPR)
    Destination Clock Delay (DCD):    0.000ns = ( 10.000 - 10.000 ) 
    Source Clock Delay      (SCD):    7.972ns
    Clock Pessimism Removal (CPR):    0.000ns
  Clock Uncertainty:      0.035ns  ((TSJ^2 + TIJ^2)^1/2 + DJ) / 2 + PE
    Total System Jitter     (TSJ):    0.071ns
    Total Input Jitter      (TIJ):    0.000ns
    Discrete Jitter          (DJ):    0.000ns
    Phase Error              (PE):    0.000ns

    Location             Delay type                Incr(ns)  Path(ns)    Netlist Resource(s)
  -------------------------------------------------------------------    -------------------
                         (clock clk_movement rise edge)
                                                      0.000     0.000 r  
    W5                                                0.000     0.000 r  clk (IN)
                         net (fo=0)                   0.000     0.000    clk
    W5                   IBUF (Prop_ibuf_I_O)         1.458     1.458 r  clk_IBUF_inst/O
                         net (fo=1, routed)           1.967     3.425    clk_IBUF
    BUFGCTRL_X0Y1        BUFG (Prop_bufg_I_O)         0.096     3.521 r  clk_IBUF_BUFG_inst/O
                         net (fo=194, routed)         1.564     5.085    clk_IBUF_BUFG
    SLICE_X35Y46         FDRE (Prop_fdre_C_Q)         0.456     5.541 r  clk_movement_reg/Q
                         net (fo=2, routed)           0.708     6.249    clk_movement
    BUFGCTRL_X0Y0        BUFG (Prop_bufg_I_O)         0.096     6.345 r  clk_movement_BUFG_inst/O
                         net (fo=206, routed)         1.627     7.972    merge_controller/clk_movement_BUFG
    SLICE_X0Y18          FDCE                                         r  merge_controller/array_positions_y_reg[1][4]/C
  -------------------------------------------------------------------    -------------------
    SLICE_X0Y18          FDCE (Prop_fdce_C_Q)         0.456     8.428 r  merge_controller/array_positions_y_reg[1][4]/Q
                         net (fo=14, routed)          1.558     9.987    led_OBUF[4]
    W18                  OBUF (Prop_obuf_I_O)         3.509    13.495 r  led_OBUF[4]_inst/O
                         net (fo=0)                   0.000    13.495    led[4]
    W18                                                               r  led[4] (OUT)
  -------------------------------------------------------------------    -------------------

                         (clock sys_clk_pin rise edge)
                                                     10.000    10.000 r  
                         clock pessimism              0.000    10.000    
                         clock uncertainty           -0.035     9.965    
                         output delay                -4.000     5.965    
  -------------------------------------------------------------------
                         required time                          5.965    
                         arrival time                         -13.495    
  -------------------------------------------------------------------
                         slack                                 -7.531    

Slack (VIOLATED) :        -7.521ns  (required time - arrival time)
  Source:                 merge_controller/array_positions_y_reg[2][5]/C
                            (rising edge-triggered cell FDCE clocked by clk_movement  {rise@0.000ns fall@11111110.000ns period=22222220.000ns})
  Destination:            led[3]
                            (output port clocked by sys_clk_pin  {rise@0.000ns fall@5.000ns period=10.000ns})
  Path Group:             sys_clk_pin
  Path Type:              Max at Slow Process Corner
  Requirement:            10.000ns  (sys_clk_pin rise@10.000ns - clk_movement rise@0.000ns)
  Data Path Delay:        5.515ns  (logic 3.965ns (71.901%)  route 1.550ns (28.099%))
  Logic Levels:           1  (OBUF=1)
  Output Delay:           4.000ns
  Clock Path Skew:        -7.971ns (DCD - SCD + CPR)
    Destination Clock Delay (DCD):    0.000ns = ( 10.000 - 10.000 ) 
    Source Clock Delay      (SCD):    7.971ns
    Clock Pessimism Removal (CPR):    0.000ns
  Clock Uncertainty:      0.035ns  ((TSJ^2 + TIJ^2)^1/2 + DJ) / 2 + PE
    Total System Jitter     (TSJ):    0.071ns
    Total Input Jitter      (TIJ):    0.000ns
    Discrete Jitter          (DJ):    0.000ns
    Phase Error              (PE):    0.000ns

    Location             Delay type                Incr(ns)  Path(ns)    Netlist Resource(s)
  -------------------------------------------------------------------    -------------------
                         (clock clk_movement rise edge)
                                                      0.000     0.000 r  
    W5                                                0.000     0.000 r  clk (IN)
                         net (fo=0)                   0.000     0.000    clk
    W5                   IBUF (Prop_ibuf_I_O)         1.458     1.458 r  clk_IBUF_inst/O
                         net (fo=1, routed)           1.967     3.425    clk_IBUF
    BUFGCTRL_X0Y1        BUFG (Prop_bufg_I_O)         0.096     3.521 r  clk_IBUF_BUFG_inst/O
                         net (fo=194, routed)         1.564     5.085    clk_IBUF_BUFG
    SLICE_X35Y46         FDRE (Prop_fdre_C_Q)         0.456     5.541 r  clk_movement_reg/Q
                         net (fo=2, routed)           0.708     6.249    clk_movement
    BUFGCTRL_X0Y0        BUFG (Prop_bufg_I_O)         0.096     6.345 r  clk_movement_BUFG_inst/O
                         net (fo=206, routed)         1.626     7.971    merge_controller/clk_movement_BUFG
    SLICE_X0Y19          FDCE                                         r  merge_controller/array_positions_y_reg[2][5]/C
  -------------------------------------------------------------------    -------------------
    SLICE_X0Y19          FDCE (Prop_fdce_C_Q)         0.456     8.427 r  merge_controller/array_positions_y_reg[2][5]/Q
                         net (fo=11, routed)          1.550     9.977    led_OBUF[3]
    V19                  OBUF (Prop_obuf_I_O)         3.509    13.486 r  led_OBUF[3]_inst/O
                         net (fo=0)                   0.000    13.486    led[3]
    V19                                                               r  led[3] (OUT)
  -------------------------------------------------------------------    -------------------

                         (clock sys_clk_pin rise edge)
                                                     10.000    10.000 r  
                         clock pessimism              0.000    10.000    
                         clock uncertainty           -0.035     9.965    
                         output delay                -4.000     5.965    
  -------------------------------------------------------------------
                         required time                          5.965    
                         arrival time                         -13.486    
  -------------------------------------------------------------------
                         slack                                 -7.521    

Slack (VIOLATED) :        -7.512ns  (required time - arrival time)
  Source:                 merge_controller/array_positions_y_reg[2][4]/C
                            (rising edge-triggered cell FDCE clocked by clk_movement  {rise@0.000ns fall@11111110.000ns period=22222220.000ns})
  Destination:            led[2]
                            (output port clocked by sys_clk_pin  {rise@0.000ns fall@5.000ns period=10.000ns})
  Path Group:             sys_clk_pin
  Path Type:              Max at Slow Process Corner
  Requirement:            10.000ns  (sys_clk_pin rise@10.000ns - clk_movement rise@0.000ns)
  Data Path Delay:        5.506ns  (logic 3.957ns (71.860%)  route 1.550ns (28.140%))
  Logic Levels:           1  (OBUF=1)
  Output Delay:           4.000ns
  Clock Path Skew:        -7.970ns (DCD - SCD + CPR)
    Destination Clock Delay (DCD):    0.000ns = ( 10.000 - 10.000 ) 
    Source Clock Delay      (SCD):    7.970ns
    Clock Pessimism Removal (CPR):    0.000ns
  Clock Uncertainty:      0.035ns  ((TSJ^2 + TIJ^2)^1/2 + DJ) / 2 + PE
    Total System Jitter     (TSJ):    0.071ns
    Total Input Jitter      (TIJ):    0.000ns
    Discrete Jitter          (DJ):    0.000ns
    Phase Error              (PE):    0.000ns

    Location             Delay type                Incr(ns)  Path(ns)    Netlist Resource(s)
  -------------------------------------------------------------------    -------------------
                         (clock clk_movement rise edge)
                                                      0.000     0.000 r  
    W5                                                0.000     0.000 r  clk (IN)
                         net (fo=0)                   0.000     0.000    clk
    W5                   IBUF (Prop_ibuf_I_O)         1.458     1.458 r  clk_IBUF_inst/O
                         net (fo=1, routed)           1.967     3.425    clk_IBUF
    BUFGCTRL_X0Y1        BUFG (Prop_bufg_I_O)         0.096     3.521 r  clk_IBUF_BUFG_inst/O
                         net (fo=194, routed)         1.564     5.085    clk_IBUF_BUFG
    SLICE_X35Y46         FDRE (Prop_fdre_C_Q)         0.456     5.541 r  clk_movement_reg/Q
                         net (fo=2, routed)           0.708     6.249    clk_movement
    BUFGCTRL_X0Y0        BUFG (Prop_bufg_I_O)         0.096     6.345 r  clk_movement_BUFG_inst/O
                         net (fo=206, routed)         1.625     7.970    merge_controller/clk_movement_BUFG
    SLICE_X0Y20          FDCE                                         r  merge_controller/array_positions_y_reg[2][4]/C
  -------------------------------------------------------------------    -------------------
    SLICE_X0Y20          FDCE (Prop_fdce_C_Q)         0.456     8.426 r  merge_controller/array_positions_y_reg[2][4]/Q
                         net (fo=13, routed)          1.550     9.976    led_OBUF[2]
    U19                  OBUF (Prop_obuf_I_O)         3.501    13.477 r  led_OBUF[2]_inst/O
                         net (fo=0)                   0.000    13.477    led[2]
    U19                                                               r  led[2] (OUT)
  -------------------------------------------------------------------    -------------------

                         (clock sys_clk_pin rise edge)
                                                     10.000    10.000 r  
                         clock pessimism              0.000    10.000    
                         clock uncertainty           -0.035     9.965    
                         output delay                -4.000     5.965    
  -------------------------------------------------------------------
                         required time                          5.965    
                         arrival time                         -13.477    
  -------------------------------------------------------------------
                         slack                                 -7.512    

Slack (MET) :             2.245ns  (required time - arrival time)
  Source:                 merge_controller/step_timer_reg[1]/C
                            (rising edge-triggered cell FDCE clocked by clk_movement  {rise@0.000ns fall@11111110.000ns period=22222220.000ns})
  Destination:            merge_controller/FSM_sequential_state_reg[2]/D
                            (rising edge-triggered cell FDCE clocked by sys_clk_pin  {rise@0.000ns fall@5.000ns period=10.000ns})
  Path Group:             sys_clk_pin
  Path Type:              Setup (Max at Slow Process Corner)
  Requirement:            10.000ns  (sys_clk_pin rise@10.000ns - clk_movement rise@0.000ns)
  Data Path Delay:        4.692ns  (logic 1.468ns (31.289%)  route 3.224ns (68.711%))
  Logic Levels:           6  (LUT4=1 LUT5=1 LUT6=3 MUXF7=1)
  Clock Path Skew:        -2.947ns (DCD - SCD + CPR)
    Destination Clock Delay (DCD):    4.771ns = ( 14.771 - 10.000 ) 
    Source Clock Delay      (SCD):    7.898ns
    Clock Pessimism Removal (CPR):    0.180ns
  Clock Uncertainty:      0.035ns  ((TSJ^2 + TIJ^2)^1/2 + DJ) / 2 + PE
    Total System Jitter     (TSJ):    0.071ns
    Total Input Jitter      (TIJ):    0.000ns
    Discrete Jitter          (DJ):    0.000ns
    Phase Error              (PE):    0.000ns

    Location             Delay type                Incr(ns)  Path(ns)    Netlist Resource(s)
  -------------------------------------------------------------------    -------------------
                         (clock clk_movement rise edge)
                                                      0.000     0.000 r  
    W5                                                0.000     0.000 r  clk (IN)
                         net (fo=0)                   0.000     0.000    clk
    W5                   IBUF (Prop_ibuf_I_O)         1.458     1.458 r  clk_IBUF_inst/O
                         net (fo=1, routed)           1.967     3.425    clk_IBUF
    BUFGCTRL_X0Y1        BUFG (Prop_bufg_I_O)         0.096     3.521 r  clk_IBUF_BUFG_inst/O
                         net (fo=194, routed)         1.564     5.085    clk_IBUF_BUFG
    SLICE_X35Y46         FDRE (Prop_fdre_C_Q)         0.456     5.541 r  clk_movement_reg/Q
                         net (fo=2, routed)           0.708     6.249    clk_movement
    BUFGCTRL_X0Y0        BUFG (Prop_bufg_I_O)         0.096     6.345 r  clk_movement_BUFG_inst/O
                         net (fo=206, routed)         1.553     7.898    merge_controller/clk_movement_BUFG
    SLICE_X33Y19         FDCE                                         r  merge_controller/step_timer_reg[1]/C
  -------------------------------------------------------------------    -------------------
    SLICE_X33Y19         FDCE (Prop_fdce_C_Q)         0.456     8.354 r  merge_controller/step_timer_reg[1]/Q
                         net (fo=21, routed)          1.115     9.469    merge_controller/step_timer_reg_n_0_[1]
    SLICE_X33Y19         LUT4 (Prop_lut4_I2_O)        0.124     9.593 r  merge_controller/step_timer[5]_i_2/O
                         net (fo=6, routed)           0.342     9.935    merge_controller/step_timer[5]_i_2_n_0
    SLICE_X35Y20         LUT6 (Prop_lut6_I5_O)        0.124    10.059 r  merge_controller/FSM_sequential_state[1]_i_4/O
                         net (fo=8, routed)           0.354    10.413    merge_controller/FSM_sequential_state[1]_i_4_n_0
    SLICE_X31Y20         LUT6 (Prop_lut6_I0_O)        0.124    10.537 f  merge_controller/FSM_sequential_state[2]_i_9/O
                         net (fo=1, routed)           0.000    10.537    merge_controller/FSM_sequential_state[2]_i_9_n_0
    SLICE_X31Y20         MUXF7 (Prop_muxf7_I1_O)      0.217    10.754 f  merge_controller/FSM_sequential_state_reg[2]_i_6/O
                         net (fo=1, routed)           0.310    11.064    merge_controller/FSM_sequential_state_reg[2]_i_6_n_0
    SLICE_X34Y20         LUT6 (Prop_lut6_I0_O)        0.299    11.363 r  merge_controller/FSM_sequential_state[2]_i_4/O
                         net (fo=3, routed)           0.561    11.924    merge_controller/FSM_sequential_state[2]_i_4_n_0
    SLICE_X34Y27         LUT5 (Prop_lut5_I3_O)        0.124    12.048 r  merge_controller/FSM_sequential_state[2]_i_1/O
                         net (fo=1, routed)           0.542    12.590    merge_controller/FSM_sequential_state[2]_i_1_n_0
    SLICE_X33Y26         FDCE                                         r  merge_controller/FSM_sequential_state_reg[2]/D
  -------------------------------------------------------------------    -------------------

                         (clock sys_clk_pin rise edge)
                                                     10.000    10.000 r  
    W5                                                0.000    10.000 r  clk (IN)
                         net (fo=0)                   0.000    10.000    clk
    W5                   IBUF (Prop_ibuf_I_O)         1.388    11.388 r  clk_IBUF_inst/O
                         net (fo=1, routed)           1.862    13.250    clk_IBUF
    BUFGCTRL_X0Y1        BUFG (Prop_bufg_I_O)         0.091    13.341 r  clk_IBUF_BUFG_inst/O
                         net (fo=194, routed)         1.430    14.771    merge_controller/CLK
    SLICE_X33Y26         FDCE                                         r  merge_controller/FSM_sequential_state_reg[2]/C
                         clock pessimism              0.180    14.951    
                         clock uncertainty           -0.035    14.916    
    SLICE_X33Y26         FDCE (Setup_fdce_C_D)       -0.081    14.835    merge_controller/FSM_sequential_state_reg[2]
  -------------------------------------------------------------------
                         required time                         14.835    
                         arrival time                         -12.590    
  -------------------------------------------------------------------
                         slack                                  2.245    

Slack (MET) :             2.303ns  (required time - arrival time)
  Source:                 merge_controller/step_timer_reg[1]/C
                            (rising edge-triggered cell FDCE clocked by clk_movement  {rise@0.000ns fall@11111110.000ns period=22222220.000ns})
  Destination:            merge_controller/FSM_sequential_state_reg[1]/D
                            (rising edge-triggered cell FDCE clocked by sys_clk_pin  {rise@0.000ns fall@5.000ns period=10.000ns})
  Path Group:             sys_clk_pin
  Path Type:              Setup (Max at Slow Process Corner)
  Requirement:            10.000ns  (sys_clk_pin rise@10.000ns - clk_movement rise@0.000ns)
  Data Path Delay:        4.653ns  (logic 1.468ns (31.548%)  route 3.185ns (68.452%))
  Logic Levels:           6  (LUT4=1 LUT6=4 MUXF7=1)
  Clock Path Skew:        -2.950ns (DCD - SCD + CPR)
    Destination Clock Delay (DCD):    4.768ns = ( 14.768 - 10.000 ) 
    Source Clock Delay      (SCD):    7.898ns
    Clock Pessimism Removal (CPR):    0.180ns
  Clock Uncertainty:      0.035ns  ((TSJ^2 + TIJ^2)^1/2 + DJ) / 2 + PE
    Total System Jitter     (TSJ):    0.071ns
    Total Input Jitter      (TIJ):    0.000ns
    Discrete Jitter          (DJ):    0.000ns
    Phase Error              (PE):    0.000ns

    Location             Delay type                Incr(ns)  Path(ns)    Netlist Resource(s)
  -------------------------------------------------------------------    -------------------
                         (clock clk_movement rise edge)
                                                      0.000     0.000 r  
    W5                                                0.000     0.000 r  clk (IN)
                         net (fo=0)                   0.000     0.000    clk
    W5                   IBUF (Prop_ibuf_I_O)         1.458     1.458 r  clk_IBUF_inst/O
                         net (fo=1, routed)           1.967     3.425    clk_IBUF
    BUFGCTRL_X0Y1        BUFG (Prop_bufg_I_O)         0.096     3.521 r  clk_IBUF_BUFG_inst/O
                         net (fo=194, routed)         1.564     5.085    clk_IBUF_BUFG
    SLICE_X35Y46         FDRE (Prop_fdre_C_Q)         0.456     5.541 r  clk_movement_reg/Q
                         net (fo=2, routed)           0.708     6.249    clk_movement
    BUFGCTRL_X0Y0        BUFG (Prop_bufg_I_O)         0.096     6.345 r  clk_movement_BUFG_inst/O
                         net (fo=206, routed)         1.553     7.898    merge_controller/clk_movement_BUFG
    SLICE_X33Y19         FDCE                                         r  merge_controller/step_timer_reg[1]/C
  -------------------------------------------------------------------    -------------------
    SLICE_X33Y19         FDCE (Prop_fdce_C_Q)         0.456     8.354 r  merge_controller/step_timer_reg[1]/Q
                         net (fo=21, routed)          1.115     9.469    merge_controller/step_timer_reg_n_0_[1]
    SLICE_X33Y19         LUT4 (Prop_lut4_I2_O)        0.124     9.593 r  merge_controller/step_timer[5]_i_2/O
                         net (fo=6, routed)           0.342     9.935    merge_controller/step_timer[5]_i_2_n_0
    SLICE_X35Y20         LUT6 (Prop_lut6_I5_O)        0.124    10.059 r  merge_controller/FSM_sequential_state[1]_i_4/O
                         net (fo=8, routed)           0.354    10.413    merge_controller/FSM_sequential_state[1]_i_4_n_0
    SLICE_X31Y20         LUT6 (Prop_lut6_I0_O)        0.124    10.537 f  merge_controller/FSM_sequential_state[2]_i_9/O
                         net (fo=1, routed)           0.000    10.537    merge_controller/FSM_sequential_state[2]_i_9_n_0
    SLICE_X31Y20         MUXF7 (Prop_muxf7_I1_O)      0.217    10.754 f  merge_controller/FSM_sequential_state_reg[2]_i_6/O
                         net (fo=1, routed)           0.310    11.064    merge_controller/FSM_sequential_state_reg[2]_i_6_n_0
    SLICE_X34Y20         LUT6 (Prop_lut6_I0_O)        0.299    11.363 r  merge_controller/FSM_sequential_state[2]_i_4/O
                         net (fo=3, routed)           0.541    11.904    merge_controller/FSM_sequential_state[2]_i_4_n_0
    SLICE_X33Y26         LUT6 (Prop_lut6_I4_O)        0.124    12.028 r  merge_controller/FSM_sequential_state[1]_i_1/O
                         net (fo=1, routed)           0.523    12.552    merge_controller/FSM_sequential_state[1]_i_1_n_0
    SLICE_X35Y25         FDCE                                         r  merge_controller/FSM_sequential_state_reg[1]/D
  -------------------------------------------------------------------    -------------------

                         (clock sys_clk_pin rise edge)
                                                     10.000    10.000 r  
    W5                                                0.000    10.000 r  clk (IN)
                         net (fo=0)                   0.000    10.000    clk
    W5                   IBUF (Prop_ibuf_I_O)         1.388    11.388 r  clk_IBUF_inst/O
                         net (fo=1, routed)           1.862    13.250    clk_IBUF
    BUFGCTRL_X0Y1        BUFG (Prop_bufg_I_O)         0.091    13.341 r  clk_IBUF_BUFG_inst/O
                         net (fo=194, routed)         1.427    14.768    merge_controller/CLK
    SLICE_X35Y25         FDCE                                         r  merge_controller/FSM_sequential_state_reg[1]/C
                         clock pessimism              0.180    14.948    
                         clock uncertainty           -0.035    14.913    
    SLICE_X35Y25         FDCE (Setup_fdce_C_D)       -0.058    14.855    merge_controller/FSM_sequential_state_reg[1]
  -------------------------------------------------------------------
                         required time                         14.855    
                         arrival time                         -12.552    
  -------------------------------------------------------------------
                         slack                                  2.303    





Min Delay Paths
--------------------------------------------------------------------------------------
Slack (MET) :             0.000ns  (arrival time - required time)
  Source:                 clk_movement_reg/Q
                            (clock source 'clk_movement'  {rise@0.000ns fall@11111110.000ns period=22222220.000ns})
  Destination:            clk_movement_reg/D
                            (rising edge-triggered cell FDRE clocked by sys_clk_pin  {rise@0.000ns fall@5.000ns period=10.000ns})
  Path Group:             sys_clk_pin
  Path Type:              Hold (Min at Fast Process Corner)
  Requirement:            0.000ns  (sys_clk_pin rise@11111110.000ns - clk_movement fall@11111110.000ns)
  Data Path Delay:        0.000ns  (logic 0.045ns (0.000%)  route 0.464ns (0.000%))
  Logic Levels:           1  (LUT2=1)
  Clock Path Skew:        -0.149ns (DCD - SCD - CPR)
    Destination Clock Delay (DCD):    1.958ns = ( 11111112.000 - 11111110.000 ) 
    Source Clock Delay      (SCD):    1.863ns = ( 11111112.000 - 11111110.000 ) 
    Clock Pessimism Removal (CPR):    0.244ns

    Location             Delay type                Incr(ns)  Path(ns)    Netlist Resource(s)
  -------------------------------------------------------------------    -------------------
                         (clock clk_movement fall edge)
                                                  11111110.000 11111110.000 f  
    W5                                                0.000 11111110.000 r  clk (IN)
                         net (fo=0)                   0.000 11111110.000    clk
    W5                   IBUF (Prop_ibuf_I_O)         0.226 11111110.000 r  clk_IBUF_inst/O
                         net (fo=1, routed)           0.631 11111111.000    clk_IBUF
    BUFGCTRL_X0Y1        BUFG (Prop_bufg_I_O)         0.026 11111111.000 r  clk_IBUF_BUFG_inst/O
                         net (fo=194, routed)         0.562 11111112.000    clk_IBUF_BUFG
  -------------------------------------------------------------------    -------------------
    SLICE_X35Y46         FDRE (Prop_fdre_C_Q)         0.141 11111112.000 f  clk_movement_reg/Q
                         net (fo=2, routed)           0.464 11111112.000    clk_movement
    SLICE_X35Y46         LUT2 (Prop_lut2_I1_O)        0.045 11111112.000 r  clk_movement_i_1/O
                         net (fo=1, routed)           0.000 11111112.000    clk_movement_i_1_n_0
    SLICE_X35Y46         FDRE                                         r  clk_movement_reg/D
  -------------------------------------------------------------------    -------------------

                         (clock sys_clk_pin rise edge)
                                                  11111110.000 11111110.000 r  
    W5                                                0.000 11111110.000 r  clk (IN)
                         net (fo=0)                   0.000 11111110.000    clk
    W5                   IBUF (Prop_ibuf_I_O)         0.414 11111110.000 r  clk_IBUF_inst/O
                         net (fo=1, routed)           0.685 11111111.000    clk_IBUF
    BUFGCTRL_X0Y1        BUFG (Prop_bufg_I_O)         0.029 11111111.000 r  clk_IBUF_BUFG_inst/O
                         net (fo=194, routed)         0.831 11111112.000    clk_IBUF_BUFG
    SLICE_X35Y46         FDRE                                         r  clk_movement_reg/C
                         clock pessimism             -0.244 11111112.000    
    SLICE_X35Y46         FDRE (Hold_fdre_C_D)         0.091 11111112.000    clk_movement_reg
  -------------------------------------------------------------------
                         required time                      -11111111.000    
                         arrival time                       11111111.000    
  -------------------------------------------------------------------
                         slack                                  0.000    

Slack (MET) :             0.960ns  (arrival time - required time)
  Source:                 merge_controller/check_answer_ack_reg/C
                            (rising edge-triggered cell FDCE clocked by clk_movement  {rise@0.000ns fall@11111110.000ns period=22222220.000ns})
  Destination:            merge_controller/check_answer_ack_sync_reg[0]/D
                            (rising edge-triggered cell FDCE clocked by sys_clk_pin  {rise@0.000ns fall@5.000ns period=10.000ns})
  Path Group:             sys_clk_pin
  Path Type:              Hold (Min at Fast Process Corner)
  Requirement:            0.000ns  (sys_clk_pin rise@0.000ns - clk_movement rise@0.000ns)
  Data Path Delay:        0.288ns  (logic 0.164ns (56.917%)  route 0.124ns (43.083%))
  Logic Levels:           0  
  Clock Path Skew:        -0.731ns (DCD - SCD - CPR)
    Destination Clock Delay (DCD):    1.947ns
    Source Clock Delay      (SCD):    2.435ns
    Clock Pessimism Removal (CPR):    0.244ns

    Location             Delay type                Incr(ns)  Path(ns)    Netlist Resource(s)
  -------------------------------------------------------------------    -------------------
                         (clock clk_movement rise edge)
                                                      0.000     0.000 r  
    W5                                                0.000     0.000 r  clk (IN)
                         net (fo=0)                   0.000     0.000    clk
    W5                   IBUF (Prop_ibuf_I_O)         0.226     0.226 r  clk_IBUF_inst/O
                         net (fo=1, routed)           0.631     0.858    clk_IBUF
    BUFGCTRL_X0Y1        BUFG (Prop_bufg_I_O)         0.026     0.884 r  clk_IBUF_BUFG_inst/O
                         net (fo=194, routed)         0.562     1.445    clk_IBUF_BUFG
    SLICE_X35Y46         FDRE (Prop_fdre_C_Q)         0.141     1.586 r  clk_movement_reg/Q
                         net (fo=2, routed)           0.269     1.855    clk_movement
    BUFGCTRL_X0Y0        BUFG (Prop_bufg_I_O)         0.026     1.881 r  clk_movement_BUFG_inst/O
                         net (fo=206, routed)         0.554     2.435    merge_controller/clk_movement_BUFG
    SLICE_X34Y19         FDCE                                         r  merge_controller/check_answer_ack_reg/C
  -------------------------------------------------------------------    -------------------
    SLICE_X34Y19         FDCE (Prop_fdce_C_Q)         0.164     2.599 r  merge_controller/check_answer_ack_reg/Q
                         net (fo=4, routed)           0.124     2.723    merge_controller/check_answer_ack_reg_n_0
    SLICE_X34Y20         FDCE                                         r  merge_controller/check_answer_ack_sync_reg[0]/D
  -------------------------------------------------------------------    -------------------

                         (clock sys_clk_pin rise edge)
                                                      0.000     0.000 r  
    W5                                                0.000     0.000 r  clk (IN)
                         net (fo=0)                   0.000     0.000    clk
    W5                   IBUF (Prop_ibuf_I_O)         0.414     0.414 r  clk_IBUF_inst/O
                         net (fo=1, routed)           0.685     1.099    clk_IBUF
    BUFGCTRL_X0Y1        BUFG (Prop_bufg_I_O)         0.029     1.128 r  clk_IBUF_BUFG_inst/O
                         net (fo=194, routed)         0.820     1.947    merge_controller/CLK
    SLICE_X34Y20         FDCE                                         r  merge_controller/check_answer_ack_sync_reg[0]/C
                         clock pessimism             -0.244     1.703    
    SLICE_X34Y20         FDCE (Hold_fdce_C_D)         0.060     1.763    merge_controller/check_answer_ack_sync_reg[0]
  -------------------------------------------------------------------
                         required time                         -1.763    
                         arrival time                           2.723    
  -------------------------------------------------------------------
                         slack                                  0.960    

Slack (MET) :             0.981ns  (arrival time - required time)
  Source:                 merge_controller/value_down_ack_reg/C
                            (rising edge-triggered cell FDCE clocked by clk_movement  {rise@0.000ns fall@11111110.000ns period=22222220.000ns})
  Destination:            merge_controller/value_down_ack_sync_reg[0]/D
                            (rising edge-triggered cell FDCE clocked by sys_clk_pin  {rise@0.000ns fall@5.000ns period=10.000ns})
  Path Group:             sys_clk_pin
  Path Type:              Hold (Min at Fast Process Corner)
  Requirement:            0.000ns  (sys_clk_pin rise@0.000ns - clk_movement rise@0.000ns)
  Data Path Delay:        0.328ns  (logic 0.141ns (43.018%)  route 0.187ns (56.982%))
  Logic Levels:           0  
  Clock Path Skew:        -0.728ns (DCD - SCD - CPR)
    Destination Clock Delay (DCD):    1.957ns
    Source Clock Delay      (SCD):    2.442ns
    Clock Pessimism Removal (CPR):    0.244ns

    Location             Delay type                Incr(ns)  Path(ns)    Netlist Resource(s)
  -------------------------------------------------------------------    -------------------
                         (clock clk_movement rise edge)
                                                      0.000     0.000 r  
    W5                                                0.000     0.000 r  clk (IN)
                         net (fo=0)                   0.000     0.000    clk
    W5                   IBUF (Prop_ibuf_I_O)         0.226     0.226 r  clk_IBUF_inst/O
                         net (fo=1, routed)           0.631     0.858    clk_IBUF
    BUFGCTRL_X0Y1        BUFG (Prop_bufg_I_O)         0.026     0.884 r  clk_IBUF_BUFG_inst/O
                         net (fo=194, routed)         0.562     1.445    clk_IBUF_BUFG
    SLICE_X35Y46         FDRE (Prop_fdre_C_Q)         0.141     1.586 r  clk_movement_reg/Q
                         net (fo=2, routed)           0.269     1.855    clk_movement
    BUFGCTRL_X0Y0        BUFG (Prop_bufg_I_O)         0.026     1.881 r  clk_movement_BUFG_inst/O
                         net (fo=206, routed)         0.561     2.442    merge_controller/clk_movement_BUFG
    SLICE_X36Y11         FDCE                                         r  merge_controller/value_down_ack_reg/C
  -------------------------------------------------------------------    -------------------
    SLICE_X36Y11         FDCE (Prop_fdce_C_Q)         0.141     2.583 r  merge_controller/value_down_ack_reg/Q
                         net (fo=11, routed)          0.187     2.769    merge_controller/value_down_ack_reg_n_0
    SLICE_X37Y10         FDCE                                         r  merge_controller/value_down_ack_sync_reg[0]/D
  -------------------------------------------------------------------    -------------------

                         (clock sys_clk_pin rise edge)
                                                      0.000     0.000 r  
    W5                                                0.000     0.000 r  clk (IN)
                         net (fo=0)                   0.000     0.000    clk
    W5                   IBUF (Prop_ibuf_I_O)         0.414     0.414 r  clk_IBUF_inst/O
                         net (fo=1, routed)           0.685     1.099    clk_IBUF
    BUFGCTRL_X0Y1        BUFG (Prop_bufg_I_O)         0.029     1.128 r  clk_IBUF_BUFG_inst/O
                         net (fo=194, routed)         0.830     1.957    merge_controller/CLK
    SLICE_X37Y10         FDCE                                         r  merge_controller/value_down_ack_sync_reg[0]/C
                         clock pessimism             -0.244     1.713    
    SLICE_X37Y10         FDCE (Hold_fdce_C_D)         0.075     1.788    merge_controller/value_down_ack_sync_reg[0]
  -------------------------------------------------------------------
                         required time                         -1.788    
                         arrival time                           2.769    
  -------------------------------------------------------------------
                         slack                                  0.981    

Slack (MET) :             1.109ns  (arrival time - required time)
  Source:                 merge_controller/cursor_right_ack_reg/C
                            (rising edge-triggered cell FDCE clocked by clk_movement  {rise@0.000ns fall@11111110.000ns period=22222220.000ns})
  Destination:            merge_controller/cursor_right_ack_sync_reg[0]/D
                            (rising edge-triggered cell FDCE clocked by sys_clk_pin  {rise@0.000ns fall@5.000ns period=10.000ns})
  Path Group:             sys_clk_pin
  Path Type:              Hold (Min at Fast Process Corner)
  Requirement:            0.000ns  (sys_clk_pin rise@0.000ns - clk_movement rise@0.000ns)
  Data Path Delay:        0.403ns  (logic 0.128ns (31.787%)  route 0.275ns (68.213%))
  Logic Levels:           0  
  Clock Path Skew:        -0.727ns (DCD - SCD - CPR)
    Destination Clock Delay (DCD):    1.958ns
    Source Clock Delay      (SCD):    2.442ns
    Clock Pessimism Removal (CPR):    0.244ns

    Location             Delay type                Incr(ns)  Path(ns)    Netlist Resource(s)
  -------------------------------------------------------------------    -------------------
                         (clock clk_movement rise edge)
                                                      0.000     0.000 r  
    W5                                                0.000     0.000 r  clk (IN)
                         net (fo=0)                   0.000     0.000    clk
    W5                   IBUF (Prop_ibuf_I_O)         0.226     0.226 r  clk_IBUF_inst/O
                         net (fo=1, routed)           0.631     0.858    clk_IBUF
    BUFGCTRL_X0Y1        BUFG (Prop_bufg_I_O)         0.026     0.884 r  clk_IBUF_BUFG_inst/O
                         net (fo=194, routed)         0.562     1.445    clk_IBUF_BUFG
    SLICE_X35Y46         FDRE (Prop_fdre_C_Q)         0.141     1.586 r  clk_movement_reg/Q
                         net (fo=2, routed)           0.269     1.855    clk_movement
    BUFGCTRL_X0Y0        BUFG (Prop_bufg_I_O)         0.026     1.881 r  clk_movement_BUFG_inst/O
                         net (fo=206, routed)         0.561     2.442    merge_controller/clk_movement_BUFG
    SLICE_X36Y10         FDCE                                         r  merge_controller/cursor_right_ack_reg/C
  -------------------------------------------------------------------    -------------------
    SLICE_X36Y10         FDCE (Prop_fdce_C_Q)         0.128     2.570 r  merge_controller/cursor_right_ack_reg/Q
                         net (fo=6, routed)           0.275     2.844    merge_controller/cursor_right_ack_reg_n_0
    SLICE_X37Y8          FDCE                                         r  merge_controller/cursor_right_ack_sync_reg[0]/D
  -------------------------------------------------------------------    -------------------

                         (clock sys_clk_pin rise edge)
                                                      0.000     0.000 r  
    W5                                                0.000     0.000 r  clk (IN)
                         net (fo=0)                   0.000     0.000    clk
    W5                   IBUF (Prop_ibuf_I_O)         0.414     0.414 r  clk_IBUF_inst/O
                         net (fo=1, routed)           0.685     1.099    clk_IBUF
    BUFGCTRL_X0Y1        BUFG (Prop_bufg_I_O)         0.029     1.128 r  clk_IBUF_BUFG_inst/O
                         net (fo=194, routed)         0.831     1.958    merge_controller/CLK
    SLICE_X37Y8          FDCE                                         r  merge_controller/cursor_right_ack_sync_reg[0]/C
                         clock pessimism             -0.244     1.714    
    SLICE_X37Y8          FDCE (Hold_fdce_C_D)         0.021     1.735    merge_controller/cursor_right_ack_sync_reg[0]
  -------------------------------------------------------------------
                         required time                         -1.735    
                         arrival time                           2.844    
  -------------------------------------------------------------------
                         slack                                  1.109    

Slack (MET) :             1.111ns  (arrival time - required time)
  Source:                 merge_controller/cursor_left_ack_reg/C
                            (rising edge-triggered cell FDCE clocked by clk_movement  {rise@0.000ns fall@11111110.000ns period=22222220.000ns})
  Destination:            merge_controller/cursor_left_ack_sync_reg[0]/D
                            (rising edge-triggered cell FDCE clocked by sys_clk_pin  {rise@0.000ns fall@5.000ns period=10.000ns})
  Path Group:             sys_clk_pin
  Path Type:              Hold (Min at Fast Process Corner)
  Requirement:            0.000ns  (sys_clk_pin rise@0.000ns - clk_movement rise@0.000ns)
  Data Path Delay:        0.472ns  (logic 0.141ns (29.847%)  route 0.331ns (70.153%))
  Logic Levels:           0  
  Clock Path Skew:        -0.728ns (DCD - SCD - CPR)
    Destination Clock Delay (DCD):    1.957ns
    Source Clock Delay      (SCD):    2.442ns
    Clock Pessimism Removal (CPR):    0.244ns

    Location             Delay type                Incr(ns)  Path(ns)    Netlist Resource(s)
  -------------------------------------------------------------------    -------------------
                         (clock clk_movement rise edge)
                                                      0.000     0.000 r  
    W5                                                0.000     0.000 r  clk (IN)
                         net (fo=0)                   0.000     0.000    clk
    W5                   IBUF (Prop_ibuf_I_O)         0.226     0.226 r  clk_IBUF_inst/O
                         net (fo=1, routed)           0.631     0.858    clk_IBUF
    BUFGCTRL_X0Y1        BUFG (Prop_bufg_I_O)         0.026     0.884 r  clk_IBUF_BUFG_inst/O
                         net (fo=194, routed)         0.562     1.445    clk_IBUF_BUFG
    SLICE_X35Y46         FDRE (Prop_fdre_C_Q)         0.141     1.586 r  clk_movement_reg/Q
                         net (fo=2, routed)           0.269     1.855    clk_movement
    BUFGCTRL_X0Y0        BUFG (Prop_bufg_I_O)         0.026     1.881 r  clk_movement_BUFG_inst/O
                         net (fo=206, routed)         0.561     2.442    merge_controller/clk_movement_BUFG
    SLICE_X36Y10         FDCE                                         r  merge_controller/cursor_left_ack_reg/C
  -------------------------------------------------------------------    -------------------
    SLICE_X36Y10         FDCE (Prop_fdce_C_Q)         0.141     2.583 r  merge_controller/cursor_left_ack_reg/Q
                         net (fo=6, routed)           0.331     2.914    merge_controller/cursor_left_ack_reg_n_0
    SLICE_X34Y9          FDCE                                         r  merge_controller/cursor_left_ack_sync_reg[0]/D
  -------------------------------------------------------------------    -------------------

                         (clock sys_clk_pin rise edge)
                                                      0.000     0.000 r  
    W5                                                0.000     0.000 r  clk (IN)
                         net (fo=0)                   0.000     0.000    clk
    W5                   IBUF (Prop_ibuf_I_O)         0.414     0.414 r  clk_IBUF_inst/O
                         net (fo=1, routed)           0.685     1.099    clk_IBUF
    BUFGCTRL_X0Y1        BUFG (Prop_bufg_I_O)         0.029     1.128 r  clk_IBUF_BUFG_inst/O
                         net (fo=194, routed)         0.830     1.957    merge_controller/CLK
    SLICE_X34Y9          FDCE                                         r  merge_controller/cursor_left_ack_sync_reg[0]/C
                         clock pessimism             -0.244     1.713    
    SLICE_X34Y9          FDCE (Hold_fdce_C_D)         0.090     1.803    merge_controller/cursor_left_ack_sync_reg[0]
  -------------------------------------------------------------------
                         required time                         -1.803    
                         arrival time                           2.914    
  -------------------------------------------------------------------
                         slack                                  1.111    

Slack (MET) :             1.281ns  (arrival time - required time)
  Source:                 merge_controller/value_up_ack_reg/C
                            (rising edge-triggered cell FDCE clocked by clk_movement  {rise@0.000ns fall@11111110.000ns period=22222220.000ns})
  Destination:            merge_controller/value_up_ack_sync_reg[0]/D
                            (rising edge-triggered cell FDCE clocked by sys_clk_pin  {rise@0.000ns fall@5.000ns period=10.000ns})
  Path Group:             sys_clk_pin
  Path Type:              Hold (Min at Fast Process Corner)
  Requirement:            0.000ns  (sys_clk_pin rise@0.000ns - clk_movement rise@0.000ns)
  Data Path Delay:        0.587ns  (logic 0.128ns (21.797%)  route 0.459ns (78.203%))
  Logic Levels:           0  
  Clock Path Skew:        -0.728ns (DCD - SCD - CPR)
    Destination Clock Delay (DCD):    1.957ns
    Source Clock Delay      (SCD):    2.442ns
    Clock Pessimism Removal (CPR):    0.244ns

    Location             Delay type                Incr(ns)  Path(ns)    Netlist Resource(s)
  -------------------------------------------------------------------    -------------------
                         (clock clk_movement rise edge)
                                                      0.000     0.000 r  
    W5                                                0.000     0.000 r  clk (IN)
                         net (fo=0)                   0.000     0.000    clk
    W5                   IBUF (Prop_ibuf_I_O)         0.226     0.226 r  clk_IBUF_inst/O
                         net (fo=1, routed)           0.631     0.858    clk_IBUF
    BUFGCTRL_X0Y1        BUFG (Prop_bufg_I_O)         0.026     0.884 r  clk_IBUF_BUFG_inst/O
                         net (fo=194, routed)         0.562     1.445    clk_IBUF_BUFG
    SLICE_X35Y46         FDRE (Prop_fdre_C_Q)         0.141     1.586 r  clk_movement_reg/Q
                         net (fo=2, routed)           0.269     1.855    clk_movement
    BUFGCTRL_X0Y0        BUFG (Prop_bufg_I_O)         0.026     1.881 r  clk_movement_BUFG_inst/O
                         net (fo=206, routed)         0.561     2.442    merge_controller/clk_movement_BUFG
    SLICE_X36Y11         FDCE                                         r  merge_controller/value_up_ack_reg/C
  -------------------------------------------------------------------    -------------------
    SLICE_X36Y11         FDCE (Prop_fdce_C_Q)         0.128     2.570 r  merge_controller/value_up_ack_reg/Q
                         net (fo=11, routed)          0.459     3.029    merge_controller/value_up_ack_reg_n_0
    SLICE_X34Y9          FDCE                                         r  merge_controller/value_up_ack_sync_reg[0]/D
  -------------------------------------------------------------------    -------------------

                         (clock sys_clk_pin rise edge)
                                                      0.000     0.000 r  
    W5                                                0.000     0.000 r  clk (IN)
                         net (fo=0)                   0.000     0.000    clk
    W5                   IBUF (Prop_ibuf_I_O)         0.414     0.414 r  clk_IBUF_inst/O
                         net (fo=1, routed)           0.685     1.099    clk_IBUF
    BUFGCTRL_X0Y1        BUFG (Prop_bufg_I_O)         0.029     1.128 r  clk_IBUF_BUFG_inst/O
                         net (fo=194, routed)         0.830     1.957    merge_controller/CLK
    SLICE_X34Y9          FDCE                                         r  merge_controller/value_up_ack_sync_reg[0]/C
                         clock pessimism             -0.244     1.713    
    SLICE_X34Y9          FDCE (Hold_fdce_C_D)         0.035     1.748    merge_controller/value_up_ack_sync_reg[0]
  -------------------------------------------------------------------
                         required time                         -1.748    
                         arrival time                           3.029    
  -------------------------------------------------------------------
                         slack                                  1.281    

Slack (MET) :             1.384ns  (arrival time - required time)
  Source:                 merge_controller/tutorial_practice_mode_reg/C
                            (rising edge-triggered cell FDCE clocked by clk_movement  {rise@0.000ns fall@11111110.000ns period=22222220.000ns})
  Destination:            merge_controller/debounce_center_reg[19]/D
                            (rising edge-triggered cell FDCE clocked by sys_clk_pin  {rise@0.000ns fall@5.000ns period=10.000ns})
  Path Group:             sys_clk_pin
  Path Type:              Hold (Min at Fast Process Corner)
  Requirement:            0.000ns  (sys_clk_pin rise@0.000ns - clk_movement rise@0.000ns)
  Data Path Delay:        0.771ns  (logic 0.231ns (29.949%)  route 0.540ns (70.051%))
  Logic Levels:           2  (LUT2=1 LUT6=1)
  Clock Path Skew:        -0.733ns (DCD - SCD - CPR)
    Destination Clock Delay (DCD):    1.944ns
    Source Clock Delay      (SCD):    2.434ns
    Clock Pessimism Removal (CPR):    0.244ns

    Location             Delay type                Incr(ns)  Path(ns)    Netlist Resource(s)
  -------------------------------------------------------------------    -------------------
                         (clock clk_movement rise edge)
                                                      0.000     0.000 r  
    W5                                                0.000     0.000 r  clk (IN)
                         net (fo=0)                   0.000     0.000    clk
    W5                   IBUF (Prop_ibuf_I_O)         0.226     0.226 r  clk_IBUF_inst/O
                         net (fo=1, routed)           0.631     0.858    clk_IBUF
    BUFGCTRL_X0Y1        BUFG (Prop_bufg_I_O)         0.026     0.884 r  clk_IBUF_BUFG_inst/O
                         net (fo=194, routed)         0.562     1.445    clk_IBUF_BUFG
    SLICE_X35Y46         FDRE (Prop_fdre_C_Q)         0.141     1.586 r  clk_movement_reg/Q
                         net (fo=2, routed)           0.269     1.855    clk_movement
    BUFGCTRL_X0Y0        BUFG (Prop_bufg_I_O)         0.026     1.881 r  clk_movement_BUFG_inst/O
                         net (fo=206, routed)         0.553     2.434    merge_controller/clk_movement_BUFG
    SLICE_X35Y20         FDCE                                         r  merge_controller/tutorial_practice_mode_reg/C
  -------------------------------------------------------------------    -------------------
    SLICE_X35Y20         FDCE (Prop_fdce_C_Q)         0.141     2.575 f  merge_controller/tutorial_practice_mode_reg/Q
                         net (fo=37, routed)          0.254     2.828    merge_controller/practice_mode_active
    SLICE_X34Y20         LUT6 (Prop_lut6_I1_O)        0.045     2.873 f  merge_controller/debounce_center[19]_i_3/O
                         net (fo=21, routed)          0.287     3.160    merge_controller/debounce_center[19]_i_3_n_0
    SLICE_X30Y23         LUT2 (Prop_lut2_I1_O)        0.045     3.205 r  merge_controller/debounce_center[19]_i_2/O
                         net (fo=1, routed)           0.000     3.205    merge_controller/debounce_center[19]_i_2_n_0
    SLICE_X30Y23         FDCE                                         r  merge_controller/debounce_center_reg[19]/D
  -------------------------------------------------------------------    -------------------

                         (clock sys_clk_pin rise edge)
                                                      0.000     0.000 r  
    W5                                                0.000     0.000 r  clk (IN)
                         net (fo=0)                   0.000     0.000    clk
    W5                   IBUF (Prop_ibuf_I_O)         0.414     0.414 r  clk_IBUF_inst/O
                         net (fo=1, routed)           0.685     1.099    clk_IBUF
    BUFGCTRL_X0Y1        BUFG (Prop_bufg_I_O)         0.029     1.128 r  clk_IBUF_BUFG_inst/O
                         net (fo=194, routed)         0.817     1.944    merge_controller/CLK
    SLICE_X30Y23         FDCE                                         r  merge_controller/debounce_center_reg[19]/C
                         clock pessimism             -0.244     1.700    
    SLICE_X30Y23         FDCE (Hold_fdce_C_D)         0.121     1.821    merge_controller/debounce_center_reg[19]
  -------------------------------------------------------------------
                         required time                         -1.821    
                         arrival time                           3.205    
  -------------------------------------------------------------------
                         slack                                  1.384    

Slack (MET) :             1.413ns  (arrival time - required time)
  Source:                 merge_controller/tutorial_practice_mode_reg/C
                            (rising edge-triggered cell FDCE clocked by clk_movement  {rise@0.000ns fall@11111110.000ns period=22222220.000ns})
  Destination:            merge_controller/debounce_center_reg[7]/D
                            (rising edge-triggered cell FDCE clocked by sys_clk_pin  {rise@0.000ns fall@5.000ns period=10.000ns})
  Path Group:             sys_clk_pin
  Path Type:              Hold (Min at Fast Process Corner)
  Requirement:            0.000ns  (sys_clk_pin rise@0.000ns - clk_movement rise@0.000ns)
  Data Path Delay:        0.790ns  (logic 0.235ns (29.755%)  route 0.555ns (70.245%))
  Logic Levels:           2  (LUT2=1 LUT6=1)
  Clock Path Skew:        -0.730ns (DCD - SCD - CPR)
    Destination Clock Delay (DCD):    1.947ns
    Source Clock Delay      (SCD):    2.434ns
    Clock Pessimism Removal (CPR):    0.244ns

    Location             Delay type                Incr(ns)  Path(ns)    Netlist Resource(s)
  -------------------------------------------------------------------    -------------------
                         (clock clk_movement rise edge)
                                                      0.000     0.000 r  
    W5                                                0.000     0.000 r  clk (IN)
                         net (fo=0)                   0.000     0.000    clk
    W5                   IBUF (Prop_ibuf_I_O)         0.226     0.226 r  clk_IBUF_inst/O
                         net (fo=1, routed)           0.631     0.858    clk_IBUF
    BUFGCTRL_X0Y1        BUFG (Prop_bufg_I_O)         0.026     0.884 r  clk_IBUF_BUFG_inst/O
                         net (fo=194, routed)         0.562     1.445    clk_IBUF_BUFG
    SLICE_X35Y46         FDRE (Prop_fdre_C_Q)         0.141     1.586 r  clk_movement_reg/Q
                         net (fo=2, routed)           0.269     1.855    clk_movement
    BUFGCTRL_X0Y0        BUFG (Prop_bufg_I_O)         0.026     1.881 r  clk_movement_BUFG_inst/O
                         net (fo=206, routed)         0.553     2.434    merge_controller/clk_movement_BUFG
    SLICE_X35Y20         FDCE                                         r  merge_controller/tutorial_practice_mode_reg/C
  -------------------------------------------------------------------    -------------------
    SLICE_X35Y20         FDCE (Prop_fdce_C_Q)         0.141     2.575 f  merge_controller/tutorial_practice_mode_reg/Q
                         net (fo=37, routed)          0.254     2.828    merge_controller/practice_mode_active
    SLICE_X34Y20         LUT6 (Prop_lut6_I1_O)        0.045     2.873 f  merge_controller/debounce_center[19]_i_3/O
                         net (fo=21, routed)          0.301     3.174    merge_controller/debounce_center[19]_i_3_n_0
    SLICE_X28Y22         LUT2 (Prop_lut2_I1_O)        0.049     3.223 r  merge_controller/debounce_center[7]_i_1/O
                         net (fo=1, routed)           0.000     3.223    merge_controller/debounce_center[7]_i_1_n_0
    SLICE_X28Y22         FDCE                                         r  merge_controller/debounce_center_reg[7]/D
  -------------------------------------------------------------------    -------------------

                         (clock sys_clk_pin rise edge)
                                                      0.000     0.000 r  
    W5                                                0.000     0.000 r  clk (IN)
                         net (fo=0)                   0.000     0.000    clk
    W5                   IBUF (Prop_ibuf_I_O)         0.414     0.414 r  clk_IBUF_inst/O
                         net (fo=1, routed)           0.685     1.099    clk_IBUF
    BUFGCTRL_X0Y1        BUFG (Prop_bufg_I_O)         0.029     1.128 r  clk_IBUF_BUFG_inst/O
                         net (fo=194, routed)         0.820     1.947    merge_controller/CLK
    SLICE_X28Y22         FDCE                                         r  merge_controller/debounce_center_reg[7]/C
                         clock pessimism             -0.244     1.703    
    SLICE_X28Y22         FDCE (Hold_fdce_C_D)         0.107     1.810    merge_controller/debounce_center_reg[7]
  -------------------------------------------------------------------
                         required time                         -1.810    
                         arrival time                           3.223    
  -------------------------------------------------------------------
                         slack                                  1.413    

Slack (MET) :             1.423ns  (arrival time - required time)
  Source:                 merge_controller/tutorial_practice_mode_reg/C
                            (rising edge-triggered cell FDCE clocked by clk_movement  {rise@0.000ns fall@11111110.000ns period=22222220.000ns})
  Destination:            merge_controller/debounce_center_reg[3]/D
                            (rising edge-triggered cell FDCE clocked by sys_clk_pin  {rise@0.000ns fall@5.000ns period=10.000ns})
  Path Group:             sys_clk_pin
  Path Type:              Hold (Min at Fast Process Corner)
  Requirement:            0.000ns  (sys_clk_pin rise@0.000ns - clk_movement rise@0.000ns)
  Data Path Delay:        0.800ns  (logic 0.231ns (28.869%)  route 0.569ns (71.131%))
  Logic Levels:           2  (LUT2=1 LUT6=1)
  Clock Path Skew:        -0.729ns (DCD - SCD - CPR)
    Destination Clock Delay (DCD):    1.948ns
    Source Clock Delay      (SCD):    2.434ns
    Clock Pessimism Removal (CPR):    0.244ns

    Location             Delay type                Incr(ns)  Path(ns)    Netlist Resource(s)
  -------------------------------------------------------------------    -------------------
                         (clock clk_movement rise edge)
                                                      0.000     0.000 r  
    W5                                                0.000     0.000 r  clk (IN)
                         net (fo=0)                   0.000     0.000    clk
    W5                   IBUF (Prop_ibuf_I_O)         0.226     0.226 r  clk_IBUF_inst/O
                         net (fo=1, routed)           0.631     0.858    clk_IBUF
    BUFGCTRL_X0Y1        BUFG (Prop_bufg_I_O)         0.026     0.884 r  clk_IBUF_BUFG_inst/O
                         net (fo=194, routed)         0.562     1.445    clk_IBUF_BUFG
    SLICE_X35Y46         FDRE (Prop_fdre_C_Q)         0.141     1.586 r  clk_movement_reg/Q
                         net (fo=2, routed)           0.269     1.855    clk_movement
    BUFGCTRL_X0Y0        BUFG (Prop_bufg_I_O)         0.026     1.881 r  clk_movement_BUFG_inst/O
                         net (fo=206, routed)         0.553     2.434    merge_controller/clk_movement_BUFG
    SLICE_X35Y20         FDCE                                         r  merge_controller/tutorial_practice_mode_reg/C
  -------------------------------------------------------------------    -------------------
    SLICE_X35Y20         FDCE (Prop_fdce_C_Q)         0.141     2.575 f  merge_controller/tutorial_practice_mode_reg/Q
                         net (fo=37, routed)          0.254     2.828    merge_controller/practice_mode_active
    SLICE_X34Y20         LUT6 (Prop_lut6_I1_O)        0.045     2.873 f  merge_controller/debounce_center[19]_i_3/O
                         net (fo=21, routed)          0.316     3.189    merge_controller/debounce_center[19]_i_3_n_0
    SLICE_X28Y21         LUT2 (Prop_lut2_I1_O)        0.045     3.234 r  merge_controller/debounce_center[3]_i_1/O
                         net (fo=1, routed)           0.000     3.234    merge_controller/debounce_center[3]_i_1_n_0
    SLICE_X28Y21         FDCE                                         r  merge_controller/debounce_center_reg[3]/D
  -------------------------------------------------------------------    -------------------

                         (clock sys_clk_pin rise edge)
                                                      0.000     0.000 r  
    W5                                                0.000     0.000 r  clk (IN)
                         net (fo=0)                   0.000     0.000    clk
    W5                   IBUF (Prop_ibuf_I_O)         0.414     0.414 r  clk_IBUF_inst/O
                         net (fo=1, routed)           0.685     1.099    clk_IBUF
    BUFGCTRL_X0Y1        BUFG (Prop_bufg_I_O)         0.029     1.128 r  clk_IBUF_BUFG_inst/O
                         net (fo=194, routed)         0.821     1.948    merge_controller/CLK
    SLICE_X28Y21         FDCE                                         r  merge_controller/debounce_center_reg[3]/C
                         clock pessimism             -0.244     1.704    
    SLICE_X28Y21         FDCE (Hold_fdce_C_D)         0.107     1.811    merge_controller/debounce_center_reg[3]
  -------------------------------------------------------------------
                         required time                         -1.811    
                         arrival time                           3.234    
  -------------------------------------------------------------------
                         slack                                  1.423    

Slack (MET) :             1.424ns  (arrival time - required time)
  Source:                 merge_controller/tutorial_practice_mode_reg/C
                            (rising edge-triggered cell FDCE clocked by clk_movement  {rise@0.000ns fall@11111110.000ns period=22222220.000ns})
  Destination:            merge_controller/debounce_center_reg[11]/D
                            (rising edge-triggered cell FDCE clocked by sys_clk_pin  {rise@0.000ns fall@5.000ns period=10.000ns})
  Path Group:             sys_clk_pin
  Path Type:              Hold (Min at Fast Process Corner)
  Requirement:            0.000ns  (sys_clk_pin rise@0.000ns - clk_movement rise@0.000ns)
  Data Path Delay:        0.786ns  (logic 0.231ns (29.398%)  route 0.555ns (70.602%))
  Logic Levels:           2  (LUT2=1 LUT6=1)
  Clock Path Skew:        -0.730ns (DCD - SCD - CPR)
    Destination Clock Delay (DCD):    1.947ns
    Source Clock Delay      (SCD):    2.434ns
    Clock Pessimism Removal (CPR):    0.244ns

    Location             Delay type                Incr(ns)  Path(ns)    Netlist Resource(s)
  -------------------------------------------------------------------    -------------------
                         (clock clk_movement rise edge)
                                                      0.000     0.000 r  
    W5                                                0.000     0.000 r  clk (IN)
                         net (fo=0)                   0.000     0.000    clk
    W5                   IBUF (Prop_ibuf_I_O)         0.226     0.226 r  clk_IBUF_inst/O
                         net (fo=1, routed)           0.631     0.858    clk_IBUF
    BUFGCTRL_X0Y1        BUFG (Prop_bufg_I_O)         0.026     0.884 r  clk_IBUF_BUFG_inst/O
                         net (fo=194, routed)         0.562     1.445    clk_IBUF_BUFG
    SLICE_X35Y46         FDRE (Prop_fdre_C_Q)         0.141     1.586 r  clk_movement_reg/Q
                         net (fo=2, routed)           0.269     1.855    clk_movement
    BUFGCTRL_X0Y0        BUFG (Prop_bufg_I_O)         0.026     1.881 r  clk_movement_BUFG_inst/O
                         net (fo=206, routed)         0.553     2.434    merge_controller/clk_movement_BUFG
    SLICE_X35Y20         FDCE                                         r  merge_controller/tutorial_practice_mode_reg/C
  -------------------------------------------------------------------    -------------------
    SLICE_X35Y20         FDCE (Prop_fdce_C_Q)         0.141     2.575 r  merge_controller/tutorial_practice_mode_reg/Q
                         net (fo=37, routed)          0.254     2.828    merge_controller/practice_mode_active
    SLICE_X34Y20         LUT6 (Prop_lut6_I1_O)        0.045     2.873 r  merge_controller/debounce_center[19]_i_3/O
                         net (fo=21, routed)          0.301     3.174    merge_controller/debounce_center[19]_i_3_n_0
    SLICE_X28Y22         LUT2 (Prop_lut2_I1_O)        0.045     3.219 r  merge_controller/debounce_center[11]_i_1/O
                         net (fo=1, routed)           0.000     3.219    merge_controller/debounce_center[11]_i_1_n_0
    SLICE_X28Y22         FDCE                                         r  merge_controller/debounce_center_reg[11]/D
  -------------------------------------------------------------------    -------------------

                         (clock sys_clk_pin rise edge)
                                                      0.000     0.000 r  
    W5                                                0.000     0.000 r  clk (IN)
                         net (fo=0)                   0.000     0.000    clk
    W5                   IBUF (Prop_ibuf_I_O)         0.414     0.414 r  clk_IBUF_inst/O
                         net (fo=1, routed)           0.685     1.099    clk_IBUF
    BUFGCTRL_X0Y1        BUFG (Prop_bufg_I_O)         0.029     1.128 r  clk_IBUF_BUFG_inst/O
                         net (fo=194, routed)         0.820     1.947    merge_controller/CLK
    SLICE_X28Y22         FDCE                                         r  merge_controller/debounce_center_reg[11]/C
                         clock pessimism             -0.244     1.703    
    SLICE_X28Y22         FDCE (Hold_fdce_C_D)         0.092     1.795    merge_controller/debounce_center_reg[11]
  -------------------------------------------------------------------
                         required time                         -1.795    
                         arrival time                           3.219    
  -------------------------------------------------------------------
                         slack                                  1.424    





---------------------------------------------------------------------------------------------------
From Clock:  sys_clk_pin
  To Clock:  clk_6p25MHz

Setup :            1  Failing Endpoint ,  Worst Slack       -1.459ns,  Total Violation       -1.459ns
Hold  :            0  Failing Endpoints,  Worst Slack        0.464ns,  Total Violation        0.000ns
---------------------------------------------------------------------------------------------------


Max Delay Paths
--------------------------------------------------------------------------------------
Slack (VIOLATED) :        -1.459ns  (required time - arrival time)
  Source:                 sw[15]
                            (input port clocked by sys_clk_pin  {rise@0.000ns fall@5.000ns period=10.000ns})
  Destination:            JC[7]
                            (output port clocked by clk_6p25MHz  {rise@0.000ns fall@80.000ns period=160.000ns})
  Path Group:             clk_6p25MHz
  Path Type:              Max at Slow Process Corner
  Requirement:            10.000ns  (clk_6p25MHz rise@160.000ns - sys_clk_pin rise@150.000ns)
  Data Path Delay:        9.632ns  (logic 5.081ns (52.746%)  route 4.552ns (47.254%))
  Logic Levels:           3  (IBUF=1 LUT4=1 OBUF=1)
  Input Delay:            4.000ns
  Output Delay:           3.000ns
  Clock Path Skew:        5.208ns (DCD - SCD + CPR)
    Destination Clock Delay (DCD):    5.208ns = ( 165.208 - 160.000 ) 
    Source Clock Delay      (SCD):    0.000ns = ( 150.000 - 150.000 ) 
    Clock Pessimism Removal (CPR):    0.000ns
  Clock Uncertainty:      0.035ns  ((TSJ^2 + TIJ^2)^1/2 + DJ) / 2 + PE
    Total System Jitter     (TSJ):    0.071ns
    Total Input Jitter      (TIJ):    0.000ns
    Discrete Jitter          (DJ):    0.000ns
    Phase Error              (PE):    0.000ns

    Location             Delay type                Incr(ns)  Path(ns)    Netlist Resource(s)
  -------------------------------------------------------------------    -------------------
                         (clock sys_clk_pin rise edge)
                                                    150.000   150.000 r  
                         input delay                  4.000   154.000    
    R2                                                0.000   154.000 r  sw[15] (IN)
                         net (fo=0)                   0.000   154.000    sw[15]
    R2                   IBUF (Prop_ibuf_I_O)         1.456   155.456 r  sw_IBUF[15]_inst/O
                         net (fo=187, routed)         2.430   157.886    led_OBUF[15]
    SLICE_X15Y20         LUT4 (Prop_lut4_I1_O)        0.124   158.010 r  JC_OBUF[7]_inst_i_1/O
                         net (fo=1, routed)           2.121   160.132    JC_OBUF[7]
    R18                  OBUF (Prop_obuf_I_O)         3.500   163.632 r  JC_OBUF[7]_inst/O
                         net (fo=0)                   0.000   163.632    JC[7]
    R18                                                               r  JC[7] (OUT)
  -------------------------------------------------------------------    -------------------

                         (clock clk_6p25MHz rise edge)
                                                    160.000   160.000 r  
    W5                                                0.000   160.000 r  clk (IN)
                         net (fo=0)                   0.000   160.000    clk
    W5                   IBUF (Prop_ibuf_I_O)         1.388   161.388 r  clk_IBUF_inst/O
                         net (fo=1, routed)           1.862   163.250    clk_IBUF
    BUFGCTRL_X0Y1        BUFG (Prop_bufg_I_O)         0.091   163.341 r  clk_IBUF_BUFG_inst/O
                         net (fo=194, routed)         1.449   164.790    clk_IBUF_BUFG
    SLICE_X12Y42         FDRE (Prop_fdre_C_Q)         0.418   165.208 r  clk_6p25MHz_reg/Q
                         clock pessimism              0.000   165.208    
                         clock uncertainty           -0.035   165.173    
                         output delay                -3.000   162.173    
  -------------------------------------------------------------------
                         required time                        162.173    
                         arrival time                        -163.632    
  -------------------------------------------------------------------
                         slack                                 -1.459    

Slack (MET) :             3.289ns  (required time - arrival time)
  Source:                 sw[15]
                            (input port clocked by sys_clk_pin  {rise@0.000ns fall@5.000ns period=10.000ns})
  Destination:            oled_display/spi_word_reg[26]/D
                            (falling edge-triggered cell FDRE clocked by clk_6p25MHz  {rise@0.000ns fall@80.000ns period=160.000ns})
  Path Group:             clk_6p25MHz
  Path Type:              Setup (Max at Slow Process Corner)
  Requirement:            10.000ns  (clk_6p25MHz fall@80.000ns - sys_clk_pin rise@70.000ns)
  Data Path Delay:        10.563ns  (logic 1.828ns (17.308%)  route 8.734ns (82.692%))
  Logic Levels:           4  (IBUF=1 LUT4=1 LUT6=2)
  Input Delay:            4.000ns
  Clock Path Skew:        7.855ns (DCD - SCD + CPR)
    Destination Clock Delay (DCD):    7.855ns = ( 87.855 - 80.000 ) 
    Source Clock Delay      (SCD):    0.000ns = ( 70.000 - 70.000 ) 
    Clock Pessimism Removal (CPR):    0.000ns
  Clock Uncertainty:      0.035ns  ((TSJ^2 + TIJ^2)^1/2 + DJ) / 2 + PE
    Total System Jitter     (TSJ):    0.071ns
    Total Input Jitter      (TIJ):    0.000ns
    Discrete Jitter          (DJ):    0.000ns
    Phase Error              (PE):    0.000ns

    Location             Delay type                Incr(ns)  Path(ns)    Netlist Resource(s)
  -------------------------------------------------------------------    -------------------
                         (clock sys_clk_pin rise edge)
                                                     70.000    70.000 r  
                         input delay                  4.000    74.000    
    R2                                                0.000    74.000 r  sw[15] (IN)
                         net (fo=0)                   0.000    74.000    sw[15]
    R2                   IBUF (Prop_ibuf_I_O)         1.456    75.456 r  sw_IBUF[15]_inst/O
                         net (fo=187, routed)         6.969    82.425    oled_display/led_OBUF[0]
    SLICE_X7Y20          LUT4 (Prop_lut4_I3_O)        0.124    82.549 f  oled_display/spi_word[28]_i_12/O
                         net (fo=1, routed)           0.658    83.207    merge_controller/FSM_onehot_state_reg[24]
    SLICE_X8Y18          LUT6 (Prop_lut6_I5_O)        0.124    83.331 f  merge_controller/spi_word[28]_i_5/O
                         net (fo=5, routed)           1.108    84.439    oled_display/tutorial_practice_mode_reg
    SLICE_X4Y23          LUT6 (Prop_lut6_I2_O)        0.124    84.563 r  oled_display/spi_word[26]_i_1/O
                         net (fo=1, routed)           0.000    84.563    oled_display/spi_word[26]_i_1_n_0
    SLICE_X4Y23          FDRE                                         r  oled_display/spi_word_reg[26]/D
  -------------------------------------------------------------------    -------------------

                         (clock clk_6p25MHz fall edge)
                                                     80.000    80.000 r  
    W5                                                0.000    80.000 r  clk (IN)
                         net (fo=0)                   0.000    80.000    clk
    W5                   IBUF (Prop_ibuf_I_O)         1.388    81.388 r  clk_IBUF_inst/O
                         net (fo=1, routed)           1.862    83.250    clk_IBUF
    BUFGCTRL_X0Y1        BUFG (Prop_bufg_I_O)         0.091    83.341 r  clk_IBUF_BUFG_inst/O
                         net (fo=194, routed)         1.449    84.790    clk_IBUF_BUFG
    SLICE_X12Y42         FDRE (Prop_fdre_C_Q)         0.418    85.208 f  clk_6p25MHz_reg/Q
                         net (fo=3, routed)           1.053    86.262    clk_6p25MHz
    BUFGCTRL_X0Y2        BUFG (Prop_bufg_I_O)         0.091    86.353 f  clk_6p25MHz_BUFG_inst/O
                         net (fo=115, routed)         1.502    87.855    oled_display/CLK
    SLICE_X4Y23          FDRE                                         r  oled_display/spi_word_reg[26]/C  (IS_INVERTED)
                         clock pessimism              0.000    87.855    
                         clock uncertainty           -0.035    87.820    
    SLICE_X4Y23          FDRE (Setup_fdre_C_D)        0.032    87.852    oled_display/spi_word_reg[26]
  -------------------------------------------------------------------
                         required time                         87.852    
                         arrival time                         -84.563    
  -------------------------------------------------------------------
                         slack                                  3.289    

Slack (MET) :             3.297ns  (required time - arrival time)
  Source:                 sw[15]
                            (input port clocked by sys_clk_pin  {rise@0.000ns fall@5.000ns period=10.000ns})
  Destination:            oled_display/spi_word_reg[28]/D
                            (falling edge-triggered cell FDRE clocked by clk_6p25MHz  {rise@0.000ns fall@80.000ns period=160.000ns})
  Path Group:             clk_6p25MHz
  Path Type:              Setup (Max at Slow Process Corner)
  Requirement:            10.000ns  (clk_6p25MHz fall@80.000ns - sys_clk_pin rise@70.000ns)
  Data Path Delay:        10.555ns  (logic 1.828ns (17.320%)  route 8.727ns (82.680%))
  Logic Levels:           4  (IBUF=1 LUT4=1 LUT6=2)
  Input Delay:            4.000ns
  Clock Path Skew:        7.855ns (DCD - SCD + CPR)
    Destination Clock Delay (DCD):    7.855ns = ( 87.855 - 80.000 ) 
    Source Clock Delay      (SCD):    0.000ns = ( 70.000 - 70.000 ) 
    Clock Pessimism Removal (CPR):    0.000ns
  Clock Uncertainty:      0.035ns  ((TSJ^2 + TIJ^2)^1/2 + DJ) / 2 + PE
    Total System Jitter     (TSJ):    0.071ns
    Total Input Jitter      (TIJ):    0.000ns
    Discrete Jitter          (DJ):    0.000ns
    Phase Error              (PE):    0.000ns

    Location             Delay type                Incr(ns)  Path(ns)    Netlist Resource(s)
  -------------------------------------------------------------------    -------------------
                         (clock sys_clk_pin rise edge)
                                                     70.000    70.000 r  
                         input delay                  4.000    74.000    
    R2                                                0.000    74.000 r  sw[15] (IN)
                         net (fo=0)                   0.000    74.000    sw[15]
    R2                   IBUF (Prop_ibuf_I_O)         1.456    75.456 r  sw_IBUF[15]_inst/O
                         net (fo=187, routed)         6.969    82.425    oled_display/led_OBUF[0]
    SLICE_X7Y20          LUT4 (Prop_lut4_I3_O)        0.124    82.549 f  oled_display/spi_word[28]_i_12/O
                         net (fo=1, routed)           0.658    83.207    merge_controller/FSM_onehot_state_reg[24]
    SLICE_X8Y18          LUT6 (Prop_lut6_I5_O)        0.124    83.331 f  merge_controller/spi_word[28]_i_5/O
                         net (fo=5, routed)           1.101    84.431    oled_display/tutorial_practice_mode_reg
    SLICE_X5Y23          LUT6 (Prop_lut6_I3_O)        0.124    84.555 r  oled_display/spi_word[28]_i_1/O
                         net (fo=1, routed)           0.000    84.555    oled_display/spi_word[28]_i_1_n_0
    SLICE_X5Y23          FDRE                                         r  oled_display/spi_word_reg[28]/D
  -------------------------------------------------------------------    -------------------

                         (clock clk_6p25MHz fall edge)
                                                     80.000    80.000 r  
    W5                                                0.000    80.000 r  clk (IN)
                         net (fo=0)                   0.000    80.000    clk
    W5                   IBUF (Prop_ibuf_I_O)         1.388    81.388 r  clk_IBUF_inst/O
                         net (fo=1, routed)           1.862    83.250    clk_IBUF
    BUFGCTRL_X0Y1        BUFG (Prop_bufg_I_O)         0.091    83.341 r  clk_IBUF_BUFG_inst/O
                         net (fo=194, routed)         1.449    84.790    clk_IBUF_BUFG
    SLICE_X12Y42         FDRE (Prop_fdre_C_Q)         0.418    85.208 f  clk_6p25MHz_reg/Q
                         net (fo=3, routed)           1.053    86.262    clk_6p25MHz
    BUFGCTRL_X0Y2        BUFG (Prop_bufg_I_O)         0.091    86.353 f  clk_6p25MHz_BUFG_inst/O
                         net (fo=115, routed)         1.502    87.855    oled_display/CLK
    SLICE_X5Y23          FDRE                                         r  oled_display/spi_word_reg[28]/C  (IS_INVERTED)
                         clock pessimism              0.000    87.855    
                         clock uncertainty           -0.035    87.820    
    SLICE_X5Y23          FDRE (Setup_fdre_C_D)        0.032    87.852    oled_display/spi_word_reg[28]
  -------------------------------------------------------------------
                         required time                         87.852    
                         arrival time                         -84.555    
  -------------------------------------------------------------------
                         slack                                  3.297    

Slack (MET) :             3.368ns  (required time - arrival time)
  Source:                 sw[15]
                            (input port clocked by sys_clk_pin  {rise@0.000ns fall@5.000ns period=10.000ns})
  Destination:            oled_display/spi_word_reg[27]/D
                            (falling edge-triggered cell FDRE clocked by clk_6p25MHz  {rise@0.000ns fall@80.000ns period=160.000ns})
  Path Group:             clk_6p25MHz
  Path Type:              Setup (Max at Slow Process Corner)
  Requirement:            10.000ns  (clk_6p25MHz fall@80.000ns - sys_clk_pin rise@70.000ns)
  Data Path Delay:        10.487ns  (logic 1.828ns (17.433%)  route 8.659ns (82.567%))
  Logic Levels:           4  (IBUF=1 LUT4=1 LUT6=2)
  Input Delay:            4.000ns
  Clock Path Skew:        7.856ns (DCD - SCD + CPR)
    Destination Clock Delay (DCD):    7.856ns = ( 87.856 - 80.000 ) 
    Source Clock Delay      (SCD):    0.000ns = ( 70.000 - 70.000 ) 
    Clock Pessimism Removal (CPR):    0.000ns
  Clock Uncertainty:      0.035ns  ((TSJ^2 + TIJ^2)^1/2 + DJ) / 2 + PE
    Total System Jitter     (TSJ):    0.071ns
    Total Input Jitter      (TIJ):    0.000ns
    Discrete Jitter          (DJ):    0.000ns
    Phase Error              (PE):    0.000ns

    Location             Delay type                Incr(ns)  Path(ns)    Netlist Resource(s)
  -------------------------------------------------------------------    -------------------
                         (clock sys_clk_pin rise edge)
                                                     70.000    70.000 r  
                         input delay                  4.000    74.000    
    R2                                                0.000    74.000 r  sw[15] (IN)
                         net (fo=0)                   0.000    74.000    sw[15]
    R2                   IBUF (Prop_ibuf_I_O)         1.456    75.456 r  sw_IBUF[15]_inst/O
                         net (fo=187, routed)         6.969    82.425    oled_display/led_OBUF[0]
    SLICE_X7Y20          LUT4 (Prop_lut4_I3_O)        0.124    82.549 f  oled_display/spi_word[28]_i_12/O
                         net (fo=1, routed)           0.658    83.207    merge_controller/FSM_onehot_state_reg[24]
    SLICE_X8Y18          LUT6 (Prop_lut6_I5_O)        0.124    83.331 f  merge_controller/spi_word[28]_i_5/O
                         net (fo=5, routed)           1.032    84.363    oled_display/tutorial_practice_mode_reg
    SLICE_X4Y22          LUT6 (Prop_lut6_I3_O)        0.124    84.487 r  oled_display/spi_word[27]_i_1/O
                         net (fo=1, routed)           0.000    84.487    oled_display/spi_word[27]_i_1_n_0
    SLICE_X4Y22          FDRE                                         r  oled_display/spi_word_reg[27]/D
  -------------------------------------------------------------------    -------------------

                         (clock clk_6p25MHz fall edge)
                                                     80.000    80.000 r  
    W5                                                0.000    80.000 r  clk (IN)
                         net (fo=0)                   0.000    80.000    clk
    W5                   IBUF (Prop_ibuf_I_O)         1.388    81.388 r  clk_IBUF_inst/O
                         net (fo=1, routed)           1.862    83.250    clk_IBUF
    BUFGCTRL_X0Y1        BUFG (Prop_bufg_I_O)         0.091    83.341 r  clk_IBUF_BUFG_inst/O
                         net (fo=194, routed)         1.449    84.790    clk_IBUF_BUFG
    SLICE_X12Y42         FDRE (Prop_fdre_C_Q)         0.418    85.208 f  clk_6p25MHz_reg/Q
                         net (fo=3, routed)           1.053    86.262    clk_6p25MHz
    BUFGCTRL_X0Y2        BUFG (Prop_bufg_I_O)         0.091    86.353 f  clk_6p25MHz_BUFG_inst/O
                         net (fo=115, routed)         1.503    87.856    oled_display/CLK
    SLICE_X4Y22          FDRE                                         r  oled_display/spi_word_reg[27]/C  (IS_INVERTED)
                         clock pessimism              0.000    87.856    
                         clock uncertainty           -0.035    87.821    
    SLICE_X4Y22          FDRE (Setup_fdre_C_D)        0.034    87.855    oled_display/spi_word_reg[27]
  -------------------------------------------------------------------
                         required time                         87.855    
                         arrival time                         -84.487    
  -------------------------------------------------------------------
                         slack                                  3.368    

Slack (MET) :             3.424ns  (required time - arrival time)
  Source:                 sw[15]
                            (input port clocked by sys_clk_pin  {rise@0.000ns fall@5.000ns period=10.000ns})
  Destination:            oled_display/spi_word_reg[24]/D
                            (falling edge-triggered cell FDRE clocked by clk_6p25MHz  {rise@0.000ns fall@80.000ns period=160.000ns})
  Path Group:             clk_6p25MHz
  Path Type:              Setup (Max at Slow Process Corner)
  Requirement:            10.000ns  (clk_6p25MHz fall@80.000ns - sys_clk_pin rise@70.000ns)
  Data Path Delay:        10.426ns  (logic 1.828ns (17.535%)  route 8.597ns (82.465%))
  Logic Levels:           4  (IBUF=1 LUT4=1 LUT6=2)
  Input Delay:            4.000ns
  Clock Path Skew:        7.853ns (DCD - SCD + CPR)
    Destination Clock Delay (DCD):    7.853ns = ( 87.853 - 80.000 ) 
    Source Clock Delay      (SCD):    0.000ns = ( 70.000 - 70.000 ) 
    Clock Pessimism Removal (CPR):    0.000ns
  Clock Uncertainty:      0.035ns  ((TSJ^2 + TIJ^2)^1/2 + DJ) / 2 + PE
    Total System Jitter     (TSJ):    0.071ns
    Total Input Jitter      (TIJ):    0.000ns
    Discrete Jitter          (DJ):    0.000ns
    Phase Error              (PE):    0.000ns

    Location             Delay type                Incr(ns)  Path(ns)    Netlist Resource(s)
  -------------------------------------------------------------------    -------------------
                         (clock sys_clk_pin rise edge)
                                                     70.000    70.000 r  
                         input delay                  4.000    74.000    
    R2                                                0.000    74.000 r  sw[15] (IN)
                         net (fo=0)                   0.000    74.000    sw[15]
    R2                   IBUF (Prop_ibuf_I_O)         1.456    75.456 r  sw_IBUF[15]_inst/O
                         net (fo=187, routed)         6.969    82.425    oled_display/led_OBUF[0]
    SLICE_X7Y20          LUT4 (Prop_lut4_I3_O)        0.124    82.549 f  oled_display/spi_word[28]_i_12/O
                         net (fo=1, routed)           0.658    83.207    merge_controller/FSM_onehot_state_reg[24]
    SLICE_X8Y18          LUT6 (Prop_lut6_I5_O)        0.124    83.331 f  merge_controller/spi_word[28]_i_5/O
                         net (fo=5, routed)           0.971    84.302    oled_display/tutorial_practice_mode_reg
    SLICE_X4Y24          LUT6 (Prop_lut6_I2_O)        0.124    84.426 r  oled_display/spi_word[24]_i_1/O
                         net (fo=1, routed)           0.000    84.426    oled_display/spi_word[24]_i_1_n_0
    SLICE_X4Y24          FDRE                                         r  oled_display/spi_word_reg[24]/D
  -------------------------------------------------------------------    -------------------

                         (clock clk_6p25MHz fall edge)
                                                     80.000    80.000 r  
    W5                                                0.000    80.000 r  clk (IN)
                         net (fo=0)                   0.000    80.000    clk
    W5                   IBUF (Prop_ibuf_I_O)         1.388    81.388 r  clk_IBUF_inst/O
                         net (fo=1, routed)           1.862    83.250    clk_IBUF
    BUFGCTRL_X0Y1        BUFG (Prop_bufg_I_O)         0.091    83.341 r  clk_IBUF_BUFG_inst/O
                         net (fo=194, routed)         1.449    84.790    clk_IBUF_BUFG
    SLICE_X12Y42         FDRE (Prop_fdre_C_Q)         0.418    85.208 f  clk_6p25MHz_reg/Q
                         net (fo=3, routed)           1.053    86.262    clk_6p25MHz
    BUFGCTRL_X0Y2        BUFG (Prop_bufg_I_O)         0.091    86.353 f  clk_6p25MHz_BUFG_inst/O
                         net (fo=115, routed)         1.500    87.853    oled_display/CLK
    SLICE_X4Y24          FDRE                                         r  oled_display/spi_word_reg[24]/C  (IS_INVERTED)
                         clock pessimism              0.000    87.853    
                         clock uncertainty           -0.035    87.818    
    SLICE_X4Y24          FDRE (Setup_fdre_C_D)        0.032    87.850    oled_display/spi_word_reg[24]
  -------------------------------------------------------------------
                         required time                         87.850    
                         arrival time                         -84.426    
  -------------------------------------------------------------------
                         slack                                  3.424    

Slack (MET) :             3.451ns  (required time - arrival time)
  Source:                 sw[15]
                            (input port clocked by sys_clk_pin  {rise@0.000ns fall@5.000ns period=10.000ns})
  Destination:            oled_display/spi_word_reg[25]/D
                            (falling edge-triggered cell FDRE clocked by clk_6p25MHz  {rise@0.000ns fall@80.000ns period=160.000ns})
  Path Group:             clk_6p25MHz
  Path Type:              Setup (Max at Slow Process Corner)
  Requirement:            10.000ns  (clk_6p25MHz fall@80.000ns - sys_clk_pin rise@70.000ns)
  Data Path Delay:        10.403ns  (logic 1.828ns (17.574%)  route 8.575ns (82.426%))
  Logic Levels:           4  (IBUF=1 LUT4=1 LUT6=2)
  Input Delay:            4.000ns
  Clock Path Skew:        7.857ns (DCD - SCD + CPR)
    Destination Clock Delay (DCD):    7.857ns = ( 87.857 - 80.000 ) 
    Source Clock Delay      (SCD):    0.000ns = ( 70.000 - 70.000 ) 
    Clock Pessimism Removal (CPR):    0.000ns
  Clock Uncertainty:      0.035ns  ((TSJ^2 + TIJ^2)^1/2 + DJ) / 2 + PE
    Total System Jitter     (TSJ):    0.071ns
    Total Input Jitter      (TIJ):    0.000ns
    Discrete Jitter          (DJ):    0.000ns
    Phase Error              (PE):    0.000ns

    Location             Delay type                Incr(ns)  Path(ns)    Netlist Resource(s)
  -------------------------------------------------------------------    -------------------
                         (clock sys_clk_pin rise edge)
                                                     70.000    70.000 r  
                         input delay                  4.000    74.000    
    R2                                                0.000    74.000 r  sw[15] (IN)
                         net (fo=0)                   0.000    74.000    sw[15]
    R2                   IBUF (Prop_ibuf_I_O)         1.456    75.456 r  sw_IBUF[15]_inst/O
                         net (fo=187, routed)         6.969    82.425    oled_display/led_OBUF[0]
    SLICE_X7Y20          LUT4 (Prop_lut4_I3_O)        0.124    82.549 f  oled_display/spi_word[28]_i_12/O
                         net (fo=1, routed)           0.658    83.207    merge_controller/FSM_onehot_state_reg[24]
    SLICE_X8Y18          LUT6 (Prop_lut6_I5_O)        0.124    83.331 f  merge_controller/spi_word[28]_i_5/O
                         net (fo=5, routed)           0.948    84.279    oled_display/tutorial_practice_mode_reg
    SLICE_X1Y23          LUT6 (Prop_lut6_I2_O)        0.124    84.403 r  oled_display/spi_word[25]_i_1/O
                         net (fo=1, routed)           0.000    84.403    oled_display/spi_word[25]_i_1_n_0
    SLICE_X1Y23          FDRE                                         r  oled_display/spi_word_reg[25]/D
  -------------------------------------------------------------------    -------------------

                         (clock clk_6p25MHz fall edge)
                                                     80.000    80.000 r  
    W5                                                0.000    80.000 r  clk (IN)
                         net (fo=0)                   0.000    80.000    clk
    W5                   IBUF (Prop_ibuf_I_O)         1.388    81.388 r  clk_IBUF_inst/O
                         net (fo=1, routed)           1.862    83.250    clk_IBUF
    BUFGCTRL_X0Y1        BUFG (Prop_bufg_I_O)         0.091    83.341 r  clk_IBUF_BUFG_inst/O
                         net (fo=194, routed)         1.449    84.790    clk_IBUF_BUFG
    SLICE_X12Y42         FDRE (Prop_fdre_C_Q)         0.418    85.208 f  clk_6p25MHz_reg/Q
                         net (fo=3, routed)           1.053    86.262    clk_6p25MHz
    BUFGCTRL_X0Y2        BUFG (Prop_bufg_I_O)         0.091    86.353 f  clk_6p25MHz_BUFG_inst/O
                         net (fo=115, routed)         1.504    87.857    oled_display/CLK
    SLICE_X1Y23          FDRE                                         r  oled_display/spi_word_reg[25]/C  (IS_INVERTED)
                         clock pessimism              0.000    87.857    
                         clock uncertainty           -0.035    87.822    
    SLICE_X1Y23          FDRE (Setup_fdre_C_D)        0.032    87.854    oled_display/spi_word_reg[25]
  -------------------------------------------------------------------
                         required time                         87.854    
                         arrival time                         -84.403    
  -------------------------------------------------------------------
                         slack                                  3.451    

Slack (MET) :             3.719ns  (required time - arrival time)
  Source:                 sw[10]
                            (input port clocked by sys_clk_pin  {rise@0.000ns fall@5.000ns period=10.000ns})
  Destination:            oled_display/spi_word_reg[37]/R
                            (falling edge-triggered cell FDRE clocked by clk_6p25MHz  {rise@0.000ns fall@80.000ns period=160.000ns})
  Path Group:             clk_6p25MHz
  Path Type:              Setup (Max at Slow Process Corner)
  Requirement:            10.000ns  (clk_6p25MHz fall@80.000ns - sys_clk_pin rise@70.000ns)
  Data Path Delay:        9.581ns  (logic 1.706ns (17.804%)  route 7.875ns (82.196%))
  Logic Levels:           3  (IBUF=1 LUT3=1 LUT4=1)
  Input Delay:            4.000ns
  Clock Path Skew:        7.855ns (DCD - SCD + CPR)
    Destination Clock Delay (DCD):    7.855ns = ( 87.855 - 80.000 ) 
    Source Clock Delay      (SCD):    0.000ns = ( 70.000 - 70.000 ) 
    Clock Pessimism Removal (CPR):    0.000ns
  Clock Uncertainty:      0.035ns  ((TSJ^2 + TIJ^2)^1/2 + DJ) / 2 + PE
    Total System Jitter     (TSJ):    0.071ns
    Total Input Jitter      (TIJ):    0.000ns
    Discrete Jitter          (DJ):    0.000ns
    Phase Error              (PE):    0.000ns

    Location             Delay type                Incr(ns)  Path(ns)    Netlist Resource(s)
  -------------------------------------------------------------------    -------------------
                         (clock sys_clk_pin rise edge)
                                                     70.000    70.000 r  
                         input delay                  4.000    74.000    
    T2                                                0.000    74.000 f  sw[10] (IN)
                         net (fo=0)                   0.000    74.000    sw[10]
    T2                   IBUF (Prop_ibuf_I_O)         1.458    75.458 f  sw_IBUF[10]_inst/O
                         net (fo=17, routed)          4.300    79.758    merge_controller/sw_IBUF[5]
    SLICE_X35Y26         LUT4 (Prop_lut4_I3_O)        0.124    79.882 r  merge_controller/FSM_onehot_state[31]_i_1/O
                         net (fo=377, routed)         2.360    82.242    oled_display/btn_reset
    SLICE_X4Y22          LUT3 (Prop_lut3_I2_O)        0.124    82.366 r  oled_display/spi_word[39]_i_1/O
                         net (fo=45, routed)          1.216    83.581    oled_display/spi_word[39]_i_1_n_0
    SLICE_X6Y23          FDRE                                         r  oled_display/spi_word_reg[37]/R
  -------------------------------------------------------------------    -------------------

                         (clock clk_6p25MHz fall edge)
                                                     80.000    80.000 r  
    W5                                                0.000    80.000 r  clk (IN)
                         net (fo=0)                   0.000    80.000    clk
    W5                   IBUF (Prop_ibuf_I_O)         1.388    81.388 r  clk_IBUF_inst/O
                         net (fo=1, routed)           1.862    83.250    clk_IBUF
    BUFGCTRL_X0Y1        BUFG (Prop_bufg_I_O)         0.091    83.341 r  clk_IBUF_BUFG_inst/O
                         net (fo=194, routed)         1.449    84.790    clk_IBUF_BUFG
    SLICE_X12Y42         FDRE (Prop_fdre_C_Q)         0.418    85.208 f  clk_6p25MHz_reg/Q
                         net (fo=3, routed)           1.053    86.262    clk_6p25MHz
    BUFGCTRL_X0Y2        BUFG (Prop_bufg_I_O)         0.091    86.353 f  clk_6p25MHz_BUFG_inst/O
                         net (fo=115, routed)         1.502    87.855    oled_display/CLK
    SLICE_X6Y23          FDRE                                         r  oled_display/spi_word_reg[37]/C  (IS_INVERTED)
                         clock pessimism              0.000    87.855    
                         clock uncertainty           -0.035    87.820    
    SLICE_X6Y23          FDRE (Setup_fdre_C_R)       -0.519    87.301    oled_display/spi_word_reg[37]
  -------------------------------------------------------------------
                         required time                         87.301    
                         arrival time                         -83.581    
  -------------------------------------------------------------------
                         slack                                  3.719    

Slack (MET) :             3.742ns  (required time - arrival time)
  Source:                 sw[10]
                            (input port clocked by sys_clk_pin  {rise@0.000ns fall@5.000ns period=10.000ns})
  Destination:            oled_display/spi_word_bit_count_reg[5]/R
                            (falling edge-triggered cell FDRE clocked by clk_6p25MHz  {rise@0.000ns fall@80.000ns period=160.000ns})
  Path Group:             clk_6p25MHz
  Path Type:              Setup (Max at Slow Process Corner)
  Requirement:            10.000ns  (clk_6p25MHz fall@80.000ns - sys_clk_pin rise@70.000ns)
  Data Path Delay:        9.559ns  (logic 1.706ns (17.847%)  route 7.853ns (82.153%))
  Logic Levels:           3  (IBUF=1 LUT3=1 LUT4=1)
  Input Delay:            4.000ns
  Clock Path Skew:        7.855ns (DCD - SCD + CPR)
    Destination Clock Delay (DCD):    7.855ns = ( 87.855 - 80.000 ) 
    Source Clock Delay      (SCD):    0.000ns = ( 70.000 - 70.000 ) 
    Clock Pessimism Removal (CPR):    0.000ns
  Clock Uncertainty:      0.035ns  ((TSJ^2 + TIJ^2)^1/2 + DJ) / 2 + PE
    Total System Jitter     (TSJ):    0.071ns
    Total Input Jitter      (TIJ):    0.000ns
    Discrete Jitter          (DJ):    0.000ns
    Phase Error              (PE):    0.000ns

    Location             Delay type                Incr(ns)  Path(ns)    Netlist Resource(s)
  -------------------------------------------------------------------    -------------------
                         (clock sys_clk_pin rise edge)
                                                     70.000    70.000 r  
                         input delay                  4.000    74.000    
    T2                                                0.000    74.000 f  sw[10] (IN)
                         net (fo=0)                   0.000    74.000    sw[10]
    T2                   IBUF (Prop_ibuf_I_O)         1.458    75.458 f  sw_IBUF[10]_inst/O
                         net (fo=17, routed)          4.300    79.758    merge_controller/sw_IBUF[5]
    SLICE_X35Y26         LUT4 (Prop_lut4_I3_O)        0.124    79.882 r  merge_controller/FSM_onehot_state[31]_i_1/O
                         net (fo=377, routed)         2.360    82.242    oled_display/btn_reset
    SLICE_X4Y22          LUT3 (Prop_lut3_I2_O)        0.124    82.366 r  oled_display/spi_word[39]_i_1/O
                         net (fo=45, routed)          1.193    83.559    oled_display/spi_word[39]_i_1_n_0
    SLICE_X2Y24          FDRE                                         r  oled_display/spi_word_bit_count_reg[5]/R
  -------------------------------------------------------------------    -------------------

                         (clock clk_6p25MHz fall edge)
                                                     80.000    80.000 r  
    W5                                                0.000    80.000 r  clk (IN)
                         net (fo=0)                   0.000    80.000    clk
    W5                   IBUF (Prop_ibuf_I_O)         1.388    81.388 r  clk_IBUF_inst/O
                         net (fo=1, routed)           1.862    83.250    clk_IBUF
    BUFGCTRL_X0Y1        BUFG (Prop_bufg_I_O)         0.091    83.341 r  clk_IBUF_BUFG_inst/O
                         net (fo=194, routed)         1.449    84.790    clk_IBUF_BUFG
    SLICE_X12Y42         FDRE (Prop_fdre_C_Q)         0.418    85.208 f  clk_6p25MHz_reg/Q
                         net (fo=3, routed)           1.053    86.262    clk_6p25MHz
    BUFGCTRL_X0Y2        BUFG (Prop_bufg_I_O)         0.091    86.353 f  clk_6p25MHz_BUFG_inst/O
                         net (fo=115, routed)         1.502    87.855    oled_display/CLK
    SLICE_X2Y24          FDRE                                         r  oled_display/spi_word_bit_count_reg[5]/C  (IS_INVERTED)
                         clock pessimism              0.000    87.855    
                         clock uncertainty           -0.035    87.820    
    SLICE_X2Y24          FDRE (Setup_fdre_C_R)       -0.519    87.301    oled_display/spi_word_bit_count_reg[5]
  -------------------------------------------------------------------
                         required time                         87.301    
                         arrival time                         -83.559    
  -------------------------------------------------------------------
                         slack                                  3.742    

Slack (MET) :             3.804ns  (required time - arrival time)
  Source:                 sw[10]
                            (input port clocked by sys_clk_pin  {rise@0.000ns fall@5.000ns period=10.000ns})
  Destination:            oled_display/spi_word_reg[17]/R
                            (falling edge-triggered cell FDRE clocked by clk_6p25MHz  {rise@0.000ns fall@80.000ns period=160.000ns})
  Path Group:             clk_6p25MHz
  Path Type:              Setup (Max at Slow Process Corner)
  Requirement:            10.000ns  (clk_6p25MHz fall@80.000ns - sys_clk_pin rise@70.000ns)
  Data Path Delay:        9.590ns  (logic 1.706ns (17.789%)  route 7.884ns (82.211%))
  Logic Levels:           3  (IBUF=1 LUT3=1 LUT4=1)
  Input Delay:            4.000ns
  Clock Path Skew:        7.855ns (DCD - SCD + CPR)
    Destination Clock Delay (DCD):    7.855ns = ( 87.855 - 80.000 ) 
    Source Clock Delay      (SCD):    0.000ns = ( 70.000 - 70.000 ) 
    Clock Pessimism Removal (CPR):    0.000ns
  Clock Uncertainty:      0.035ns  ((TSJ^2 + TIJ^2)^1/2 + DJ) / 2 + PE
    Total System Jitter     (TSJ):    0.071ns
    Total Input Jitter      (TIJ):    0.000ns
    Discrete Jitter          (DJ):    0.000ns
    Phase Error              (PE):    0.000ns

    Location             Delay type                Incr(ns)  Path(ns)    Netlist Resource(s)
  -------------------------------------------------------------------    -------------------
                         (clock sys_clk_pin rise edge)
                                                     70.000    70.000 r  
                         input delay                  4.000    74.000    
    T2                                                0.000    74.000 f  sw[10] (IN)
                         net (fo=0)                   0.000    74.000    sw[10]
    T2                   IBUF (Prop_ibuf_I_O)         1.458    75.458 f  sw_IBUF[10]_inst/O
                         net (fo=17, routed)          4.300    79.758    merge_controller/sw_IBUF[5]
    SLICE_X35Y26         LUT4 (Prop_lut4_I3_O)        0.124    79.882 r  merge_controller/FSM_onehot_state[31]_i_1/O
                         net (fo=377, routed)         2.360    82.242    oled_display/btn_reset
    SLICE_X4Y22          LUT3 (Prop_lut3_I2_O)        0.124    82.366 r  oled_display/spi_word[39]_i_1/O
                         net (fo=45, routed)          1.224    83.590    oled_display/spi_word[39]_i_1_n_0
    SLICE_X0Y24          FDRE                                         r  oled_display/spi_word_reg[17]/R
  -------------------------------------------------------------------    -------------------

                         (clock clk_6p25MHz fall edge)
                                                     80.000    80.000 r  
    W5                                                0.000    80.000 r  clk (IN)
                         net (fo=0)                   0.000    80.000    clk
    W5                   IBUF (Prop_ibuf_I_O)         1.388    81.388 r  clk_IBUF_inst/O
                         net (fo=1, routed)           1.862    83.250    clk_IBUF
    BUFGCTRL_X0Y1        BUFG (Prop_bufg_I_O)         0.091    83.341 r  clk_IBUF_BUFG_inst/O
                         net (fo=194, routed)         1.449    84.790    clk_IBUF_BUFG
    SLICE_X12Y42         FDRE (Prop_fdre_C_Q)         0.418    85.208 f  clk_6p25MHz_reg/Q
                         net (fo=3, routed)           1.053    86.262    clk_6p25MHz
    BUFGCTRL_X0Y2        BUFG (Prop_bufg_I_O)         0.091    86.353 f  clk_6p25MHz_BUFG_inst/O
                         net (fo=115, routed)         1.502    87.855    oled_display/CLK
    SLICE_X0Y24          FDRE                                         r  oled_display/spi_word_reg[17]/C  (IS_INVERTED)
                         clock pessimism              0.000    87.855    
                         clock uncertainty           -0.035    87.820    
    SLICE_X0Y24          FDRE (Setup_fdre_C_R)       -0.426    87.394    oled_display/spi_word_reg[17]
  -------------------------------------------------------------------
                         required time                         87.394    
                         arrival time                         -83.590    
  -------------------------------------------------------------------
                         slack                                  3.804    

Slack (MET) :             3.804ns  (required time - arrival time)
  Source:                 sw[10]
                            (input port clocked by sys_clk_pin  {rise@0.000ns fall@5.000ns period=10.000ns})
  Destination:            oled_display/spi_word_reg[18]/R
                            (falling edge-triggered cell FDRE clocked by clk_6p25MHz  {rise@0.000ns fall@80.000ns period=160.000ns})
  Path Group:             clk_6p25MHz
  Path Type:              Setup (Max at Slow Process Corner)
  Requirement:            10.000ns  (clk_6p25MHz fall@80.000ns - sys_clk_pin rise@70.000ns)
  Data Path Delay:        9.590ns  (logic 1.706ns (17.789%)  route 7.884ns (82.211%))
  Logic Levels:           3  (IBUF=1 LUT3=1 LUT4=1)
  Input Delay:            4.000ns
  Clock Path Skew:        7.855ns (DCD - SCD + CPR)
    Destination Clock Delay (DCD):    7.855ns = ( 87.855 - 80.000 ) 
    Source Clock Delay      (SCD):    0.000ns = ( 70.000 - 70.000 ) 
    Clock Pessimism Removal (CPR):    0.000ns
  Clock Uncertainty:      0.035ns  ((TSJ^2 + TIJ^2)^1/2 + DJ) / 2 + PE
    Total System Jitter     (TSJ):    0.071ns
    Total Input Jitter      (TIJ):    0.000ns
    Discrete Jitter          (DJ):    0.000ns
    Phase Error              (PE):    0.000ns

    Location             Delay type                Incr(ns)  Path(ns)    Netlist Resource(s)
  -------------------------------------------------------------------    -------------------
                         (clock sys_clk_pin rise edge)
                                                     70.000    70.000 r  
                         input delay                  4.000    74.000    
    T2                                                0.000    74.000 f  sw[10] (IN)
                         net (fo=0)                   0.000    74.000    sw[10]
    T2                   IBUF (Prop_ibuf_I_O)         1.458    75.458 f  sw_IBUF[10]_inst/O
                         net (fo=17, routed)          4.300    79.758    merge_controller/sw_IBUF[5]
    SLICE_X35Y26         LUT4 (Prop_lut4_I3_O)        0.124    79.882 r  merge_controller/FSM_onehot_state[31]_i_1/O
                         net (fo=377, routed)         2.360    82.242    oled_display/btn_reset
    SLICE_X4Y22          LUT3 (Prop_lut3_I2_O)        0.124    82.366 r  oled_display/spi_word[39]_i_1/O
                         net (fo=45, routed)          1.224    83.590    oled_display/spi_word[39]_i_1_n_0
    SLICE_X0Y24          FDRE                                         r  oled_display/spi_word_reg[18]/R
  -------------------------------------------------------------------    -------------------

                         (clock clk_6p25MHz fall edge)
                                                     80.000    80.000 r  
    W5                                                0.000    80.000 r  clk (IN)
                         net (fo=0)                   0.000    80.000    clk
    W5                   IBUF (Prop_ibuf_I_O)         1.388    81.388 r  clk_IBUF_inst/O
                         net (fo=1, routed)           1.862    83.250    clk_IBUF
    BUFGCTRL_X0Y1        BUFG (Prop_bufg_I_O)         0.091    83.341 r  clk_IBUF_BUFG_inst/O
                         net (fo=194, routed)         1.449    84.790    clk_IBUF_BUFG
    SLICE_X12Y42         FDRE (Prop_fdre_C_Q)         0.418    85.208 f  clk_6p25MHz_reg/Q
                         net (fo=3, routed)           1.053    86.262    clk_6p25MHz
    BUFGCTRL_X0Y2        BUFG (Prop_bufg_I_O)         0.091    86.353 f  clk_6p25MHz_BUFG_inst/O
                         net (fo=115, routed)         1.502    87.855    oled_display/CLK
    SLICE_X0Y24          FDRE                                         r  oled_display/spi_word_reg[18]/C  (IS_INVERTED)
                         clock pessimism              0.000    87.855    
                         clock uncertainty           -0.035    87.820    
    SLICE_X0Y24          FDRE (Setup_fdre_C_R)       -0.426    87.394    oled_display/spi_word_reg[18]
  -------------------------------------------------------------------
                         required time                         87.394    
                         arrival time                         -83.590    
  -------------------------------------------------------------------
                         slack                                  3.804    





Min Delay Paths
--------------------------------------------------------------------------------------
Slack (MET) :             0.464ns  (arrival time - required time)
  Source:                 merge_controller/FSM_sequential_state_reg[1]/C
                            (rising edge-triggered cell FDCE clocked by sys_clk_pin  {rise@0.000ns fall@5.000ns period=10.000ns})
  Destination:            oled_display/spi_word_reg[27]/D
                            (falling edge-triggered cell FDRE clocked by clk_6p25MHz  {rise@0.000ns fall@80.000ns period=160.000ns})
  Path Group:             clk_6p25MHz
  Path Type:              Hold (Min at Fast Process Corner)
  Requirement:            0.000ns  (clk_6p25MHz fall@80.000ns - sys_clk_pin rise@80.000ns)
  Data Path Delay:        2.537ns  (logic 0.321ns (12.651%)  route 2.216ns (87.349%))
  Logic Levels:           4  (LUT5=2 LUT6=2)
  Clock Path Skew:        1.974ns (DCD - SCD - CPR)
    Destination Clock Delay (DCD):    3.650ns = ( 83.650 - 80.000 ) 
    Source Clock Delay      (SCD):    1.432ns = ( 81.432 - 80.000 ) 
    Clock Pessimism Removal (CPR):    0.244ns

    Location             Delay type                Incr(ns)  Path(ns)    Netlist Resource(s)
  -------------------------------------------------------------------    -------------------
                         (clock sys_clk_pin rise edge)
                                                     80.000    80.000 r  
    W5                                                0.000    80.000 r  clk (IN)
                         net (fo=0)                   0.000    80.000    clk
    W5                   IBUF (Prop_ibuf_I_O)         0.226    80.226 r  clk_IBUF_inst/O
                         net (fo=1, routed)           0.631    80.858    clk_IBUF
    BUFGCTRL_X0Y1        BUFG (Prop_bufg_I_O)         0.026    80.884 r  clk_IBUF_BUFG_inst/O
                         net (fo=194, routed)         0.549    81.432    merge_controller/CLK
    SLICE_X35Y25         FDCE                                         r  merge_controller/FSM_sequential_state_reg[1]/C
  -------------------------------------------------------------------    -------------------
    SLICE_X35Y25         FDCE (Prop_fdce_C_Q)         0.141    81.573 r  merge_controller/FSM_sequential_state_reg[1]/Q
                         net (fo=255, routed)         1.003    82.576    merge_controller/state__0[1]
    SLICE_X7Y14          LUT5 (Prop_lut5_I4_O)        0.045    82.621 r  merge_controller/spi_word[28]_i_18/O
                         net (fo=2, routed)           0.262    82.883    display_engine/box_gen[5].box_renderer/FSM_sequential_state_reg[0]
    SLICE_X7Y14          LUT5 (Prop_lut5_I1_O)        0.045    82.928 r  display_engine/box_gen[5].box_renderer/spi_word[28]_i_9/O
                         net (fo=1, routed)           0.486    83.414    merge_controller/FSM_sequential_state_reg[0]_0
    SLICE_X8Y18          LUT6 (Prop_lut6_I2_O)        0.045    83.459 f  merge_controller/spi_word[28]_i_5/O
                         net (fo=5, routed)           0.465    83.925    oled_display/tutorial_practice_mode_reg
    SLICE_X4Y22          LUT6 (Prop_lut6_I3_O)        0.045    83.970 r  oled_display/spi_word[27]_i_1/O
                         net (fo=1, routed)           0.000    83.970    oled_display/spi_word[27]_i_1_n_0
    SLICE_X4Y22          FDRE                                         r  oled_display/spi_word_reg[27]/D
  -------------------------------------------------------------------    -------------------

                         (clock clk_6p25MHz fall edge)
                                                     80.000    80.000 r  
    W5                                                0.000    80.000 r  clk (IN)
                         net (fo=0)                   0.000    80.000    clk
    W5                   IBUF (Prop_ibuf_I_O)         0.414    80.414 r  clk_IBUF_inst/O
                         net (fo=1, routed)           0.685    81.099    clk_IBUF
    BUFGCTRL_X0Y1        BUFG (Prop_bufg_I_O)         0.029    81.128 r  clk_IBUF_BUFG_inst/O
                         net (fo=194, routed)         0.835    81.962    clk_IBUF_BUFG
    SLICE_X12Y42         FDRE (Prop_fdre_C_Q)         0.204    82.166 f  clk_6p25MHz_reg/Q
                         net (fo=3, routed)           0.604    82.771    clk_6p25MHz
    BUFGCTRL_X0Y2        BUFG (Prop_bufg_I_O)         0.029    82.800 f  clk_6p25MHz_BUFG_inst/O
                         net (fo=115, routed)         0.851    83.650    oled_display/CLK
    SLICE_X4Y22          FDRE                                         r  oled_display/spi_word_reg[27]/C  (IS_INVERTED)
                         clock pessimism             -0.244    83.406    
    SLICE_X4Y22          FDRE (Hold_fdre_C_D)         0.099    83.505    oled_display/spi_word_reg[27]
  -------------------------------------------------------------------
                         required time                        -83.505    
                         arrival time                          83.970    
  -------------------------------------------------------------------
                         slack                                  0.464    

Slack (MET) :             0.482ns  (arrival time - required time)
  Source:                 sw[15]
                            (input port clocked by sys_clk_pin  {rise@0.000ns fall@5.000ns period=10.000ns})
  Destination:            oled_display/spi_word_reg[38]/D
                            (falling edge-triggered cell FDRE clocked by clk_6p25MHz  {rise@0.000ns fall@80.000ns period=160.000ns})
  Path Group:             clk_6p25MHz
  Path Type:              Hold (Min at Slow Process Corner)
  Requirement:            0.000ns  (clk_6p25MHz fall@80.000ns - sys_clk_pin rise@80.000ns)
  Data Path Delay:        7.264ns  (logic 1.974ns (27.175%)  route 5.290ns (72.825%))
  Logic Levels:           5  (IBUF=1 LUT2=1 LUT3=1 LUT6=2)
  Input Delay:            2.000ns
  Clock Path Skew:        8.509ns (DCD - SCD - CPR)
    Destination Clock Delay (DCD):    8.509ns = ( 88.509 - 80.000 ) 
    Source Clock Delay      (SCD):    0.000ns = ( 80.000 - 80.000 ) 
    Clock Pessimism Removal (CPR):    -0.000ns

    Location             Delay type                Incr(ns)  Path(ns)    Netlist Resource(s)
  -------------------------------------------------------------------    -------------------
                         (clock sys_clk_pin rise edge)
                                                     80.000    80.000 r  
                         input delay                  2.000    82.000    
    R2                                                0.000    82.000 r  sw[15] (IN)
                         net (fo=0)                   0.000    82.000    sw[15]
    R2                   IBUF (Prop_ibuf_I_O)         1.386    83.386 r  sw_IBUF[15]_inst/O
                         net (fo=187, routed)         3.494    86.880    oled_display/led_OBUF[0]
    SLICE_X7Y22          LUT2 (Prop_lut2_I0_O)        0.120    87.000 f  oled_display/spi_word[39]_i_16/O
                         net (fo=1, routed)           0.618    87.617    display_engine/answer_box_gen[4].answer_box_renderer/FSM_onehot_state_reg[24]_0
    SLICE_X10Y18         LUT6 (Prop_lut6_I3_O)        0.268    87.885 r  display_engine/answer_box_gen[4].answer_box_renderer/spi_word[39]_i_11/O
                         net (fo=4, routed)           0.777    88.662    oled_display/tutorial_practice_mode_reg_3
    SLICE_X5Y23          LUT3 (Prop_lut3_I1_O)        0.100    88.762 r  oled_display/spi_word[38]_i_2/O
                         net (fo=1, routed)           0.401    89.164    oled_display/spi_word[38]_i_2_n_0
    SLICE_X5Y23          LUT6 (Prop_lut6_I1_O)        0.100    89.264 r  oled_display/spi_word[38]_i_1/O
                         net (fo=1, routed)           0.000    89.264    oled_display/spi_word[38]_i_1_n_0
    SLICE_X5Y23          FDRE                                         r  oled_display/spi_word_reg[38]/D
  -------------------------------------------------------------------    -------------------

                         (clock clk_6p25MHz fall edge)
                                                     80.000    80.000 r  
    W5                                                0.000    80.000 r  clk (IN)
                         net (fo=0)                   0.000    80.000    clk
    W5                   IBUF (Prop_ibuf_I_O)         1.458    81.458 r  clk_IBUF_inst/O
                         net (fo=1, routed)           1.967    83.425    clk_IBUF
    BUFGCTRL_X0Y1        BUFG (Prop_bufg_I_O)         0.096    83.521 r  clk_IBUF_BUFG_inst/O
                         net (fo=194, routed)         1.568    85.089    clk_IBUF_BUFG
    SLICE_X12Y42         FDRE (Prop_fdre_C_Q)         0.518    85.607 f  clk_6p25MHz_reg/Q
                         net (fo=3, routed)           1.188    86.796    clk_6p25MHz
    BUFGCTRL_X0Y2        BUFG (Prop_bufg_I_O)         0.096    86.892 f  clk_6p25MHz_BUFG_inst/O
                         net (fo=115, routed)         1.617    88.509    oled_display/CLK
    SLICE_X5Y23          FDRE                                         r  oled_display/spi_word_reg[38]/C  (IS_INVERTED)
                         clock pessimism              0.000    88.509    
    SLICE_X5Y23          FDRE (Hold_fdre_C_D)         0.273    88.782    oled_display/spi_word_reg[38]
  -------------------------------------------------------------------
                         required time                        -88.782    
                         arrival time                          89.264    
  -------------------------------------------------------------------
                         slack                                  0.482    

Slack (MET) :             0.490ns  (arrival time - required time)
  Source:                 merge_controller/FSM_sequential_state_reg[1]/C
                            (rising edge-triggered cell FDCE clocked by sys_clk_pin  {rise@0.000ns fall@5.000ns period=10.000ns})
  Destination:            oled_display/spi_word_reg[24]/D
                            (falling edge-triggered cell FDRE clocked by clk_6p25MHz  {rise@0.000ns fall@80.000ns period=160.000ns})
  Path Group:             clk_6p25MHz
  Path Type:              Hold (Min at Fast Process Corner)
  Requirement:            0.000ns  (clk_6p25MHz fall@80.000ns - sys_clk_pin rise@80.000ns)
  Data Path Delay:        2.559ns  (logic 0.321ns (12.543%)  route 2.238ns (87.457%))
  Logic Levels:           4  (LUT5=2 LUT6=2)
  Clock Path Skew:        1.971ns (DCD - SCD - CPR)
    Destination Clock Delay (DCD):    3.647ns = ( 83.647 - 80.000 ) 
    Source Clock Delay      (SCD):    1.432ns = ( 81.432 - 80.000 ) 
    Clock Pessimism Removal (CPR):    0.244ns

    Location             Delay type                Incr(ns)  Path(ns)    Netlist Resource(s)
  -------------------------------------------------------------------    -------------------
                         (clock sys_clk_pin rise edge)
                                                     80.000    80.000 r  
    W5                                                0.000    80.000 r  clk (IN)
                         net (fo=0)                   0.000    80.000    clk
    W5                   IBUF (Prop_ibuf_I_O)         0.226    80.226 r  clk_IBUF_inst/O
                         net (fo=1, routed)           0.631    80.858    clk_IBUF
    BUFGCTRL_X0Y1        BUFG (Prop_bufg_I_O)         0.026    80.884 r  clk_IBUF_BUFG_inst/O
                         net (fo=194, routed)         0.549    81.432    merge_controller/CLK
    SLICE_X35Y25         FDCE                                         r  merge_controller/FSM_sequential_state_reg[1]/C
  -------------------------------------------------------------------    -------------------
    SLICE_X35Y25         FDCE (Prop_fdce_C_Q)         0.141    81.573 r  merge_controller/FSM_sequential_state_reg[1]/Q
                         net (fo=255, routed)         1.003    82.576    merge_controller/state__0[1]
    SLICE_X7Y14          LUT5 (Prop_lut5_I4_O)        0.045    82.621 r  merge_controller/spi_word[28]_i_18/O
                         net (fo=2, routed)           0.262    82.883    display_engine/box_gen[5].box_renderer/FSM_sequential_state_reg[0]
    SLICE_X7Y14          LUT5 (Prop_lut5_I1_O)        0.045    82.928 r  display_engine/box_gen[5].box_renderer/spi_word[28]_i_9/O
                         net (fo=1, routed)           0.486    83.414    merge_controller/FSM_sequential_state_reg[0]_0
    SLICE_X8Y18          LUT6 (Prop_lut6_I2_O)        0.045    83.459 f  merge_controller/spi_word[28]_i_5/O
                         net (fo=5, routed)           0.487    83.946    oled_display/tutorial_practice_mode_reg
    SLICE_X4Y24          LUT6 (Prop_lut6_I2_O)        0.045    83.991 r  oled_display/spi_word[24]_i_1/O
                         net (fo=1, routed)           0.000    83.991    oled_display/spi_word[24]_i_1_n_0
    SLICE_X4Y24          FDRE                                         r  oled_display/spi_word_reg[24]/D
  -------------------------------------------------------------------    -------------------

                         (clock clk_6p25MHz fall edge)
                                                     80.000    80.000 r  
    W5                                                0.000    80.000 r  clk (IN)
                         net (fo=0)                   0.000    80.000    clk
    W5                   IBUF (Prop_ibuf_I_O)         0.414    80.414 r  clk_IBUF_inst/O
                         net (fo=1, routed)           0.685    81.099    clk_IBUF
    BUFGCTRL_X0Y1        BUFG (Prop_bufg_I_O)         0.029    81.128 r  clk_IBUF_BUFG_inst/O
                         net (fo=194, routed)         0.835    81.962    clk_IBUF_BUFG
    SLICE_X12Y42         FDRE (Prop_fdre_C_Q)         0.204    82.166 f  clk_6p25MHz_reg/Q
                         net (fo=3, routed)           0.604    82.771    clk_6p25MHz
    BUFGCTRL_X0Y2        BUFG (Prop_bufg_I_O)         0.029    82.800 f  clk_6p25MHz_BUFG_inst/O
                         net (fo=115, routed)         0.848    83.647    oled_display/CLK
    SLICE_X4Y24          FDRE                                         r  oled_display/spi_word_reg[24]/C  (IS_INVERTED)
                         clock pessimism             -0.244    83.403    
    SLICE_X4Y24          FDRE (Hold_fdre_C_D)         0.098    83.501    oled_display/spi_word_reg[24]
  -------------------------------------------------------------------
                         required time                        -83.501    
                         arrival time                          83.991    
  -------------------------------------------------------------------
                         slack                                  0.490    

Slack (MET) :             0.493ns  (arrival time - required time)
  Source:                 sw[15]
                            (input port clocked by sys_clk_pin  {rise@0.000ns fall@5.000ns period=10.000ns})
  Destination:            oled_display/spi_word_reg[36]/D
                            (falling edge-triggered cell FDRE clocked by clk_6p25MHz  {rise@0.000ns fall@80.000ns period=160.000ns})
  Path Group:             clk_6p25MHz
  Path Type:              Hold (Min at Slow Process Corner)
  Requirement:            0.000ns  (clk_6p25MHz fall@80.000ns - sys_clk_pin rise@80.000ns)
  Data Path Delay:        7.274ns  (logic 1.974ns (27.137%)  route 5.300ns (72.863%))
  Logic Levels:           5  (IBUF=1 LUT2=1 LUT4=1 LUT6=2)
  Input Delay:            2.000ns
  Clock Path Skew:        8.509ns (DCD - SCD - CPR)
    Destination Clock Delay (DCD):    8.509ns = ( 88.509 - 80.000 ) 
    Source Clock Delay      (SCD):    0.000ns = ( 80.000 - 80.000 ) 
    Clock Pessimism Removal (CPR):    -0.000ns

    Location             Delay type                Incr(ns)  Path(ns)    Netlist Resource(s)
  -------------------------------------------------------------------    -------------------
                         (clock sys_clk_pin rise edge)
                                                     80.000    80.000 r  
                         input delay                  2.000    82.000    
    R2                                                0.000    82.000 r  sw[15] (IN)
                         net (fo=0)                   0.000    82.000    sw[15]
    R2                   IBUF (Prop_ibuf_I_O)         1.386    83.386 r  sw_IBUF[15]_inst/O
                         net (fo=187, routed)         3.494    86.880    oled_display/led_OBUF[0]
    SLICE_X7Y22          LUT2 (Prop_lut2_I0_O)        0.120    87.000 f  oled_display/spi_word[39]_i_16/O
                         net (fo=1, routed)           0.618    87.617    display_engine/answer_box_gen[4].answer_box_renderer/FSM_onehot_state_reg[24]_0
    SLICE_X10Y18         LUT6 (Prop_lut6_I3_O)        0.268    87.885 r  display_engine/answer_box_gen[4].answer_box_renderer/spi_word[39]_i_11/O
                         net (fo=4, routed)           0.853    88.739    oled_display/tutorial_practice_mode_reg_3
    SLICE_X7Y23          LUT6 (Prop_lut6_I0_O)        0.100    88.839 f  oled_display/spi_word[36]_i_3/O
                         net (fo=1, routed)           0.335    89.174    oled_display/spi_word[36]_i_3_n_0
    SLICE_X7Y23          LUT4 (Prop_lut4_I3_O)        0.100    89.274 r  oled_display/spi_word[36]_i_1/O
                         net (fo=1, routed)           0.000    89.274    oled_display/spi_word[36]_i_1_n_0
    SLICE_X7Y23          FDRE                                         r  oled_display/spi_word_reg[36]/D
  -------------------------------------------------------------------    -------------------

                         (clock clk_6p25MHz fall edge)
                                                     80.000    80.000 r  
    W5                                                0.000    80.000 r  clk (IN)
                         net (fo=0)                   0.000    80.000    clk
    W5                   IBUF (Prop_ibuf_I_O)         1.458    81.458 r  clk_IBUF_inst/O
                         net (fo=1, routed)           1.967    83.425    clk_IBUF
    BUFGCTRL_X0Y1        BUFG (Prop_bufg_I_O)         0.096    83.521 r  clk_IBUF_BUFG_inst/O
                         net (fo=194, routed)         1.568    85.089    clk_IBUF_BUFG
    SLICE_X12Y42         FDRE (Prop_fdre_C_Q)         0.518    85.607 f  clk_6p25MHz_reg/Q
                         net (fo=3, routed)           1.188    86.796    clk_6p25MHz
    BUFGCTRL_X0Y2        BUFG (Prop_bufg_I_O)         0.096    86.892 f  clk_6p25MHz_BUFG_inst/O
                         net (fo=115, routed)         1.617    88.509    oled_display/CLK
    SLICE_X7Y23          FDRE                                         r  oled_display/spi_word_reg[36]/C  (IS_INVERTED)
                         clock pessimism              0.000    88.509    
    SLICE_X7Y23          FDRE (Hold_fdre_C_D)         0.272    88.781    oled_display/spi_word_reg[36]
  -------------------------------------------------------------------
                         required time                        -88.781    
                         arrival time                          89.274    
  -------------------------------------------------------------------
                         slack                                  0.493    

Slack (MET) :             0.518ns  (arrival time - required time)
  Source:                 merge_controller/FSM_sequential_state_reg[1]/C
                            (rising edge-triggered cell FDCE clocked by sys_clk_pin  {rise@0.000ns fall@5.000ns period=10.000ns})
  Destination:            oled_display/spi_word_reg[25]/D
                            (falling edge-triggered cell FDRE clocked by clk_6p25MHz  {rise@0.000ns fall@80.000ns period=160.000ns})
  Path Group:             clk_6p25MHz
  Path Type:              Hold (Min at Fast Process Corner)
  Requirement:            0.000ns  (clk_6p25MHz fall@80.000ns - sys_clk_pin rise@80.000ns)
  Data Path Delay:        2.590ns  (logic 0.321ns (12.392%)  route 2.269ns (87.608%))
  Logic Levels:           4  (LUT5=2 LUT6=2)
  Clock Path Skew:        1.974ns (DCD - SCD - CPR)
    Destination Clock Delay (DCD):    3.650ns = ( 83.650 - 80.000 ) 
    Source Clock Delay      (SCD):    1.432ns = ( 81.432 - 80.000 ) 
    Clock Pessimism Removal (CPR):    0.244ns

    Location             Delay type                Incr(ns)  Path(ns)    Netlist Resource(s)
  -------------------------------------------------------------------    -------------------
                         (clock sys_clk_pin rise edge)
                                                     80.000    80.000 r  
    W5                                                0.000    80.000 r  clk (IN)
                         net (fo=0)                   0.000    80.000    clk
    W5                   IBUF (Prop_ibuf_I_O)         0.226    80.226 r  clk_IBUF_inst/O
                         net (fo=1, routed)           0.631    80.858    clk_IBUF
    BUFGCTRL_X0Y1        BUFG (Prop_bufg_I_O)         0.026    80.884 r  clk_IBUF_BUFG_inst/O
                         net (fo=194, routed)         0.549    81.432    merge_controller/CLK
    SLICE_X35Y25         FDCE                                         r  merge_controller/FSM_sequential_state_reg[1]/C
  -------------------------------------------------------------------    -------------------
    SLICE_X35Y25         FDCE (Prop_fdce_C_Q)         0.141    81.573 r  merge_controller/FSM_sequential_state_reg[1]/Q
                         net (fo=255, routed)         1.003    82.576    merge_controller/state__0[1]
    SLICE_X7Y14          LUT5 (Prop_lut5_I4_O)        0.045    82.621 r  merge_controller/spi_word[28]_i_18/O
                         net (fo=2, routed)           0.262    82.883    display_engine/box_gen[5].box_renderer/FSM_sequential_state_reg[0]
    SLICE_X7Y14          LUT5 (Prop_lut5_I1_O)        0.045    82.928 r  display_engine/box_gen[5].box_renderer/spi_word[28]_i_9/O
                         net (fo=1, routed)           0.486    83.414    merge_controller/FSM_sequential_state_reg[0]_0
    SLICE_X8Y18          LUT6 (Prop_lut6_I2_O)        0.045    83.459 f  merge_controller/spi_word[28]_i_5/O
                         net (fo=5, routed)           0.518    83.977    oled_display/tutorial_practice_mode_reg
    SLICE_X1Y23          LUT6 (Prop_lut6_I2_O)        0.045    84.022 r  oled_display/spi_word[25]_i_1/O
                         net (fo=1, routed)           0.000    84.022    oled_display/spi_word[25]_i_1_n_0
    SLICE_X1Y23          FDRE                                         r  oled_display/spi_word_reg[25]/D
  -------------------------------------------------------------------    -------------------

                         (clock clk_6p25MHz fall edge)
                                                     80.000    80.000 r  
    W5                                                0.000    80.000 r  clk (IN)
                         net (fo=0)                   0.000    80.000    clk
    W5                   IBUF (Prop_ibuf_I_O)         0.414    80.414 r  clk_IBUF_inst/O
                         net (fo=1, routed)           0.685    81.099    clk_IBUF
    BUFGCTRL_X0Y1        BUFG (Prop_bufg_I_O)         0.029    81.128 r  clk_IBUF_BUFG_inst/O
                         net (fo=194, routed)         0.835    81.962    clk_IBUF_BUFG
    SLICE_X12Y42         FDRE (Prop_fdre_C_Q)         0.204    82.166 f  clk_6p25MHz_reg/Q
                         net (fo=3, routed)           0.604    82.771    clk_6p25MHz
    BUFGCTRL_X0Y2        BUFG (Prop_bufg_I_O)         0.029    82.800 f  clk_6p25MHz_BUFG_inst/O
                         net (fo=115, routed)         0.851    83.650    oled_display/CLK
    SLICE_X1Y23          FDRE                                         r  oled_display/spi_word_reg[25]/C  (IS_INVERTED)
                         clock pessimism             -0.244    83.406    
    SLICE_X1Y23          FDRE (Hold_fdre_C_D)         0.098    83.504    oled_display/spi_word_reg[25]
  -------------------------------------------------------------------
                         required time                        -83.504    
                         arrival time                          84.022    
  -------------------------------------------------------------------
                         slack                                  0.518    

Slack (MET) :             0.548ns  (arrival time - required time)
  Source:                 sw[15]
                            (input port clocked by sys_clk_pin  {rise@0.000ns fall@5.000ns period=10.000ns})
  Destination:            oled_display/spi_word_reg[37]/D
                            (falling edge-triggered cell FDRE clocked by clk_6p25MHz  {rise@0.000ns fall@80.000ns period=160.000ns})
  Path Group:             clk_6p25MHz
  Path Type:              Hold (Min at Slow Process Corner)
  Requirement:            0.000ns  (clk_6p25MHz fall@80.000ns - sys_clk_pin rise@80.000ns)
  Data Path Delay:        7.396ns  (logic 1.974ns (26.689%)  route 5.422ns (73.311%))
  Logic Levels:           5  (IBUF=1 LUT2=1 LUT6=3)
  Input Delay:            2.000ns
  Clock Path Skew:        8.509ns (DCD - SCD - CPR)
    Destination Clock Delay (DCD):    8.509ns = ( 88.509 - 80.000 ) 
    Source Clock Delay      (SCD):    0.000ns = ( 80.000 - 80.000 ) 
    Clock Pessimism Removal (CPR):    -0.000ns

    Location             Delay type                Incr(ns)  Path(ns)    Netlist Resource(s)
  -------------------------------------------------------------------    -------------------
                         (clock sys_clk_pin rise edge)
                                                     80.000    80.000 r  
                         input delay                  2.000    82.000    
    R2                                                0.000    82.000 r  sw[15] (IN)
                         net (fo=0)                   0.000    82.000    sw[15]
    R2                   IBUF (Prop_ibuf_I_O)         1.386    83.386 r  sw_IBUF[15]_inst/O
                         net (fo=187, routed)         3.494    86.880    oled_display/led_OBUF[0]
    SLICE_X7Y22          LUT2 (Prop_lut2_I0_O)        0.120    87.000 f  oled_display/spi_word[39]_i_16/O
                         net (fo=1, routed)           0.618    87.617    display_engine/answer_box_gen[4].answer_box_renderer/FSM_onehot_state_reg[24]_0
    SLICE_X10Y18         LUT6 (Prop_lut6_I3_O)        0.268    87.885 r  display_engine/answer_box_gen[4].answer_box_renderer/spi_word[39]_i_11/O
                         net (fo=4, routed)           0.858    88.743    oled_display/tutorial_practice_mode_reg_3
    SLICE_X6Y23          LUT6 (Prop_lut6_I5_O)        0.100    88.843 f  oled_display/spi_word[37]_i_4/O
                         net (fo=1, routed)           0.453    89.296    oled_display/spi_word[37]_i_4_n_0
    SLICE_X6Y23          LUT6 (Prop_lut6_I2_O)        0.100    89.396 r  oled_display/spi_word[37]_i_1/O
                         net (fo=1, routed)           0.000    89.396    oled_display/spi_word[37]_i_1_n_0
    SLICE_X6Y23          FDRE                                         r  oled_display/spi_word_reg[37]/D
  -------------------------------------------------------------------    -------------------

                         (clock clk_6p25MHz fall edge)
                                                     80.000    80.000 r  
    W5                                                0.000    80.000 r  clk (IN)
                         net (fo=0)                   0.000    80.000    clk
    W5                   IBUF (Prop_ibuf_I_O)         1.458    81.458 r  clk_IBUF_inst/O
                         net (fo=1, routed)           1.967    83.425    clk_IBUF
    BUFGCTRL_X0Y1        BUFG (Prop_bufg_I_O)         0.096    83.521 r  clk_IBUF_BUFG_inst/O
                         net (fo=194, routed)         1.568    85.089    clk_IBUF_BUFG
    SLICE_X12Y42         FDRE (Prop_fdre_C_Q)         0.518    85.607 f  clk_6p25MHz_reg/Q
                         net (fo=3, routed)           1.188    86.796    clk_6p25MHz
    BUFGCTRL_X0Y2        BUFG (Prop_bufg_I_O)         0.096    86.892 f  clk_6p25MHz_BUFG_inst/O
                         net (fo=115, routed)         1.617    88.509    oled_display/CLK
    SLICE_X6Y23          FDRE                                         r  oled_display/spi_word_reg[37]/C  (IS_INVERTED)
                         clock pessimism              0.000    88.509    
    SLICE_X6Y23          FDRE (Hold_fdre_C_D)         0.339    88.848    oled_display/spi_word_reg[37]
  -------------------------------------------------------------------
                         required time                        -88.848    
                         arrival time                          89.396    
  -------------------------------------------------------------------
                         slack                                  0.548    

Slack (MET) :             0.589ns  (arrival time - required time)
  Source:                 merge_controller/FSM_sequential_state_reg[1]/C
                            (rising edge-triggered cell FDCE clocked by sys_clk_pin  {rise@0.000ns fall@5.000ns period=10.000ns})
  Destination:            oled_display/spi_word_reg[28]/D
                            (falling edge-triggered cell FDRE clocked by clk_6p25MHz  {rise@0.000ns fall@80.000ns period=160.000ns})
  Path Group:             clk_6p25MHz
  Path Type:              Hold (Min at Fast Process Corner)
  Requirement:            0.000ns  (clk_6p25MHz fall@80.000ns - sys_clk_pin rise@80.000ns)
  Data Path Delay:        2.659ns  (logic 0.321ns (12.073%)  route 2.338ns (87.927%))
  Logic Levels:           4  (LUT5=2 LUT6=2)
  Clock Path Skew:        1.972ns (DCD - SCD - CPR)
    Destination Clock Delay (DCD):    3.648ns = ( 83.648 - 80.000 ) 
    Source Clock Delay      (SCD):    1.432ns = ( 81.432 - 80.000 ) 
    Clock Pessimism Removal (CPR):    0.244ns

    Location             Delay type                Incr(ns)  Path(ns)    Netlist Resource(s)
  -------------------------------------------------------------------    -------------------
                         (clock sys_clk_pin rise edge)
                                                     80.000    80.000 r  
    W5                                                0.000    80.000 r  clk (IN)
                         net (fo=0)                   0.000    80.000    clk
    W5                   IBUF (Prop_ibuf_I_O)         0.226    80.226 r  clk_IBUF_inst/O
                         net (fo=1, routed)           0.631    80.858    clk_IBUF
    BUFGCTRL_X0Y1        BUFG (Prop_bufg_I_O)         0.026    80.884 r  clk_IBUF_BUFG_inst/O
                         net (fo=194, routed)         0.549    81.432    merge_controller/CLK
    SLICE_X35Y25         FDCE                                         r  merge_controller/FSM_sequential_state_reg[1]/C
  -------------------------------------------------------------------    -------------------
    SLICE_X35Y25         FDCE (Prop_fdce_C_Q)         0.141    81.573 r  merge_controller/FSM_sequential_state_reg[1]/Q
                         net (fo=255, routed)         1.003    82.576    merge_controller/state__0[1]
    SLICE_X7Y14          LUT5 (Prop_lut5_I4_O)        0.045    82.621 r  merge_controller/spi_word[28]_i_18/O
                         net (fo=2, routed)           0.262    82.883    display_engine/box_gen[5].box_renderer/FSM_sequential_state_reg[0]
    SLICE_X7Y14          LUT5 (Prop_lut5_I1_O)        0.045    82.928 r  display_engine/box_gen[5].box_renderer/spi_word[28]_i_9/O
                         net (fo=1, routed)           0.486    83.414    merge_controller/FSM_sequential_state_reg[0]_0
    SLICE_X8Y18          LUT6 (Prop_lut6_I2_O)        0.045    83.459 f  merge_controller/spi_word[28]_i_5/O
                         net (fo=5, routed)           0.587    84.046    oled_display/tutorial_practice_mode_reg
    SLICE_X5Y23          LUT6 (Prop_lut6_I3_O)        0.045    84.091 r  oled_display/spi_word[28]_i_1/O
                         net (fo=1, routed)           0.000    84.091    oled_display/spi_word[28]_i_1_n_0
    SLICE_X5Y23          FDRE                                         r  oled_display/spi_word_reg[28]/D
  -------------------------------------------------------------------    -------------------

                         (clock clk_6p25MHz fall edge)
                                                     80.000    80.000 r  
    W5                                                0.000    80.000 r  clk (IN)
                         net (fo=0)                   0.000    80.000    clk
    W5                   IBUF (Prop_ibuf_I_O)         0.414    80.414 r  clk_IBUF_inst/O
                         net (fo=1, routed)           0.685    81.099    clk_IBUF
    BUFGCTRL_X0Y1        BUFG (Prop_bufg_I_O)         0.029    81.128 r  clk_IBUF_BUFG_inst/O
                         net (fo=194, routed)         0.835    81.962    clk_IBUF_BUFG
    SLICE_X12Y42         FDRE (Prop_fdre_C_Q)         0.204    82.166 f  clk_6p25MHz_reg/Q
                         net (fo=3, routed)           0.604    82.771    clk_6p25MHz
    BUFGCTRL_X0Y2        BUFG (Prop_bufg_I_O)         0.029    82.800 f  clk_6p25MHz_BUFG_inst/O
                         net (fo=115, routed)         0.849    83.648    oled_display/CLK
    SLICE_X5Y23          FDRE                                         r  oled_display/spi_word_reg[28]/C  (IS_INVERTED)
                         clock pessimism             -0.244    83.404    
    SLICE_X5Y23          FDRE (Hold_fdre_C_D)         0.098    83.502    oled_display/spi_word_reg[28]
  -------------------------------------------------------------------
                         required time                        -83.502    
                         arrival time                          84.091    
  -------------------------------------------------------------------
                         slack                                  0.589    

Slack (MET) :             0.596ns  (arrival time - required time)
  Source:                 merge_controller/FSM_sequential_state_reg[1]/C
                            (rising edge-triggered cell FDCE clocked by sys_clk_pin  {rise@0.000ns fall@5.000ns period=10.000ns})
  Destination:            oled_display/spi_word_reg[26]/D
                            (falling edge-triggered cell FDRE clocked by clk_6p25MHz  {rise@0.000ns fall@80.000ns period=160.000ns})
  Path Group:             clk_6p25MHz
  Path Type:              Hold (Min at Fast Process Corner)
  Requirement:            0.000ns  (clk_6p25MHz fall@80.000ns - sys_clk_pin rise@80.000ns)
  Data Path Delay:        2.666ns  (logic 0.321ns (12.040%)  route 2.345ns (87.960%))
  Logic Levels:           4  (LUT5=2 LUT6=2)
  Clock Path Skew:        1.972ns (DCD - SCD - CPR)
    Destination Clock Delay (DCD):    3.648ns = ( 83.648 - 80.000 ) 
    Source Clock Delay      (SCD):    1.432ns = ( 81.432 - 80.000 ) 
    Clock Pessimism Removal (CPR):    0.244ns

    Location             Delay type                Incr(ns)  Path(ns)    Netlist Resource(s)
  -------------------------------------------------------------------    -------------------
                         (clock sys_clk_pin rise edge)
                                                     80.000    80.000 r  
    W5                                                0.000    80.000 r  clk (IN)
                         net (fo=0)                   0.000    80.000    clk
    W5                   IBUF (Prop_ibuf_I_O)         0.226    80.226 r  clk_IBUF_inst/O
                         net (fo=1, routed)           0.631    80.858    clk_IBUF
    BUFGCTRL_X0Y1        BUFG (Prop_bufg_I_O)         0.026    80.884 r  clk_IBUF_BUFG_inst/O
                         net (fo=194, routed)         0.549    81.432    merge_controller/CLK
    SLICE_X35Y25         FDCE                                         r  merge_controller/FSM_sequential_state_reg[1]/C
  -------------------------------------------------------------------    -------------------
    SLICE_X35Y25         FDCE (Prop_fdce_C_Q)         0.141    81.573 r  merge_controller/FSM_sequential_state_reg[1]/Q
                         net (fo=255, routed)         1.003    82.576    merge_controller/state__0[1]
    SLICE_X7Y14          LUT5 (Prop_lut5_I4_O)        0.045    82.621 r  merge_controller/spi_word[28]_i_18/O
                         net (fo=2, routed)           0.262    82.883    display_engine/box_gen[5].box_renderer/FSM_sequential_state_reg[0]
    SLICE_X7Y14          LUT5 (Prop_lut5_I1_O)        0.045    82.928 r  display_engine/box_gen[5].box_renderer/spi_word[28]_i_9/O
                         net (fo=1, routed)           0.486    83.414    merge_controller/FSM_sequential_state_reg[0]_0
    SLICE_X8Y18          LUT6 (Prop_lut6_I2_O)        0.045    83.459 f  merge_controller/spi_word[28]_i_5/O
                         net (fo=5, routed)           0.594    84.053    oled_display/tutorial_practice_mode_reg
    SLICE_X4Y23          LUT6 (Prop_lut6_I2_O)        0.045    84.098 r  oled_display/spi_word[26]_i_1/O
                         net (fo=1, routed)           0.000    84.098    oled_display/spi_word[26]_i_1_n_0
    SLICE_X4Y23          FDRE                                         r  oled_display/spi_word_reg[26]/D
  -------------------------------------------------------------------    -------------------

                         (clock clk_6p25MHz fall edge)
                                                     80.000    80.000 r  
    W5                                                0.000    80.000 r  clk (IN)
                         net (fo=0)                   0.000    80.000    clk
    W5                   IBUF (Prop_ibuf_I_O)         0.414    80.414 r  clk_IBUF_inst/O
                         net (fo=1, routed)           0.685    81.099    clk_IBUF
    BUFGCTRL_X0Y1        BUFG (Prop_bufg_I_O)         0.029    81.128 r  clk_IBUF_BUFG_inst/O
                         net (fo=194, routed)         0.835    81.962    clk_IBUF_BUFG
    SLICE_X12Y42         FDRE (Prop_fdre_C_Q)         0.204    82.166 f  clk_6p25MHz_reg/Q
                         net (fo=3, routed)           0.604    82.771    clk_6p25MHz
    BUFGCTRL_X0Y2        BUFG (Prop_bufg_I_O)         0.029    82.800 f  clk_6p25MHz_BUFG_inst/O
                         net (fo=115, routed)         0.849    83.648    oled_display/CLK
    SLICE_X4Y23          FDRE                                         r  oled_display/spi_word_reg[26]/C  (IS_INVERTED)
                         clock pessimism             -0.244    83.404    
    SLICE_X4Y23          FDRE (Hold_fdre_C_D)         0.098    83.502    oled_display/spi_word_reg[26]
  -------------------------------------------------------------------
                         required time                        -83.502    
                         arrival time                          84.098    
  -------------------------------------------------------------------
                         slack                                  0.596    

Slack (MET) :             0.622ns  (arrival time - required time)
  Source:                 sw[15]
                            (input port clocked by sys_clk_pin  {rise@0.000ns fall@5.000ns period=10.000ns})
  Destination:            oled_display/spi_word_reg[39]/D
                            (falling edge-triggered cell FDRE clocked by clk_6p25MHz  {rise@0.000ns fall@80.000ns period=160.000ns})
  Path Group:             clk_6p25MHz
  Path Type:              Hold (Min at Slow Process Corner)
  Requirement:            0.000ns  (clk_6p25MHz fall@80.000ns - sys_clk_pin rise@80.000ns)
  Data Path Delay:        7.404ns  (logic 1.974ns (26.659%)  route 5.430ns (73.341%))
  Logic Levels:           5  (IBUF=1 LUT2=1 LUT5=1 LUT6=2)
  Input Delay:            2.000ns
  Clock Path Skew:        8.510ns (DCD - SCD - CPR)
    Destination Clock Delay (DCD):    8.510ns = ( 88.510 - 80.000 ) 
    Source Clock Delay      (SCD):    0.000ns = ( 80.000 - 80.000 ) 
    Clock Pessimism Removal (CPR):    -0.000ns

    Location             Delay type                Incr(ns)  Path(ns)    Netlist Resource(s)
  -------------------------------------------------------------------    -------------------
                         (clock sys_clk_pin rise edge)
                                                     80.000    80.000 r  
                         input delay                  2.000    82.000    
    R2                                                0.000    82.000 r  sw[15] (IN)
                         net (fo=0)                   0.000    82.000    sw[15]
    R2                   IBUF (Prop_ibuf_I_O)         1.386    83.386 r  sw_IBUF[15]_inst/O
                         net (fo=187, routed)         3.494    86.880    oled_display/led_OBUF[0]
    SLICE_X7Y22          LUT2 (Prop_lut2_I0_O)        0.120    87.000 f  oled_display/spi_word[39]_i_16/O
                         net (fo=1, routed)           0.618    87.617    display_engine/answer_box_gen[4].answer_box_renderer/FSM_onehot_state_reg[24]_0
    SLICE_X10Y18         LUT6 (Prop_lut6_I3_O)        0.268    87.885 r  display_engine/answer_box_gen[4].answer_box_renderer/spi_word[39]_i_11/O
                         net (fo=4, routed)           0.789    88.674    oled_display/tutorial_practice_mode_reg_3
    SLICE_X7Y21          LUT5 (Prop_lut5_I1_O)        0.100    88.774 f  oled_display/spi_word[39]_i_8/O
                         net (fo=2, routed)           0.530    89.304    oled_display/spi_word[39]_i_8_n_0
    SLICE_X5Y22          LUT6 (Prop_lut6_I5_O)        0.100    89.404 r  oled_display/spi_word[39]_i_2/O
                         net (fo=1, routed)           0.000    89.404    oled_display/spi_word[39]_i_2_n_0
    SLICE_X5Y22          FDRE                                         r  oled_display/spi_word_reg[39]/D
  -------------------------------------------------------------------    -------------------

                         (clock clk_6p25MHz fall edge)
                                                     80.000    80.000 r  
    W5                                                0.000    80.000 r  clk (IN)
                         net (fo=0)                   0.000    80.000    clk
    W5                   IBUF (Prop_ibuf_I_O)         1.458    81.458 r  clk_IBUF_inst/O
                         net (fo=1, routed)           1.967    83.425    clk_IBUF
    BUFGCTRL_X0Y1        BUFG (Prop_bufg_I_O)         0.096    83.521 r  clk_IBUF_BUFG_inst/O
                         net (fo=194, routed)         1.568    85.089    clk_IBUF_BUFG
    SLICE_X12Y42         FDRE (Prop_fdre_C_Q)         0.518    85.607 f  clk_6p25MHz_reg/Q
                         net (fo=3, routed)           1.188    86.796    clk_6p25MHz
    BUFGCTRL_X0Y2        BUFG (Prop_bufg_I_O)         0.096    86.892 f  clk_6p25MHz_BUFG_inst/O
                         net (fo=115, routed)         1.618    88.510    oled_display/CLK
    SLICE_X5Y22          FDRE                                         r  oled_display/spi_word_reg[39]/C  (IS_INVERTED)
                         clock pessimism              0.000    88.510    
    SLICE_X5Y22          FDRE (Hold_fdre_C_D)         0.272    88.782    oled_display/spi_word_reg[39]
  -------------------------------------------------------------------
                         required time                        -88.782    
                         arrival time                          89.404    
  -------------------------------------------------------------------
                         slack                                  0.622    

Slack (MET) :             0.631ns  (arrival time - required time)
  Source:                 btnC_sync_reg[1]/C
                            (rising edge-triggered cell FDRE clocked by sys_clk_pin  {rise@0.000ns fall@5.000ns period=10.000ns})
  Destination:            oled_display/spi_word_reg[0]/D
                            (falling edge-triggered cell FDRE clocked by clk_6p25MHz  {rise@0.000ns fall@80.000ns period=160.000ns})
  Path Group:             clk_6p25MHz
  Path Type:              Hold (Min at Fast Process Corner)
  Requirement:            0.000ns  (clk_6p25MHz fall@80.000ns - sys_clk_pin rise@80.000ns)
  Data Path Delay:        2.692ns  (logic 0.254ns (9.434%)  route 2.438ns (90.566%))
  Logic Levels:           2  (LUT3=1 LUT4=1)
  Clock Path Skew:        1.963ns (DCD - SCD - CPR)
    Destination Clock Delay (DCD):    3.647ns = ( 83.647 - 80.000 ) 
    Source Clock Delay      (SCD):    1.440ns = ( 81.440 - 80.000 ) 
    Clock Pessimism Removal (CPR):    0.244ns

    Location             Delay type                Incr(ns)  Path(ns)    Netlist Resource(s)
  -------------------------------------------------------------------    -------------------
                         (clock sys_clk_pin rise edge)
                                                     80.000    80.000 r  
    W5                                                0.000    80.000 r  clk (IN)
                         net (fo=0)                   0.000    80.000    clk
    W5                   IBUF (Prop_ibuf_I_O)         0.226    80.226 r  clk_IBUF_inst/O
                         net (fo=1, routed)           0.631    80.858    clk_IBUF
    BUFGCTRL_X0Y1        BUFG (Prop_bufg_I_O)         0.026    80.884 r  clk_IBUF_BUFG_inst/O
                         net (fo=194, routed)         0.557    81.440    clk_IBUF_BUFG
    SLICE_X14Y20         FDRE                                         r  btnC_sync_reg[1]/C
  -------------------------------------------------------------------    -------------------
    SLICE_X14Y20         FDRE (Prop_fdre_C_Q)         0.164    81.604 r  btnC_sync_reg[1]/Q
                         net (fo=6, routed)           1.130    82.734    merge_controller/Q[0]
    SLICE_X35Y26         LUT4 (Prop_lut4_I0_O)        0.045    82.779 f  merge_controller/FSM_onehot_state[31]_i_1/O
                         net (fo=377, routed)         1.309    84.087    oled_display/btn_reset
    SLICE_X4Y25          LUT3 (Prop_lut3_I2_O)        0.045    84.132 r  oled_display/spi_word[0]_i_1/O
                         net (fo=1, routed)           0.000    84.132    oled_display/spi_word[0]_i_1_n_0
    SLICE_X4Y25          FDRE                                         r  oled_display/spi_word_reg[0]/D
  -------------------------------------------------------------------    -------------------

                         (clock clk_6p25MHz fall edge)
                                                     80.000    80.000 r  
    W5                                                0.000    80.000 r  clk (IN)
                         net (fo=0)                   0.000    80.000    clk
    W5                   IBUF (Prop_ibuf_I_O)         0.414    80.414 r  clk_IBUF_inst/O
                         net (fo=1, routed)           0.685    81.099    clk_IBUF
    BUFGCTRL_X0Y1        BUFG (Prop_bufg_I_O)         0.029    81.128 r  clk_IBUF_BUFG_inst/O
                         net (fo=194, routed)         0.835    81.962    clk_IBUF_BUFG
    SLICE_X12Y42         FDRE (Prop_fdre_C_Q)         0.204    82.166 f  clk_6p25MHz_reg/Q
                         net (fo=3, routed)           0.604    82.771    clk_6p25MHz
    BUFGCTRL_X0Y2        BUFG (Prop_bufg_I_O)         0.029    82.800 f  clk_6p25MHz_BUFG_inst/O
                         net (fo=115, routed)         0.848    83.647    oled_display/CLK
    SLICE_X4Y25          FDRE                                         r  oled_display/spi_word_reg[0]/C  (IS_INVERTED)
                         clock pessimism             -0.244    83.403    
    SLICE_X4Y25          FDRE (Hold_fdre_C_D)         0.098    83.501    oled_display/spi_word_reg[0]
  -------------------------------------------------------------------
                         required time                        -83.501    
                         arrival time                          84.132    
  -------------------------------------------------------------------
                         slack                                  0.631    





---------------------------------------------------------------------------------------------------
From Clock:  clk_movement
  To Clock:  clk_6p25MHz

Setup :            0  Failing Endpoints,  Worst Slack       63.714ns,  Total Violation        0.000ns
Hold  :            0  Failing Endpoints,  Worst Slack 22222138.000ns,  Total Violation        0.000ns
---------------------------------------------------------------------------------------------------


Max Delay Paths
--------------------------------------------------------------------------------------
Slack (MET) :             63.714ns  (required time - arrival time)
  Source:                 merge_controller/array_positions_y_reg[0][5]/C
                            (rising edge-triggered cell FDCE clocked by clk_movement  {rise@0.000ns fall@11111110.000ns period=22222220.000ns})
  Destination:            oled_display/spi_word_reg[26]/D
                            (falling edge-triggered cell FDRE clocked by clk_6p25MHz  {rise@0.000ns fall@80.000ns period=160.000ns})
  Path Group:             clk_6p25MHz
  Path Type:              Setup (Max at Slow Process Corner)
  Requirement:            80.000ns  (clk_6p25MHz fall@80.000ns - clk_movement rise@0.000ns)
  Data Path Delay:        16.334ns  (logic 2.402ns (14.706%)  route 13.932ns (85.294%))
  Logic Levels:           12  (LUT2=1 LUT4=1 LUT5=2 LUT6=8)
  Clock Path Skew:        0.051ns (DCD - SCD + CPR)
    Destination Clock Delay (DCD):    7.855ns = ( 87.855 - 80.000 ) 
    Source Clock Delay      (SCD):    7.984ns
    Clock Pessimism Removal (CPR):    0.180ns
  Clock Uncertainty:      0.035ns  ((TSJ^2 + TIJ^2)^1/2 + DJ) / 2 + PE
    Total System Jitter     (TSJ):    0.071ns
    Total Input Jitter      (TIJ):    0.000ns
    Discrete Jitter          (DJ):    0.000ns
    Phase Error              (PE):    0.000ns

    Location             Delay type                Incr(ns)  Path(ns)    Netlist Resource(s)
  -------------------------------------------------------------------    -------------------
                         (clock clk_movement rise edge)
                                                      0.000     0.000 r  
    W5                                                0.000     0.000 r  clk (IN)
                         net (fo=0)                   0.000     0.000    clk
    W5                   IBUF (Prop_ibuf_I_O)         1.458     1.458 r  clk_IBUF_inst/O
                         net (fo=1, routed)           1.967     3.425    clk_IBUF
    BUFGCTRL_X0Y1        BUFG (Prop_bufg_I_O)         0.096     3.521 r  clk_IBUF_BUFG_inst/O
                         net (fo=194, routed)         1.564     5.085    clk_IBUF_BUFG
    SLICE_X35Y46         FDRE (Prop_fdre_C_Q)         0.456     5.541 r  clk_movement_reg/Q
                         net (fo=2, routed)           0.708     6.249    clk_movement
    BUFGCTRL_X0Y0        BUFG (Prop_bufg_I_O)         0.096     6.345 r  clk_movement_BUFG_inst/O
                         net (fo=206, routed)         1.639     7.984    merge_controller/clk_movement_BUFG
    SLICE_X0Y1           FDCE                                         r  merge_controller/array_positions_y_reg[0][5]/C
  -------------------------------------------------------------------    -------------------
    SLICE_X0Y1           FDCE (Prop_fdce_C_Q)         0.456     8.440 f  merge_controller/array_positions_y_reg[0][5]/Q
                         net (fo=14, routed)          1.952    10.392    merge_controller/array_positions_y_flat[5]
    SLICE_X7Y7           LUT6 (Prop_lut6_I3_O)        0.124    10.516 r  merge_controller/g0_b0__5_i_8/O
                         net (fo=43, routed)          2.662    13.179    merge_controller/spi_word_reg[29]_5
    SLICE_X7Y13          LUT5 (Prop_lut5_I4_O)        0.124    13.303 r  merge_controller/g0_b0__5_i_10/O
                         net (fo=13, routed)          0.848    14.150    display_engine/frame_counter_reg[16]_4
    SLICE_X9Y13          LUT4 (Prop_lut4_I1_O)        0.150    14.300 r  display_engine/g0_b0__5_i_4/O
                         net (fo=5, routed)           1.147    15.447    display_engine/spi_word_reg[24]_8
    SLICE_X15Y12         LUT2 (Prop_lut2_I0_O)        0.354    15.801 r  display_engine/g0_b0__5_i_1/O
                         net (fo=6, routed)           1.484    17.285    merge_controller/sel[0]
    SLICE_X29Y8          LUT6 (Prop_lut6_I0_O)        0.326    17.611 f  merge_controller/g0_b2__5/O
                         net (fo=1, routed)           0.670    18.282    merge_controller/display_engine/answer_box_gen[0].answer_box_renderer/font_lookup/row_data[2]
    SLICE_X29Y8          LUT6 (Prop_lut6_I5_O)        0.124    18.406 f  merge_controller/spi_word[39]_i_61/O
                         net (fo=1, routed)           0.639    19.045    merge_controller/spi_word[39]_i_61_n_0
    SLICE_X29Y7          LUT6 (Prop_lut6_I5_O)        0.124    19.169 r  merge_controller/spi_word[39]_i_37/O
                         net (fo=2, routed)           1.694    20.863    display_engine/user_answer_array_reg[0][0]
    SLICE_X11Y15         LUT6 (Prop_lut6_I0_O)        0.124    20.987 f  display_engine/spi_word[34]_i_29/O
                         net (fo=2, routed)           0.160    21.147    merge_controller/user_answer_array_reg[0][0]_0
    SLICE_X11Y15         LUT6 (Prop_lut6_I5_O)        0.124    21.271 r  merge_controller/spi_word[28]_i_23/O
                         net (fo=1, routed)           0.811    22.082    merge_controller/spi_word[28]_i_23_n_0
    SLICE_X11Y16         LUT5 (Prop_lut5_I2_O)        0.124    22.206 r  merge_controller/spi_word[28]_i_11/O
                         net (fo=1, routed)           0.756    22.962    merge_controller/spi_word[28]_i_11_n_0
    SLICE_X8Y18          LUT6 (Prop_lut6_I4_O)        0.124    23.086 f  merge_controller/spi_word[28]_i_5/O
                         net (fo=5, routed)           1.108    24.194    oled_display/tutorial_practice_mode_reg
    SLICE_X4Y23          LUT6 (Prop_lut6_I2_O)        0.124    24.318 r  oled_display/spi_word[26]_i_1/O
                         net (fo=1, routed)           0.000    24.318    oled_display/spi_word[26]_i_1_n_0
    SLICE_X4Y23          FDRE                                         r  oled_display/spi_word_reg[26]/D
  -------------------------------------------------------------------    -------------------

                         (clock clk_6p25MHz fall edge)
                                                     80.000    80.000 r  
    W5                                                0.000    80.000 r  clk (IN)
                         net (fo=0)                   0.000    80.000    clk
    W5                   IBUF (Prop_ibuf_I_O)         1.388    81.388 r  clk_IBUF_inst/O
                         net (fo=1, routed)           1.862    83.250    clk_IBUF
    BUFGCTRL_X0Y1        BUFG (Prop_bufg_I_O)         0.091    83.341 r  clk_IBUF_BUFG_inst/O
                         net (fo=194, routed)         1.449    84.790    clk_IBUF_BUFG
    SLICE_X12Y42         FDRE (Prop_fdre_C_Q)         0.418    85.208 f  clk_6p25MHz_reg/Q
                         net (fo=3, routed)           1.053    86.262    clk_6p25MHz
    BUFGCTRL_X0Y2        BUFG (Prop_bufg_I_O)         0.091    86.353 f  clk_6p25MHz_BUFG_inst/O
                         net (fo=115, routed)         1.502    87.855    oled_display/CLK
    SLICE_X4Y23          FDRE                                         r  oled_display/spi_word_reg[26]/C  (IS_INVERTED)
                         clock pessimism              0.180    88.035    
                         clock uncertainty           -0.035    88.000    
    SLICE_X4Y23          FDRE (Setup_fdre_C_D)        0.032    88.032    oled_display/spi_word_reg[26]
  -------------------------------------------------------------------
                         required time                         88.032    
                         arrival time                         -24.318    
  -------------------------------------------------------------------
                         slack                                 63.714    

Slack (MET) :             63.721ns  (required time - arrival time)
  Source:                 merge_controller/array_positions_y_reg[0][5]/C
                            (rising edge-triggered cell FDCE clocked by clk_movement  {rise@0.000ns fall@11111110.000ns period=22222220.000ns})
  Destination:            oled_display/spi_word_reg[28]/D
                            (falling edge-triggered cell FDRE clocked by clk_6p25MHz  {rise@0.000ns fall@80.000ns period=160.000ns})
  Path Group:             clk_6p25MHz
  Path Type:              Setup (Max at Slow Process Corner)
  Requirement:            80.000ns  (clk_6p25MHz fall@80.000ns - clk_movement rise@0.000ns)
  Data Path Delay:        16.326ns  (logic 2.402ns (14.713%)  route 13.924ns (85.287%))
  Logic Levels:           12  (LUT2=1 LUT4=1 LUT5=2 LUT6=8)
  Clock Path Skew:        0.051ns (DCD - SCD + CPR)
    Destination Clock Delay (DCD):    7.855ns = ( 87.855 - 80.000 ) 
    Source Clock Delay      (SCD):    7.984ns
    Clock Pessimism Removal (CPR):    0.180ns
  Clock Uncertainty:      0.035ns  ((TSJ^2 + TIJ^2)^1/2 + DJ) / 2 + PE
    Total System Jitter     (TSJ):    0.071ns
    Total Input Jitter      (TIJ):    0.000ns
    Discrete Jitter          (DJ):    0.000ns
    Phase Error              (PE):    0.000ns

    Location             Delay type                Incr(ns)  Path(ns)    Netlist Resource(s)
  -------------------------------------------------------------------    -------------------
                         (clock clk_movement rise edge)
                                                      0.000     0.000 r  
    W5                                                0.000     0.000 r  clk (IN)
                         net (fo=0)                   0.000     0.000    clk
    W5                   IBUF (Prop_ibuf_I_O)         1.458     1.458 r  clk_IBUF_inst/O
                         net (fo=1, routed)           1.967     3.425    clk_IBUF
    BUFGCTRL_X0Y1        BUFG (Prop_bufg_I_O)         0.096     3.521 r  clk_IBUF_BUFG_inst/O
                         net (fo=194, routed)         1.564     5.085    clk_IBUF_BUFG
    SLICE_X35Y46         FDRE (Prop_fdre_C_Q)         0.456     5.541 r  clk_movement_reg/Q
                         net (fo=2, routed)           0.708     6.249    clk_movement
    BUFGCTRL_X0Y0        BUFG (Prop_bufg_I_O)         0.096     6.345 r  clk_movement_BUFG_inst/O
                         net (fo=206, routed)         1.639     7.984    merge_controller/clk_movement_BUFG
    SLICE_X0Y1           FDCE                                         r  merge_controller/array_positions_y_reg[0][5]/C
  -------------------------------------------------------------------    -------------------
    SLICE_X0Y1           FDCE (Prop_fdce_C_Q)         0.456     8.440 f  merge_controller/array_positions_y_reg[0][5]/Q
                         net (fo=14, routed)          1.952    10.392    merge_controller/array_positions_y_flat[5]
    SLICE_X7Y7           LUT6 (Prop_lut6_I3_O)        0.124    10.516 r  merge_controller/g0_b0__5_i_8/O
                         net (fo=43, routed)          2.662    13.179    merge_controller/spi_word_reg[29]_5
    SLICE_X7Y13          LUT5 (Prop_lut5_I4_O)        0.124    13.303 r  merge_controller/g0_b0__5_i_10/O
                         net (fo=13, routed)          0.848    14.150    display_engine/frame_counter_reg[16]_4
    SLICE_X9Y13          LUT4 (Prop_lut4_I1_O)        0.150    14.300 r  display_engine/g0_b0__5_i_4/O
                         net (fo=5, routed)           1.147    15.447    display_engine/spi_word_reg[24]_8
    SLICE_X15Y12         LUT2 (Prop_lut2_I0_O)        0.354    15.801 r  display_engine/g0_b0__5_i_1/O
                         net (fo=6, routed)           1.484    17.285    merge_controller/sel[0]
    SLICE_X29Y8          LUT6 (Prop_lut6_I0_O)        0.326    17.611 f  merge_controller/g0_b2__5/O
                         net (fo=1, routed)           0.670    18.282    merge_controller/display_engine/answer_box_gen[0].answer_box_renderer/font_lookup/row_data[2]
    SLICE_X29Y8          LUT6 (Prop_lut6_I5_O)        0.124    18.406 f  merge_controller/spi_word[39]_i_61/O
                         net (fo=1, routed)           0.639    19.045    merge_controller/spi_word[39]_i_61_n_0
    SLICE_X29Y7          LUT6 (Prop_lut6_I5_O)        0.124    19.169 r  merge_controller/spi_word[39]_i_37/O
                         net (fo=2, routed)           1.694    20.863    display_engine/user_answer_array_reg[0][0]
    SLICE_X11Y15         LUT6 (Prop_lut6_I0_O)        0.124    20.987 f  display_engine/spi_word[34]_i_29/O
                         net (fo=2, routed)           0.160    21.147    merge_controller/user_answer_array_reg[0][0]_0
    SLICE_X11Y15         LUT6 (Prop_lut6_I5_O)        0.124    21.271 r  merge_controller/spi_word[28]_i_23/O
                         net (fo=1, routed)           0.811    22.082    merge_controller/spi_word[28]_i_23_n_0
    SLICE_X11Y16         LUT5 (Prop_lut5_I2_O)        0.124    22.206 r  merge_controller/spi_word[28]_i_11/O
                         net (fo=1, routed)           0.756    22.962    merge_controller/spi_word[28]_i_11_n_0
    SLICE_X8Y18          LUT6 (Prop_lut6_I4_O)        0.124    23.086 f  merge_controller/spi_word[28]_i_5/O
                         net (fo=5, routed)           1.101    24.187    oled_display/tutorial_practice_mode_reg
    SLICE_X5Y23          LUT6 (Prop_lut6_I3_O)        0.124    24.311 r  oled_display/spi_word[28]_i_1/O
                         net (fo=1, routed)           0.000    24.311    oled_display/spi_word[28]_i_1_n_0
    SLICE_X5Y23          FDRE                                         r  oled_display/spi_word_reg[28]/D
  -------------------------------------------------------------------    -------------------

                         (clock clk_6p25MHz fall edge)
                                                     80.000    80.000 r  
    W5                                                0.000    80.000 r  clk (IN)
                         net (fo=0)                   0.000    80.000    clk
    W5                   IBUF (Prop_ibuf_I_O)         1.388    81.388 r  clk_IBUF_inst/O
                         net (fo=1, routed)           1.862    83.250    clk_IBUF
    BUFGCTRL_X0Y1        BUFG (Prop_bufg_I_O)         0.091    83.341 r  clk_IBUF_BUFG_inst/O
                         net (fo=194, routed)         1.449    84.790    clk_IBUF_BUFG
    SLICE_X12Y42         FDRE (Prop_fdre_C_Q)         0.418    85.208 f  clk_6p25MHz_reg/Q
                         net (fo=3, routed)           1.053    86.262    clk_6p25MHz
    BUFGCTRL_X0Y2        BUFG (Prop_bufg_I_O)         0.091    86.353 f  clk_6p25MHz_BUFG_inst/O
                         net (fo=115, routed)         1.502    87.855    oled_display/CLK
    SLICE_X5Y23          FDRE                                         r  oled_display/spi_word_reg[28]/C  (IS_INVERTED)
                         clock pessimism              0.180    88.035    
                         clock uncertainty           -0.035    88.000    
    SLICE_X5Y23          FDRE (Setup_fdre_C_D)        0.032    88.032    oled_display/spi_word_reg[28]
  -------------------------------------------------------------------
                         required time                         88.032    
                         arrival time                         -24.311    
  -------------------------------------------------------------------
                         slack                                 63.721    

Slack (MET) :             63.792ns  (required time - arrival time)
  Source:                 merge_controller/array_positions_y_reg[0][5]/C
                            (rising edge-triggered cell FDCE clocked by clk_movement  {rise@0.000ns fall@11111110.000ns period=22222220.000ns})
  Destination:            oled_display/spi_word_reg[27]/D
                            (falling edge-triggered cell FDRE clocked by clk_6p25MHz  {rise@0.000ns fall@80.000ns period=160.000ns})
  Path Group:             clk_6p25MHz
  Path Type:              Setup (Max at Slow Process Corner)
  Requirement:            80.000ns  (clk_6p25MHz fall@80.000ns - clk_movement rise@0.000ns)
  Data Path Delay:        16.258ns  (logic 2.402ns (14.774%)  route 13.856ns (85.226%))
  Logic Levels:           12  (LUT2=1 LUT4=1 LUT5=2 LUT6=8)
  Clock Path Skew:        0.052ns (DCD - SCD + CPR)
    Destination Clock Delay (DCD):    7.856ns = ( 87.856 - 80.000 ) 
    Source Clock Delay      (SCD):    7.984ns
    Clock Pessimism Removal (CPR):    0.180ns
  Clock Uncertainty:      0.035ns  ((TSJ^2 + TIJ^2)^1/2 + DJ) / 2 + PE
    Total System Jitter     (TSJ):    0.071ns
    Total Input Jitter      (TIJ):    0.000ns
    Discrete Jitter          (DJ):    0.000ns
    Phase Error              (PE):    0.000ns

    Location             Delay type                Incr(ns)  Path(ns)    Netlist Resource(s)
  -------------------------------------------------------------------    -------------------
                         (clock clk_movement rise edge)
                                                      0.000     0.000 r  
    W5                                                0.000     0.000 r  clk (IN)
                         net (fo=0)                   0.000     0.000    clk
    W5                   IBUF (Prop_ibuf_I_O)         1.458     1.458 r  clk_IBUF_inst/O
                         net (fo=1, routed)           1.967     3.425    clk_IBUF
    BUFGCTRL_X0Y1        BUFG (Prop_bufg_I_O)         0.096     3.521 r  clk_IBUF_BUFG_inst/O
                         net (fo=194, routed)         1.564     5.085    clk_IBUF_BUFG
    SLICE_X35Y46         FDRE (Prop_fdre_C_Q)         0.456     5.541 r  clk_movement_reg/Q
                         net (fo=2, routed)           0.708     6.249    clk_movement
    BUFGCTRL_X0Y0        BUFG (Prop_bufg_I_O)         0.096     6.345 r  clk_movement_BUFG_inst/O
                         net (fo=206, routed)         1.639     7.984    merge_controller/clk_movement_BUFG
    SLICE_X0Y1           FDCE                                         r  merge_controller/array_positions_y_reg[0][5]/C
  -------------------------------------------------------------------    -------------------
    SLICE_X0Y1           FDCE (Prop_fdce_C_Q)         0.456     8.440 f  merge_controller/array_positions_y_reg[0][5]/Q
                         net (fo=14, routed)          1.952    10.392    merge_controller/array_positions_y_flat[5]
    SLICE_X7Y7           LUT6 (Prop_lut6_I3_O)        0.124    10.516 r  merge_controller/g0_b0__5_i_8/O
                         net (fo=43, routed)          2.662    13.179    merge_controller/spi_word_reg[29]_5
    SLICE_X7Y13          LUT5 (Prop_lut5_I4_O)        0.124    13.303 r  merge_controller/g0_b0__5_i_10/O
                         net (fo=13, routed)          0.848    14.150    display_engine/frame_counter_reg[16]_4
    SLICE_X9Y13          LUT4 (Prop_lut4_I1_O)        0.150    14.300 r  display_engine/g0_b0__5_i_4/O
                         net (fo=5, routed)           1.147    15.447    display_engine/spi_word_reg[24]_8
    SLICE_X15Y12         LUT2 (Prop_lut2_I0_O)        0.354    15.801 r  display_engine/g0_b0__5_i_1/O
                         net (fo=6, routed)           1.484    17.285    merge_controller/sel[0]
    SLICE_X29Y8          LUT6 (Prop_lut6_I0_O)        0.326    17.611 f  merge_controller/g0_b2__5/O
                         net (fo=1, routed)           0.670    18.282    merge_controller/display_engine/answer_box_gen[0].answer_box_renderer/font_lookup/row_data[2]
    SLICE_X29Y8          LUT6 (Prop_lut6_I5_O)        0.124    18.406 f  merge_controller/spi_word[39]_i_61/O
                         net (fo=1, routed)           0.639    19.045    merge_controller/spi_word[39]_i_61_n_0
    SLICE_X29Y7          LUT6 (Prop_lut6_I5_O)        0.124    19.169 r  merge_controller/spi_word[39]_i_37/O
                         net (fo=2, routed)           1.694    20.863    display_engine/user_answer_array_reg[0][0]
    SLICE_X11Y15         LUT6 (Prop_lut6_I0_O)        0.124    20.987 f  display_engine/spi_word[34]_i_29/O
                         net (fo=2, routed)           0.160    21.147    merge_controller/user_answer_array_reg[0][0]_0
    SLICE_X11Y15         LUT6 (Prop_lut6_I5_O)        0.124    21.271 r  merge_controller/spi_word[28]_i_23/O
                         net (fo=1, routed)           0.811    22.082    merge_controller/spi_word[28]_i_23_n_0
    SLICE_X11Y16         LUT5 (Prop_lut5_I2_O)        0.124    22.206 r  merge_controller/spi_word[28]_i_11/O
                         net (fo=1, routed)           0.756    22.962    merge_controller/spi_word[28]_i_11_n_0
    SLICE_X8Y18          LUT6 (Prop_lut6_I4_O)        0.124    23.086 f  merge_controller/spi_word[28]_i_5/O
                         net (fo=5, routed)           1.032    24.118    oled_display/tutorial_practice_mode_reg
    SLICE_X4Y22          LUT6 (Prop_lut6_I3_O)        0.124    24.242 r  oled_display/spi_word[27]_i_1/O
                         net (fo=1, routed)           0.000    24.242    oled_display/spi_word[27]_i_1_n_0
    SLICE_X4Y22          FDRE                                         r  oled_display/spi_word_reg[27]/D
  -------------------------------------------------------------------    -------------------

                         (clock clk_6p25MHz fall edge)
                                                     80.000    80.000 r  
    W5                                                0.000    80.000 r  clk (IN)
                         net (fo=0)                   0.000    80.000    clk
    W5                   IBUF (Prop_ibuf_I_O)         1.388    81.388 r  clk_IBUF_inst/O
                         net (fo=1, routed)           1.862    83.250    clk_IBUF
    BUFGCTRL_X0Y1        BUFG (Prop_bufg_I_O)         0.091    83.341 r  clk_IBUF_BUFG_inst/O
                         net (fo=194, routed)         1.449    84.790    clk_IBUF_BUFG
    SLICE_X12Y42         FDRE (Prop_fdre_C_Q)         0.418    85.208 f  clk_6p25MHz_reg/Q
                         net (fo=3, routed)           1.053    86.262    clk_6p25MHz
    BUFGCTRL_X0Y2        BUFG (Prop_bufg_I_O)         0.091    86.353 f  clk_6p25MHz_BUFG_inst/O
                         net (fo=115, routed)         1.503    87.856    oled_display/CLK
    SLICE_X4Y22          FDRE                                         r  oled_display/spi_word_reg[27]/C  (IS_INVERTED)
                         clock pessimism              0.180    88.036    
                         clock uncertainty           -0.035    88.001    
    SLICE_X4Y22          FDRE (Setup_fdre_C_D)        0.034    88.035    oled_display/spi_word_reg[27]
  -------------------------------------------------------------------
                         required time                         88.035    
                         arrival time                         -24.242    
  -------------------------------------------------------------------
                         slack                                 63.792    

Slack (MET) :             63.849ns  (required time - arrival time)
  Source:                 merge_controller/array_positions_y_reg[0][5]/C
                            (rising edge-triggered cell FDCE clocked by clk_movement  {rise@0.000ns fall@11111110.000ns period=22222220.000ns})
  Destination:            oled_display/spi_word_reg[24]/D
                            (falling edge-triggered cell FDRE clocked by clk_6p25MHz  {rise@0.000ns fall@80.000ns period=160.000ns})
  Path Group:             clk_6p25MHz
  Path Type:              Setup (Max at Slow Process Corner)
  Requirement:            80.000ns  (clk_6p25MHz fall@80.000ns - clk_movement rise@0.000ns)
  Data Path Delay:        16.197ns  (logic 2.402ns (14.830%)  route 13.795ns (85.170%))
  Logic Levels:           12  (LUT2=1 LUT4=1 LUT5=2 LUT6=8)
  Clock Path Skew:        0.049ns (DCD - SCD + CPR)
    Destination Clock Delay (DCD):    7.853ns = ( 87.853 - 80.000 ) 
    Source Clock Delay      (SCD):    7.984ns
    Clock Pessimism Removal (CPR):    0.180ns
  Clock Uncertainty:      0.035ns  ((TSJ^2 + TIJ^2)^1/2 + DJ) / 2 + PE
    Total System Jitter     (TSJ):    0.071ns
    Total Input Jitter      (TIJ):    0.000ns
    Discrete Jitter          (DJ):    0.000ns
    Phase Error              (PE):    0.000ns

    Location             Delay type                Incr(ns)  Path(ns)    Netlist Resource(s)
  -------------------------------------------------------------------    -------------------
                         (clock clk_movement rise edge)
                                                      0.000     0.000 r  
    W5                                                0.000     0.000 r  clk (IN)
                         net (fo=0)                   0.000     0.000    clk
    W5                   IBUF (Prop_ibuf_I_O)         1.458     1.458 r  clk_IBUF_inst/O
                         net (fo=1, routed)           1.967     3.425    clk_IBUF
    BUFGCTRL_X0Y1        BUFG (Prop_bufg_I_O)         0.096     3.521 r  clk_IBUF_BUFG_inst/O
                         net (fo=194, routed)         1.564     5.085    clk_IBUF_BUFG
    SLICE_X35Y46         FDRE (Prop_fdre_C_Q)         0.456     5.541 r  clk_movement_reg/Q
                         net (fo=2, routed)           0.708     6.249    clk_movement
    BUFGCTRL_X0Y0        BUFG (Prop_bufg_I_O)         0.096     6.345 r  clk_movement_BUFG_inst/O
                         net (fo=206, routed)         1.639     7.984    merge_controller/clk_movement_BUFG
    SLICE_X0Y1           FDCE                                         r  merge_controller/array_positions_y_reg[0][5]/C
  -------------------------------------------------------------------    -------------------
    SLICE_X0Y1           FDCE (Prop_fdce_C_Q)         0.456     8.440 f  merge_controller/array_positions_y_reg[0][5]/Q
                         net (fo=14, routed)          1.952    10.392    merge_controller/array_positions_y_flat[5]
    SLICE_X7Y7           LUT6 (Prop_lut6_I3_O)        0.124    10.516 r  merge_controller/g0_b0__5_i_8/O
                         net (fo=43, routed)          2.662    13.179    merge_controller/spi_word_reg[29]_5
    SLICE_X7Y13          LUT5 (Prop_lut5_I4_O)        0.124    13.303 r  merge_controller/g0_b0__5_i_10/O
                         net (fo=13, routed)          0.848    14.150    display_engine/frame_counter_reg[16]_4
    SLICE_X9Y13          LUT4 (Prop_lut4_I1_O)        0.150    14.300 r  display_engine/g0_b0__5_i_4/O
                         net (fo=5, routed)           1.147    15.447    display_engine/spi_word_reg[24]_8
    SLICE_X15Y12         LUT2 (Prop_lut2_I0_O)        0.354    15.801 r  display_engine/g0_b0__5_i_1/O
                         net (fo=6, routed)           1.484    17.285    merge_controller/sel[0]
    SLICE_X29Y8          LUT6 (Prop_lut6_I0_O)        0.326    17.611 f  merge_controller/g0_b2__5/O
                         net (fo=1, routed)           0.670    18.282    merge_controller/display_engine/answer_box_gen[0].answer_box_renderer/font_lookup/row_data[2]
    SLICE_X29Y8          LUT6 (Prop_lut6_I5_O)        0.124    18.406 f  merge_controller/spi_word[39]_i_61/O
                         net (fo=1, routed)           0.639    19.045    merge_controller/spi_word[39]_i_61_n_0
    SLICE_X29Y7          LUT6 (Prop_lut6_I5_O)        0.124    19.169 r  merge_controller/spi_word[39]_i_37/O
                         net (fo=2, routed)           1.694    20.863    display_engine/user_answer_array_reg[0][0]
    SLICE_X11Y15         LUT6 (Prop_lut6_I0_O)        0.124    20.987 f  display_engine/spi_word[34]_i_29/O
                         net (fo=2, routed)           0.160    21.147    merge_controller/user_answer_array_reg[0][0]_0
    SLICE_X11Y15         LUT6 (Prop_lut6_I5_O)        0.124    21.271 r  merge_controller/spi_word[28]_i_23/O
                         net (fo=1, routed)           0.811    22.082    merge_controller/spi_word[28]_i_23_n_0
    SLICE_X11Y16         LUT5 (Prop_lut5_I2_O)        0.124    22.206 r  merge_controller/spi_word[28]_i_11/O
                         net (fo=1, routed)           0.756    22.962    merge_controller/spi_word[28]_i_11_n_0
    SLICE_X8Y18          LUT6 (Prop_lut6_I4_O)        0.124    23.086 f  merge_controller/spi_word[28]_i_5/O
                         net (fo=5, routed)           0.971    24.057    oled_display/tutorial_practice_mode_reg
    SLICE_X4Y24          LUT6 (Prop_lut6_I2_O)        0.124    24.181 r  oled_display/spi_word[24]_i_1/O
                         net (fo=1, routed)           0.000    24.181    oled_display/spi_word[24]_i_1_n_0
    SLICE_X4Y24          FDRE                                         r  oled_display/spi_word_reg[24]/D
  -------------------------------------------------------------------    -------------------

                         (clock clk_6p25MHz fall edge)
                                                     80.000    80.000 r  
    W5                                                0.000    80.000 r  clk (IN)
                         net (fo=0)                   0.000    80.000    clk
    W5                   IBUF (Prop_ibuf_I_O)         1.388    81.388 r  clk_IBUF_inst/O
                         net (fo=1, routed)           1.862    83.250    clk_IBUF
    BUFGCTRL_X0Y1        BUFG (Prop_bufg_I_O)         0.091    83.341 r  clk_IBUF_BUFG_inst/O
                         net (fo=194, routed)         1.449    84.790    clk_IBUF_BUFG
    SLICE_X12Y42         FDRE (Prop_fdre_C_Q)         0.418    85.208 f  clk_6p25MHz_reg/Q
                         net (fo=3, routed)           1.053    86.262    clk_6p25MHz
    BUFGCTRL_X0Y2        BUFG (Prop_bufg_I_O)         0.091    86.353 f  clk_6p25MHz_BUFG_inst/O
                         net (fo=115, routed)         1.500    87.853    oled_display/CLK
    SLICE_X4Y24          FDRE                                         r  oled_display/spi_word_reg[24]/C  (IS_INVERTED)
                         clock pessimism              0.180    88.033    
                         clock uncertainty           -0.035    87.998    
    SLICE_X4Y24          FDRE (Setup_fdre_C_D)        0.032    88.030    oled_display/spi_word_reg[24]
  -------------------------------------------------------------------
                         required time                         88.030    
                         arrival time                         -24.181    
  -------------------------------------------------------------------
                         slack                                 63.849    

Slack (MET) :             63.876ns  (required time - arrival time)
  Source:                 merge_controller/array_positions_y_reg[0][5]/C
                            (rising edge-triggered cell FDCE clocked by clk_movement  {rise@0.000ns fall@11111110.000ns period=22222220.000ns})
  Destination:            oled_display/spi_word_reg[25]/D
                            (falling edge-triggered cell FDRE clocked by clk_6p25MHz  {rise@0.000ns fall@80.000ns period=160.000ns})
  Path Group:             clk_6p25MHz
  Path Type:              Setup (Max at Slow Process Corner)
  Requirement:            80.000ns  (clk_6p25MHz fall@80.000ns - clk_movement rise@0.000ns)
  Data Path Delay:        16.174ns  (logic 2.402ns (14.851%)  route 13.772ns (85.149%))
  Logic Levels:           12  (LUT2=1 LUT4=1 LUT5=2 LUT6=8)
  Clock Path Skew:        0.053ns (DCD - SCD + CPR)
    Destination Clock Delay (DCD):    7.857ns = ( 87.857 - 80.000 ) 
    Source Clock Delay      (SCD):    7.984ns
    Clock Pessimism Removal (CPR):    0.180ns
  Clock Uncertainty:      0.035ns  ((TSJ^2 + TIJ^2)^1/2 + DJ) / 2 + PE
    Total System Jitter     (TSJ):    0.071ns
    Total Input Jitter      (TIJ):    0.000ns
    Discrete Jitter          (DJ):    0.000ns
    Phase Error              (PE):    0.000ns

    Location             Delay type                Incr(ns)  Path(ns)    Netlist Resource(s)
  -------------------------------------------------------------------    -------------------
                         (clock clk_movement rise edge)
                                                      0.000     0.000 r  
    W5                                                0.000     0.000 r  clk (IN)
                         net (fo=0)                   0.000     0.000    clk
    W5                   IBUF (Prop_ibuf_I_O)         1.458     1.458 r  clk_IBUF_inst/O
                         net (fo=1, routed)           1.967     3.425    clk_IBUF
    BUFGCTRL_X0Y1        BUFG (Prop_bufg_I_O)         0.096     3.521 r  clk_IBUF_BUFG_inst/O
                         net (fo=194, routed)         1.564     5.085    clk_IBUF_BUFG
    SLICE_X35Y46         FDRE (Prop_fdre_C_Q)         0.456     5.541 r  clk_movement_reg/Q
                         net (fo=2, routed)           0.708     6.249    clk_movement
    BUFGCTRL_X0Y0        BUFG (Prop_bufg_I_O)         0.096     6.345 r  clk_movement_BUFG_inst/O
                         net (fo=206, routed)         1.639     7.984    merge_controller/clk_movement_BUFG
    SLICE_X0Y1           FDCE                                         r  merge_controller/array_positions_y_reg[0][5]/C
  -------------------------------------------------------------------    -------------------
    SLICE_X0Y1           FDCE (Prop_fdce_C_Q)         0.456     8.440 f  merge_controller/array_positions_y_reg[0][5]/Q
                         net (fo=14, routed)          1.952    10.392    merge_controller/array_positions_y_flat[5]
    SLICE_X7Y7           LUT6 (Prop_lut6_I3_O)        0.124    10.516 r  merge_controller/g0_b0__5_i_8/O
                         net (fo=43, routed)          2.662    13.179    merge_controller/spi_word_reg[29]_5
    SLICE_X7Y13          LUT5 (Prop_lut5_I4_O)        0.124    13.303 r  merge_controller/g0_b0__5_i_10/O
                         net (fo=13, routed)          0.848    14.150    display_engine/frame_counter_reg[16]_4
    SLICE_X9Y13          LUT4 (Prop_lut4_I1_O)        0.150    14.300 r  display_engine/g0_b0__5_i_4/O
                         net (fo=5, routed)           1.147    15.447    display_engine/spi_word_reg[24]_8
    SLICE_X15Y12         LUT2 (Prop_lut2_I0_O)        0.354    15.801 r  display_engine/g0_b0__5_i_1/O
                         net (fo=6, routed)           1.484    17.285    merge_controller/sel[0]
    SLICE_X29Y8          LUT6 (Prop_lut6_I0_O)        0.326    17.611 f  merge_controller/g0_b2__5/O
                         net (fo=1, routed)           0.670    18.282    merge_controller/display_engine/answer_box_gen[0].answer_box_renderer/font_lookup/row_data[2]
    SLICE_X29Y8          LUT6 (Prop_lut6_I5_O)        0.124    18.406 f  merge_controller/spi_word[39]_i_61/O
                         net (fo=1, routed)           0.639    19.045    merge_controller/spi_word[39]_i_61_n_0
    SLICE_X29Y7          LUT6 (Prop_lut6_I5_O)        0.124    19.169 r  merge_controller/spi_word[39]_i_37/O
                         net (fo=2, routed)           1.694    20.863    display_engine/user_answer_array_reg[0][0]
    SLICE_X11Y15         LUT6 (Prop_lut6_I0_O)        0.124    20.987 f  display_engine/spi_word[34]_i_29/O
                         net (fo=2, routed)           0.160    21.147    merge_controller/user_answer_array_reg[0][0]_0
    SLICE_X11Y15         LUT6 (Prop_lut6_I5_O)        0.124    21.271 r  merge_controller/spi_word[28]_i_23/O
                         net (fo=1, routed)           0.811    22.082    merge_controller/spi_word[28]_i_23_n_0
    SLICE_X11Y16         LUT5 (Prop_lut5_I2_O)        0.124    22.206 r  merge_controller/spi_word[28]_i_11/O
                         net (fo=1, routed)           0.756    22.962    merge_controller/spi_word[28]_i_11_n_0
    SLICE_X8Y18          LUT6 (Prop_lut6_I4_O)        0.124    23.086 f  merge_controller/spi_word[28]_i_5/O
                         net (fo=5, routed)           0.948    24.034    oled_display/tutorial_practice_mode_reg
    SLICE_X1Y23          LUT6 (Prop_lut6_I2_O)        0.124    24.158 r  oled_display/spi_word[25]_i_1/O
                         net (fo=1, routed)           0.000    24.158    oled_display/spi_word[25]_i_1_n_0
    SLICE_X1Y23          FDRE                                         r  oled_display/spi_word_reg[25]/D
  -------------------------------------------------------------------    -------------------

                         (clock clk_6p25MHz fall edge)
                                                     80.000    80.000 r  
    W5                                                0.000    80.000 r  clk (IN)
                         net (fo=0)                   0.000    80.000    clk
    W5                   IBUF (Prop_ibuf_I_O)         1.388    81.388 r  clk_IBUF_inst/O
                         net (fo=1, routed)           1.862    83.250    clk_IBUF
    BUFGCTRL_X0Y1        BUFG (Prop_bufg_I_O)         0.091    83.341 r  clk_IBUF_BUFG_inst/O
                         net (fo=194, routed)         1.449    84.790    clk_IBUF_BUFG
    SLICE_X12Y42         FDRE (Prop_fdre_C_Q)         0.418    85.208 f  clk_6p25MHz_reg/Q
                         net (fo=3, routed)           1.053    86.262    clk_6p25MHz
    BUFGCTRL_X0Y2        BUFG (Prop_bufg_I_O)         0.091    86.353 f  clk_6p25MHz_BUFG_inst/O
                         net (fo=115, routed)         1.504    87.857    oled_display/CLK
    SLICE_X1Y23          FDRE                                         r  oled_display/spi_word_reg[25]/C  (IS_INVERTED)
                         clock pessimism              0.180    88.037    
                         clock uncertainty           -0.035    88.002    
    SLICE_X1Y23          FDRE (Setup_fdre_C_D)        0.032    88.034    oled_display/spi_word_reg[25]
  -------------------------------------------------------------------
                         required time                         88.034    
                         arrival time                         -24.158    
  -------------------------------------------------------------------
                         slack                                 63.876    

Slack (MET) :             64.004ns  (required time - arrival time)
  Source:                 merge_controller/array_positions_y_reg[0][5]/C
                            (rising edge-triggered cell FDCE clocked by clk_movement  {rise@0.000ns fall@11111110.000ns period=22222220.000ns})
  Destination:            oled_display/spi_word_reg[39]/D
                            (falling edge-triggered cell FDRE clocked by clk_6p25MHz  {rise@0.000ns fall@80.000ns period=160.000ns})
  Path Group:             clk_6p25MHz
  Path Type:              Setup (Max at Slow Process Corner)
  Requirement:            80.000ns  (clk_6p25MHz fall@80.000ns - clk_movement rise@0.000ns)
  Data Path Delay:        16.045ns  (logic 2.402ns (14.971%)  route 13.643ns (85.029%))
  Logic Levels:           12  (LUT2=1 LUT4=1 LUT5=2 LUT6=8)
  Clock Path Skew:        0.052ns (DCD - SCD + CPR)
    Destination Clock Delay (DCD):    7.856ns = ( 87.856 - 80.000 ) 
    Source Clock Delay      (SCD):    7.984ns
    Clock Pessimism Removal (CPR):    0.180ns
  Clock Uncertainty:      0.035ns  ((TSJ^2 + TIJ^2)^1/2 + DJ) / 2 + PE
    Total System Jitter     (TSJ):    0.071ns
    Total Input Jitter      (TIJ):    0.000ns
    Discrete Jitter          (DJ):    0.000ns
    Phase Error              (PE):    0.000ns

    Location             Delay type                Incr(ns)  Path(ns)    Netlist Resource(s)
  -------------------------------------------------------------------    -------------------
                         (clock clk_movement rise edge)
                                                      0.000     0.000 r  
    W5                                                0.000     0.000 r  clk (IN)
                         net (fo=0)                   0.000     0.000    clk
    W5                   IBUF (Prop_ibuf_I_O)         1.458     1.458 r  clk_IBUF_inst/O
                         net (fo=1, routed)           1.967     3.425    clk_IBUF
    BUFGCTRL_X0Y1        BUFG (Prop_bufg_I_O)         0.096     3.521 r  clk_IBUF_BUFG_inst/O
                         net (fo=194, routed)         1.564     5.085    clk_IBUF_BUFG
    SLICE_X35Y46         FDRE (Prop_fdre_C_Q)         0.456     5.541 r  clk_movement_reg/Q
                         net (fo=2, routed)           0.708     6.249    clk_movement
    BUFGCTRL_X0Y0        BUFG (Prop_bufg_I_O)         0.096     6.345 r  clk_movement_BUFG_inst/O
                         net (fo=206, routed)         1.639     7.984    merge_controller/clk_movement_BUFG
    SLICE_X0Y1           FDCE                                         r  merge_controller/array_positions_y_reg[0][5]/C
  -------------------------------------------------------------------    -------------------
    SLICE_X0Y1           FDCE (Prop_fdce_C_Q)         0.456     8.440 f  merge_controller/array_positions_y_reg[0][5]/Q
                         net (fo=14, routed)          1.952    10.392    merge_controller/array_positions_y_flat[5]
    SLICE_X7Y7           LUT6 (Prop_lut6_I3_O)        0.124    10.516 r  merge_controller/g0_b0__5_i_8/O
                         net (fo=43, routed)          2.662    13.179    merge_controller/spi_word_reg[29]_5
    SLICE_X7Y13          LUT5 (Prop_lut5_I4_O)        0.124    13.303 r  merge_controller/g0_b0__5_i_10/O
                         net (fo=13, routed)          0.848    14.150    display_engine/frame_counter_reg[16]_4
    SLICE_X9Y13          LUT4 (Prop_lut4_I1_O)        0.150    14.300 r  display_engine/g0_b0__5_i_4/O
                         net (fo=5, routed)           1.147    15.447    display_engine/spi_word_reg[24]_8
    SLICE_X15Y12         LUT2 (Prop_lut2_I0_O)        0.354    15.801 r  display_engine/g0_b0__5_i_1/O
                         net (fo=6, routed)           1.484    17.285    merge_controller/sel[0]
    SLICE_X29Y8          LUT6 (Prop_lut6_I0_O)        0.326    17.611 f  merge_controller/g0_b2__5/O
                         net (fo=1, routed)           0.670    18.282    merge_controller/display_engine/answer_box_gen[0].answer_box_renderer/font_lookup/row_data[2]
    SLICE_X29Y8          LUT6 (Prop_lut6_I5_O)        0.124    18.406 f  merge_controller/spi_word[39]_i_61/O
                         net (fo=1, routed)           0.639    19.045    merge_controller/spi_word[39]_i_61_n_0
    SLICE_X29Y7          LUT6 (Prop_lut6_I5_O)        0.124    19.169 r  merge_controller/spi_word[39]_i_37/O
                         net (fo=2, routed)           1.215    20.384    merge_controller/spi_word_reg[36]_1
    SLICE_X12Y15         LUT6 (Prop_lut6_I2_O)        0.124    20.508 r  merge_controller/spi_word[39]_i_26/O
                         net (fo=1, routed)           0.670    21.178    display_engine/answer_box_gen[3].answer_box_renderer/answer_colors_reg[0][1]
    SLICE_X12Y15         LUT6 (Prop_lut6_I0_O)        0.124    21.302 f  display_engine/answer_box_gen[3].answer_box_renderer/spi_word[39]_i_17/O
                         net (fo=1, routed)           0.806    22.107    display_engine/answer_box_gen[4].answer_box_renderer/answer_colors_reg[0][1]
    SLICE_X10Y18         LUT6 (Prop_lut6_I4_O)        0.124    22.231 r  display_engine/answer_box_gen[4].answer_box_renderer/spi_word[39]_i_11/O
                         net (fo=4, routed)           0.920    23.151    oled_display/tutorial_practice_mode_reg_3
    SLICE_X7Y21          LUT5 (Prop_lut5_I1_O)        0.124    23.275 f  oled_display/spi_word[39]_i_8/O
                         net (fo=2, routed)           0.630    23.905    oled_display/spi_word[39]_i_8_n_0
    SLICE_X5Y22          LUT6 (Prop_lut6_I5_O)        0.124    24.029 r  oled_display/spi_word[39]_i_2/O
                         net (fo=1, routed)           0.000    24.029    oled_display/spi_word[39]_i_2_n_0
    SLICE_X5Y22          FDRE                                         r  oled_display/spi_word_reg[39]/D
  -------------------------------------------------------------------    -------------------

                         (clock clk_6p25MHz fall edge)
                                                     80.000    80.000 r  
    W5                                                0.000    80.000 r  clk (IN)
                         net (fo=0)                   0.000    80.000    clk
    W5                   IBUF (Prop_ibuf_I_O)         1.388    81.388 r  clk_IBUF_inst/O
                         net (fo=1, routed)           1.862    83.250    clk_IBUF
    BUFGCTRL_X0Y1        BUFG (Prop_bufg_I_O)         0.091    83.341 r  clk_IBUF_BUFG_inst/O
                         net (fo=194, routed)         1.449    84.790    clk_IBUF_BUFG
    SLICE_X12Y42         FDRE (Prop_fdre_C_Q)         0.418    85.208 f  clk_6p25MHz_reg/Q
                         net (fo=3, routed)           1.053    86.262    clk_6p25MHz
    BUFGCTRL_X0Y2        BUFG (Prop_bufg_I_O)         0.091    86.353 f  clk_6p25MHz_BUFG_inst/O
                         net (fo=115, routed)         1.503    87.856    oled_display/CLK
    SLICE_X5Y22          FDRE                                         r  oled_display/spi_word_reg[39]/C  (IS_INVERTED)
                         clock pessimism              0.180    88.036    
                         clock uncertainty           -0.035    88.001    
    SLICE_X5Y22          FDRE (Setup_fdre_C_D)        0.032    88.033    oled_display/spi_word_reg[39]
  -------------------------------------------------------------------
                         required time                         88.033    
                         arrival time                         -24.029    
  -------------------------------------------------------------------
                         slack                                 64.004    

Slack (MET) :             64.007ns  (required time - arrival time)
  Source:                 merge_controller/array_positions_y_reg[0][5]/C
                            (rising edge-triggered cell FDCE clocked by clk_movement  {rise@0.000ns fall@11111110.000ns period=22222220.000ns})
  Destination:            oled_display/spi_word_reg[35]/D
                            (falling edge-triggered cell FDRE clocked by clk_6p25MHz  {rise@0.000ns fall@80.000ns period=160.000ns})
  Path Group:             clk_6p25MHz
  Path Type:              Setup (Max at Slow Process Corner)
  Requirement:            80.000ns  (clk_6p25MHz fall@80.000ns - clk_movement rise@0.000ns)
  Data Path Delay:        16.043ns  (logic 2.402ns (14.972%)  route 13.641ns (85.028%))
  Logic Levels:           12  (LUT2=1 LUT4=1 LUT5=2 LUT6=8)
  Clock Path Skew:        0.052ns (DCD - SCD + CPR)
    Destination Clock Delay (DCD):    7.856ns = ( 87.856 - 80.000 ) 
    Source Clock Delay      (SCD):    7.984ns
    Clock Pessimism Removal (CPR):    0.180ns
  Clock Uncertainty:      0.035ns  ((TSJ^2 + TIJ^2)^1/2 + DJ) / 2 + PE
    Total System Jitter     (TSJ):    0.071ns
    Total Input Jitter      (TIJ):    0.000ns
    Discrete Jitter          (DJ):    0.000ns
    Phase Error              (PE):    0.000ns

    Location             Delay type                Incr(ns)  Path(ns)    Netlist Resource(s)
  -------------------------------------------------------------------    -------------------
                         (clock clk_movement rise edge)
                                                      0.000     0.000 r  
    W5                                                0.000     0.000 r  clk (IN)
                         net (fo=0)                   0.000     0.000    clk
    W5                   IBUF (Prop_ibuf_I_O)         1.458     1.458 r  clk_IBUF_inst/O
                         net (fo=1, routed)           1.967     3.425    clk_IBUF
    BUFGCTRL_X0Y1        BUFG (Prop_bufg_I_O)         0.096     3.521 r  clk_IBUF_BUFG_inst/O
                         net (fo=194, routed)         1.564     5.085    clk_IBUF_BUFG
    SLICE_X35Y46         FDRE (Prop_fdre_C_Q)         0.456     5.541 r  clk_movement_reg/Q
                         net (fo=2, routed)           0.708     6.249    clk_movement
    BUFGCTRL_X0Y0        BUFG (Prop_bufg_I_O)         0.096     6.345 r  clk_movement_BUFG_inst/O
                         net (fo=206, routed)         1.639     7.984    merge_controller/clk_movement_BUFG
    SLICE_X0Y1           FDCE                                         r  merge_controller/array_positions_y_reg[0][5]/C
  -------------------------------------------------------------------    -------------------
    SLICE_X0Y1           FDCE (Prop_fdce_C_Q)         0.456     8.440 f  merge_controller/array_positions_y_reg[0][5]/Q
                         net (fo=14, routed)          1.952    10.392    merge_controller/array_positions_y_flat[5]
    SLICE_X7Y7           LUT6 (Prop_lut6_I3_O)        0.124    10.516 r  merge_controller/g0_b0__5_i_8/O
                         net (fo=43, routed)          2.662    13.179    merge_controller/spi_word_reg[29]_5
    SLICE_X7Y13          LUT5 (Prop_lut5_I4_O)        0.124    13.303 r  merge_controller/g0_b0__5_i_10/O
                         net (fo=13, routed)          0.848    14.150    display_engine/frame_counter_reg[16]_4
    SLICE_X9Y13          LUT4 (Prop_lut4_I1_O)        0.150    14.300 r  display_engine/g0_b0__5_i_4/O
                         net (fo=5, routed)           1.147    15.447    display_engine/spi_word_reg[24]_8
    SLICE_X15Y12         LUT2 (Prop_lut2_I0_O)        0.354    15.801 r  display_engine/g0_b0__5_i_1/O
                         net (fo=6, routed)           1.484    17.285    merge_controller/sel[0]
    SLICE_X29Y8          LUT6 (Prop_lut6_I0_O)        0.326    17.611 f  merge_controller/g0_b2__5/O
                         net (fo=1, routed)           0.670    18.282    merge_controller/display_engine/answer_box_gen[0].answer_box_renderer/font_lookup/row_data[2]
    SLICE_X29Y8          LUT6 (Prop_lut6_I5_O)        0.124    18.406 f  merge_controller/spi_word[39]_i_61/O
                         net (fo=1, routed)           0.639    19.045    merge_controller/spi_word[39]_i_61_n_0
    SLICE_X29Y7          LUT6 (Prop_lut6_I5_O)        0.124    19.169 r  merge_controller/spi_word[39]_i_37/O
                         net (fo=2, routed)           1.215    20.384    merge_controller/spi_word_reg[36]_1
    SLICE_X12Y15         LUT6 (Prop_lut6_I2_O)        0.124    20.508 r  merge_controller/spi_word[39]_i_26/O
                         net (fo=1, routed)           0.670    21.178    display_engine/answer_box_gen[3].answer_box_renderer/answer_colors_reg[0][1]
    SLICE_X12Y15         LUT6 (Prop_lut6_I0_O)        0.124    21.302 f  display_engine/answer_box_gen[3].answer_box_renderer/spi_word[39]_i_17/O
                         net (fo=1, routed)           0.806    22.107    display_engine/answer_box_gen[4].answer_box_renderer/answer_colors_reg[0][1]
    SLICE_X10Y18         LUT6 (Prop_lut6_I4_O)        0.124    22.231 r  display_engine/answer_box_gen[4].answer_box_renderer/spi_word[39]_i_11/O
                         net (fo=4, routed)           0.920    23.151    oled_display/tutorial_practice_mode_reg_3
    SLICE_X7Y21          LUT5 (Prop_lut5_I1_O)        0.124    23.275 f  oled_display/spi_word[39]_i_8/O
                         net (fo=2, routed)           0.629    23.904    oled_display/spi_word[39]_i_8_n_0
    SLICE_X7Y22          LUT6 (Prop_lut6_I2_O)        0.124    24.028 r  oled_display/spi_word[35]_i_1/O
                         net (fo=1, routed)           0.000    24.028    oled_display/spi_word[35]_i_1_n_0
    SLICE_X7Y22          FDRE                                         r  oled_display/spi_word_reg[35]/D
  -------------------------------------------------------------------    -------------------

                         (clock clk_6p25MHz fall edge)
                                                     80.000    80.000 r  
    W5                                                0.000    80.000 r  clk (IN)
                         net (fo=0)                   0.000    80.000    clk
    W5                   IBUF (Prop_ibuf_I_O)         1.388    81.388 r  clk_IBUF_inst/O
                         net (fo=1, routed)           1.862    83.250    clk_IBUF
    BUFGCTRL_X0Y1        BUFG (Prop_bufg_I_O)         0.091    83.341 r  clk_IBUF_BUFG_inst/O
                         net (fo=194, routed)         1.449    84.790    clk_IBUF_BUFG
    SLICE_X12Y42         FDRE (Prop_fdre_C_Q)         0.418    85.208 f  clk_6p25MHz_reg/Q
                         net (fo=3, routed)           1.053    86.262    clk_6p25MHz
    BUFGCTRL_X0Y2        BUFG (Prop_bufg_I_O)         0.091    86.353 f  clk_6p25MHz_BUFG_inst/O
                         net (fo=115, routed)         1.503    87.856    oled_display/CLK
    SLICE_X7Y22          FDRE                                         r  oled_display/spi_word_reg[35]/C  (IS_INVERTED)
                         clock pessimism              0.180    88.036    
                         clock uncertainty           -0.035    88.001    
    SLICE_X7Y22          FDRE (Setup_fdre_C_D)        0.034    88.035    oled_display/spi_word_reg[35]
  -------------------------------------------------------------------
                         required time                         88.035    
                         arrival time                         -24.028    
  -------------------------------------------------------------------
                         slack                                 64.007    

Slack (MET) :             64.057ns  (required time - arrival time)
  Source:                 merge_controller/array_positions_y_reg[0][5]/C
                            (rising edge-triggered cell FDCE clocked by clk_movement  {rise@0.000ns fall@11111110.000ns period=22222220.000ns})
  Destination:            oled_display/spi_word_reg[37]/D
                            (falling edge-triggered cell FDRE clocked by clk_6p25MHz  {rise@0.000ns fall@80.000ns period=160.000ns})
  Path Group:             clk_6p25MHz
  Path Type:              Setup (Max at Slow Process Corner)
  Requirement:            80.000ns  (clk_6p25MHz fall@80.000ns - clk_movement rise@0.000ns)
  Data Path Delay:        16.044ns  (logic 2.402ns (14.971%)  route 13.642ns (85.029%))
  Logic Levels:           12  (LUT2=1 LUT4=1 LUT5=1 LUT6=9)
  Clock Path Skew:        0.051ns (DCD - SCD + CPR)
    Destination Clock Delay (DCD):    7.855ns = ( 87.855 - 80.000 ) 
    Source Clock Delay      (SCD):    7.984ns
    Clock Pessimism Removal (CPR):    0.180ns
  Clock Uncertainty:      0.035ns  ((TSJ^2 + TIJ^2)^1/2 + DJ) / 2 + PE
    Total System Jitter     (TSJ):    0.071ns
    Total Input Jitter      (TIJ):    0.000ns
    Discrete Jitter          (DJ):    0.000ns
    Phase Error              (PE):    0.000ns

    Location             Delay type                Incr(ns)  Path(ns)    Netlist Resource(s)
  -------------------------------------------------------------------    -------------------
                         (clock clk_movement rise edge)
                                                      0.000     0.000 r  
    W5                                                0.000     0.000 r  clk (IN)
                         net (fo=0)                   0.000     0.000    clk
    W5                   IBUF (Prop_ibuf_I_O)         1.458     1.458 r  clk_IBUF_inst/O
                         net (fo=1, routed)           1.967     3.425    clk_IBUF
    BUFGCTRL_X0Y1        BUFG (Prop_bufg_I_O)         0.096     3.521 r  clk_IBUF_BUFG_inst/O
                         net (fo=194, routed)         1.564     5.085    clk_IBUF_BUFG
    SLICE_X35Y46         FDRE (Prop_fdre_C_Q)         0.456     5.541 r  clk_movement_reg/Q
                         net (fo=2, routed)           0.708     6.249    clk_movement
    BUFGCTRL_X0Y0        BUFG (Prop_bufg_I_O)         0.096     6.345 r  clk_movement_BUFG_inst/O
                         net (fo=206, routed)         1.639     7.984    merge_controller/clk_movement_BUFG
    SLICE_X0Y1           FDCE                                         r  merge_controller/array_positions_y_reg[0][5]/C
  -------------------------------------------------------------------    -------------------
    SLICE_X0Y1           FDCE (Prop_fdce_C_Q)         0.456     8.440 f  merge_controller/array_positions_y_reg[0][5]/Q
                         net (fo=14, routed)          1.952    10.392    merge_controller/array_positions_y_flat[5]
    SLICE_X7Y7           LUT6 (Prop_lut6_I3_O)        0.124    10.516 r  merge_controller/g0_b0__5_i_8/O
                         net (fo=43, routed)          2.662    13.179    merge_controller/spi_word_reg[29]_5
    SLICE_X7Y13          LUT5 (Prop_lut5_I4_O)        0.124    13.303 r  merge_controller/g0_b0__5_i_10/O
                         net (fo=13, routed)          0.848    14.150    display_engine/frame_counter_reg[16]_4
    SLICE_X9Y13          LUT4 (Prop_lut4_I1_O)        0.150    14.300 r  display_engine/g0_b0__5_i_4/O
                         net (fo=5, routed)           1.147    15.447    display_engine/spi_word_reg[24]_8
    SLICE_X15Y12         LUT2 (Prop_lut2_I0_O)        0.354    15.801 r  display_engine/g0_b0__5_i_1/O
                         net (fo=6, routed)           1.484    17.285    merge_controller/sel[0]
    SLICE_X29Y8          LUT6 (Prop_lut6_I0_O)        0.326    17.611 f  merge_controller/g0_b2__5/O
                         net (fo=1, routed)           0.670    18.282    merge_controller/display_engine/answer_box_gen[0].answer_box_renderer/font_lookup/row_data[2]
    SLICE_X29Y8          LUT6 (Prop_lut6_I5_O)        0.124    18.406 f  merge_controller/spi_word[39]_i_61/O
                         net (fo=1, routed)           0.639    19.045    merge_controller/spi_word[39]_i_61_n_0
    SLICE_X29Y7          LUT6 (Prop_lut6_I5_O)        0.124    19.169 r  merge_controller/spi_word[39]_i_37/O
                         net (fo=2, routed)           1.215    20.384    merge_controller/spi_word_reg[36]_1
    SLICE_X12Y15         LUT6 (Prop_lut6_I2_O)        0.124    20.508 r  merge_controller/spi_word[39]_i_26/O
                         net (fo=1, routed)           0.670    21.178    display_engine/answer_box_gen[3].answer_box_renderer/answer_colors_reg[0][1]
    SLICE_X12Y15         LUT6 (Prop_lut6_I0_O)        0.124    21.302 f  display_engine/answer_box_gen[3].answer_box_renderer/spi_word[39]_i_17/O
                         net (fo=1, routed)           0.806    22.107    display_engine/answer_box_gen[4].answer_box_renderer/answer_colors_reg[0][1]
    SLICE_X10Y18         LUT6 (Prop_lut6_I4_O)        0.124    22.231 r  display_engine/answer_box_gen[4].answer_box_renderer/spi_word[39]_i_11/O
                         net (fo=4, routed)           1.009    23.240    oled_display/tutorial_practice_mode_reg_3
    SLICE_X6Y23          LUT6 (Prop_lut6_I5_O)        0.124    23.364 f  oled_display/spi_word[37]_i_4/O
                         net (fo=1, routed)           0.541    23.905    oled_display/spi_word[37]_i_4_n_0
    SLICE_X6Y23          LUT6 (Prop_lut6_I2_O)        0.124    24.029 r  oled_display/spi_word[37]_i_1/O
                         net (fo=1, routed)           0.000    24.029    oled_display/spi_word[37]_i_1_n_0
    SLICE_X6Y23          FDRE                                         r  oled_display/spi_word_reg[37]/D
  -------------------------------------------------------------------    -------------------

                         (clock clk_6p25MHz fall edge)
                                                     80.000    80.000 r  
    W5                                                0.000    80.000 r  clk (IN)
                         net (fo=0)                   0.000    80.000    clk
    W5                   IBUF (Prop_ibuf_I_O)         1.388    81.388 r  clk_IBUF_inst/O
                         net (fo=1, routed)           1.862    83.250    clk_IBUF
    BUFGCTRL_X0Y1        BUFG (Prop_bufg_I_O)         0.091    83.341 r  clk_IBUF_BUFG_inst/O
                         net (fo=194, routed)         1.449    84.790    clk_IBUF_BUFG
    SLICE_X12Y42         FDRE (Prop_fdre_C_Q)         0.418    85.208 f  clk_6p25MHz_reg/Q
                         net (fo=3, routed)           1.053    86.262    clk_6p25MHz
    BUFGCTRL_X0Y2        BUFG (Prop_bufg_I_O)         0.091    86.353 f  clk_6p25MHz_BUFG_inst/O
                         net (fo=115, routed)         1.502    87.855    oled_display/CLK
    SLICE_X6Y23          FDRE                                         r  oled_display/spi_word_reg[37]/C  (IS_INVERTED)
                         clock pessimism              0.180    88.035    
                         clock uncertainty           -0.035    88.000    
    SLICE_X6Y23          FDRE (Setup_fdre_C_D)        0.086    88.086    oled_display/spi_word_reg[37]
  -------------------------------------------------------------------
                         required time                         88.086    
                         arrival time                         -24.029    
  -------------------------------------------------------------------
                         slack                                 64.057    

Slack (MET) :             64.156ns  (required time - arrival time)
  Source:                 merge_controller/array_positions_y_reg[0][5]/C
                            (rising edge-triggered cell FDCE clocked by clk_movement  {rise@0.000ns fall@11111110.000ns period=22222220.000ns})
  Destination:            oled_display/spi_word_reg[36]/D
                            (falling edge-triggered cell FDRE clocked by clk_6p25MHz  {rise@0.000ns fall@80.000ns period=160.000ns})
  Path Group:             clk_6p25MHz
  Path Type:              Setup (Max at Slow Process Corner)
  Requirement:            80.000ns  (clk_6p25MHz fall@80.000ns - clk_movement rise@0.000ns)
  Data Path Delay:        15.891ns  (logic 2.402ns (15.115%)  route 13.489ns (84.885%))
  Logic Levels:           12  (LUT2=1 LUT4=2 LUT5=1 LUT6=8)
  Clock Path Skew:        0.051ns (DCD - SCD + CPR)
    Destination Clock Delay (DCD):    7.855ns = ( 87.855 - 80.000 ) 
    Source Clock Delay      (SCD):    7.984ns
    Clock Pessimism Removal (CPR):    0.180ns
  Clock Uncertainty:      0.035ns  ((TSJ^2 + TIJ^2)^1/2 + DJ) / 2 + PE
    Total System Jitter     (TSJ):    0.071ns
    Total Input Jitter      (TIJ):    0.000ns
    Discrete Jitter          (DJ):    0.000ns
    Phase Error              (PE):    0.000ns

    Location             Delay type                Incr(ns)  Path(ns)    Netlist Resource(s)
  -------------------------------------------------------------------    -------------------
                         (clock clk_movement rise edge)
                                                      0.000     0.000 r  
    W5                                                0.000     0.000 r  clk (IN)
                         net (fo=0)                   0.000     0.000    clk
    W5                   IBUF (Prop_ibuf_I_O)         1.458     1.458 r  clk_IBUF_inst/O
                         net (fo=1, routed)           1.967     3.425    clk_IBUF
    BUFGCTRL_X0Y1        BUFG (Prop_bufg_I_O)         0.096     3.521 r  clk_IBUF_BUFG_inst/O
                         net (fo=194, routed)         1.564     5.085    clk_IBUF_BUFG
    SLICE_X35Y46         FDRE (Prop_fdre_C_Q)         0.456     5.541 r  clk_movement_reg/Q
                         net (fo=2, routed)           0.708     6.249    clk_movement
    BUFGCTRL_X0Y0        BUFG (Prop_bufg_I_O)         0.096     6.345 r  clk_movement_BUFG_inst/O
                         net (fo=206, routed)         1.639     7.984    merge_controller/clk_movement_BUFG
    SLICE_X0Y1           FDCE                                         r  merge_controller/array_positions_y_reg[0][5]/C
  -------------------------------------------------------------------    -------------------
    SLICE_X0Y1           FDCE (Prop_fdce_C_Q)         0.456     8.440 f  merge_controller/array_positions_y_reg[0][5]/Q
                         net (fo=14, routed)          1.952    10.392    merge_controller/array_positions_y_flat[5]
    SLICE_X7Y7           LUT6 (Prop_lut6_I3_O)        0.124    10.516 r  merge_controller/g0_b0__5_i_8/O
                         net (fo=43, routed)          2.662    13.179    merge_controller/spi_word_reg[29]_5
    SLICE_X7Y13          LUT5 (Prop_lut5_I4_O)        0.124    13.303 r  merge_controller/g0_b0__5_i_10/O
                         net (fo=13, routed)          0.848    14.150    display_engine/frame_counter_reg[16]_4
    SLICE_X9Y13          LUT4 (Prop_lut4_I1_O)        0.150    14.300 r  display_engine/g0_b0__5_i_4/O
                         net (fo=5, routed)           1.147    15.447    display_engine/spi_word_reg[24]_8
    SLICE_X15Y12         LUT2 (Prop_lut2_I0_O)        0.354    15.801 r  display_engine/g0_b0__5_i_1/O
                         net (fo=6, routed)           1.484    17.285    merge_controller/sel[0]
    SLICE_X29Y8          LUT6 (Prop_lut6_I0_O)        0.326    17.611 f  merge_controller/g0_b2__5/O
                         net (fo=1, routed)           0.670    18.282    merge_controller/display_engine/answer_box_gen[0].answer_box_renderer/font_lookup/row_data[2]
    SLICE_X29Y8          LUT6 (Prop_lut6_I5_O)        0.124    18.406 f  merge_controller/spi_word[39]_i_61/O
                         net (fo=1, routed)           0.639    19.045    merge_controller/spi_word[39]_i_61_n_0
    SLICE_X29Y7          LUT6 (Prop_lut6_I5_O)        0.124    19.169 r  merge_controller/spi_word[39]_i_37/O
                         net (fo=2, routed)           1.215    20.384    merge_controller/spi_word_reg[36]_1
    SLICE_X12Y15         LUT6 (Prop_lut6_I2_O)        0.124    20.508 r  merge_controller/spi_word[39]_i_26/O
                         net (fo=1, routed)           0.670    21.178    display_engine/answer_box_gen[3].answer_box_renderer/answer_colors_reg[0][1]
    SLICE_X12Y15         LUT6 (Prop_lut6_I0_O)        0.124    21.302 f  display_engine/answer_box_gen[3].answer_box_renderer/spi_word[39]_i_17/O
                         net (fo=1, routed)           0.806    22.107    display_engine/answer_box_gen[4].answer_box_renderer/answer_colors_reg[0][1]
    SLICE_X10Y18         LUT6 (Prop_lut6_I4_O)        0.124    22.231 r  display_engine/answer_box_gen[4].answer_box_renderer/spi_word[39]_i_11/O
                         net (fo=4, routed)           0.993    23.225    oled_display/tutorial_practice_mode_reg_3
    SLICE_X7Y23          LUT6 (Prop_lut6_I0_O)        0.124    23.349 f  oled_display/spi_word[36]_i_3/O
                         net (fo=1, routed)           0.403    23.752    oled_display/spi_word[36]_i_3_n_0
    SLICE_X7Y23          LUT4 (Prop_lut4_I3_O)        0.124    23.876 r  oled_display/spi_word[36]_i_1/O
                         net (fo=1, routed)           0.000    23.876    oled_display/spi_word[36]_i_1_n_0
    SLICE_X7Y23          FDRE                                         r  oled_display/spi_word_reg[36]/D
  -------------------------------------------------------------------    -------------------

                         (clock clk_6p25MHz fall edge)
                                                     80.000    80.000 r  
    W5                                                0.000    80.000 r  clk (IN)
                         net (fo=0)                   0.000    80.000    clk
    W5                   IBUF (Prop_ibuf_I_O)         1.388    81.388 r  clk_IBUF_inst/O
                         net (fo=1, routed)           1.862    83.250    clk_IBUF
    BUFGCTRL_X0Y1        BUFG (Prop_bufg_I_O)         0.091    83.341 r  clk_IBUF_BUFG_inst/O
                         net (fo=194, routed)         1.449    84.790    clk_IBUF_BUFG
    SLICE_X12Y42         FDRE (Prop_fdre_C_Q)         0.418    85.208 f  clk_6p25MHz_reg/Q
                         net (fo=3, routed)           1.053    86.262    clk_6p25MHz
    BUFGCTRL_X0Y2        BUFG (Prop_bufg_I_O)         0.091    86.353 f  clk_6p25MHz_BUFG_inst/O
                         net (fo=115, routed)         1.502    87.855    oled_display/CLK
    SLICE_X7Y23          FDRE                                         r  oled_display/spi_word_reg[36]/C  (IS_INVERTED)
                         clock pessimism              0.180    88.035    
                         clock uncertainty           -0.035    88.000    
    SLICE_X7Y23          FDRE (Setup_fdre_C_D)        0.032    88.032    oled_display/spi_word_reg[36]
  -------------------------------------------------------------------
                         required time                         88.032    
                         arrival time                         -23.876    
  -------------------------------------------------------------------
                         slack                                 64.156    

Slack (MET) :             64.171ns  (required time - arrival time)
  Source:                 merge_controller/array_positions_y_reg[0][5]/C
                            (rising edge-triggered cell FDCE clocked by clk_movement  {rise@0.000ns fall@11111110.000ns period=22222220.000ns})
  Destination:            oled_display/spi_word_reg[38]/D
                            (falling edge-triggered cell FDRE clocked by clk_6p25MHz  {rise@0.000ns fall@80.000ns period=160.000ns})
  Path Group:             clk_6p25MHz
  Path Type:              Setup (Max at Slow Process Corner)
  Requirement:            80.000ns  (clk_6p25MHz fall@80.000ns - clk_movement rise@0.000ns)
  Data Path Delay:        15.878ns  (logic 2.402ns (15.128%)  route 13.476ns (84.872%))
  Logic Levels:           12  (LUT2=1 LUT3=1 LUT4=1 LUT5=1 LUT6=8)
  Clock Path Skew:        0.051ns (DCD - SCD + CPR)
    Destination Clock Delay (DCD):    7.855ns = ( 87.855 - 80.000 ) 
    Source Clock Delay      (SCD):    7.984ns
    Clock Pessimism Removal (CPR):    0.180ns
  Clock Uncertainty:      0.035ns  ((TSJ^2 + TIJ^2)^1/2 + DJ) / 2 + PE
    Total System Jitter     (TSJ):    0.071ns
    Total Input Jitter      (TIJ):    0.000ns
    Discrete Jitter          (DJ):    0.000ns
    Phase Error              (PE):    0.000ns

    Location             Delay type                Incr(ns)  Path(ns)    Netlist Resource(s)
  -------------------------------------------------------------------    -------------------
                         (clock clk_movement rise edge)
                                                      0.000     0.000 r  
    W5                                                0.000     0.000 r  clk (IN)
                         net (fo=0)                   0.000     0.000    clk
    W5                   IBUF (Prop_ibuf_I_O)         1.458     1.458 r  clk_IBUF_inst/O
                         net (fo=1, routed)           1.967     3.425    clk_IBUF
    BUFGCTRL_X0Y1        BUFG (Prop_bufg_I_O)         0.096     3.521 r  clk_IBUF_BUFG_inst/O
                         net (fo=194, routed)         1.564     5.085    clk_IBUF_BUFG
    SLICE_X35Y46         FDRE (Prop_fdre_C_Q)         0.456     5.541 r  clk_movement_reg/Q
                         net (fo=2, routed)           0.708     6.249    clk_movement
    BUFGCTRL_X0Y0        BUFG (Prop_bufg_I_O)         0.096     6.345 r  clk_movement_BUFG_inst/O
                         net (fo=206, routed)         1.639     7.984    merge_controller/clk_movement_BUFG
    SLICE_X0Y1           FDCE                                         r  merge_controller/array_positions_y_reg[0][5]/C
  -------------------------------------------------------------------    -------------------
    SLICE_X0Y1           FDCE (Prop_fdce_C_Q)         0.456     8.440 f  merge_controller/array_positions_y_reg[0][5]/Q
                         net (fo=14, routed)          1.952    10.392    merge_controller/array_positions_y_flat[5]
    SLICE_X7Y7           LUT6 (Prop_lut6_I3_O)        0.124    10.516 r  merge_controller/g0_b0__5_i_8/O
                         net (fo=43, routed)          2.662    13.179    merge_controller/spi_word_reg[29]_5
    SLICE_X7Y13          LUT5 (Prop_lut5_I4_O)        0.124    13.303 r  merge_controller/g0_b0__5_i_10/O
                         net (fo=13, routed)          0.848    14.150    display_engine/frame_counter_reg[16]_4
    SLICE_X9Y13          LUT4 (Prop_lut4_I1_O)        0.150    14.300 r  display_engine/g0_b0__5_i_4/O
                         net (fo=5, routed)           1.147    15.447    display_engine/spi_word_reg[24]_8
    SLICE_X15Y12         LUT2 (Prop_lut2_I0_O)        0.354    15.801 r  display_engine/g0_b0__5_i_1/O
                         net (fo=6, routed)           1.484    17.285    merge_controller/sel[0]
    SLICE_X29Y8          LUT6 (Prop_lut6_I0_O)        0.326    17.611 f  merge_controller/g0_b2__5/O
                         net (fo=1, routed)           0.670    18.282    merge_controller/display_engine/answer_box_gen[0].answer_box_renderer/font_lookup/row_data[2]
    SLICE_X29Y8          LUT6 (Prop_lut6_I5_O)        0.124    18.406 f  merge_controller/spi_word[39]_i_61/O
                         net (fo=1, routed)           0.639    19.045    merge_controller/spi_word[39]_i_61_n_0
    SLICE_X29Y7          LUT6 (Prop_lut6_I5_O)        0.124    19.169 r  merge_controller/spi_word[39]_i_37/O
                         net (fo=2, routed)           1.215    20.384    merge_controller/spi_word_reg[36]_1
    SLICE_X12Y15         LUT6 (Prop_lut6_I2_O)        0.124    20.508 r  merge_controller/spi_word[39]_i_26/O
                         net (fo=1, routed)           0.670    21.178    display_engine/answer_box_gen[3].answer_box_renderer/answer_colors_reg[0][1]
    SLICE_X12Y15         LUT6 (Prop_lut6_I0_O)        0.124    21.302 f  display_engine/answer_box_gen[3].answer_box_renderer/spi_word[39]_i_17/O
                         net (fo=1, routed)           0.806    22.107    display_engine/answer_box_gen[4].answer_box_renderer/answer_colors_reg[0][1]
    SLICE_X10Y18         LUT6 (Prop_lut6_I4_O)        0.124    22.231 r  display_engine/answer_box_gen[4].answer_box_renderer/spi_word[39]_i_11/O
                         net (fo=4, routed)           0.904    23.135    oled_display/tutorial_practice_mode_reg_3
    SLICE_X5Y23          LUT3 (Prop_lut3_I1_O)        0.124    23.259 r  oled_display/spi_word[38]_i_2/O
                         net (fo=1, routed)           0.479    23.738    oled_display/spi_word[38]_i_2_n_0
    SLICE_X5Y23          LUT6 (Prop_lut6_I1_O)        0.124    23.862 r  oled_display/spi_word[38]_i_1/O
                         net (fo=1, routed)           0.000    23.862    oled_display/spi_word[38]_i_1_n_0
    SLICE_X5Y23          FDRE                                         r  oled_display/spi_word_reg[38]/D
  -------------------------------------------------------------------    -------------------

                         (clock clk_6p25MHz fall edge)
                                                     80.000    80.000 r  
    W5                                                0.000    80.000 r  clk (IN)
                         net (fo=0)                   0.000    80.000    clk
    W5                   IBUF (Prop_ibuf_I_O)         1.388    81.388 r  clk_IBUF_inst/O
                         net (fo=1, routed)           1.862    83.250    clk_IBUF
    BUFGCTRL_X0Y1        BUFG (Prop_bufg_I_O)         0.091    83.341 r  clk_IBUF_BUFG_inst/O
                         net (fo=194, routed)         1.449    84.790    clk_IBUF_BUFG
    SLICE_X12Y42         FDRE (Prop_fdre_C_Q)         0.418    85.208 f  clk_6p25MHz_reg/Q
                         net (fo=3, routed)           1.053    86.262    clk_6p25MHz
    BUFGCTRL_X0Y2        BUFG (Prop_bufg_I_O)         0.091    86.353 f  clk_6p25MHz_BUFG_inst/O
                         net (fo=115, routed)         1.502    87.855    oled_display/CLK
    SLICE_X5Y23          FDRE                                         r  oled_display/spi_word_reg[38]/C  (IS_INVERTED)
                         clock pessimism              0.180    88.035    
                         clock uncertainty           -0.035    88.000    
    SLICE_X5Y23          FDRE (Setup_fdre_C_D)        0.034    88.034    oled_display/spi_word_reg[38]
  -------------------------------------------------------------------
                         required time                         88.034    
                         arrival time                         -23.862    
  -------------------------------------------------------------------
                         slack                                 64.171    





Min Delay Paths
--------------------------------------------------------------------------------------
Slack (MET) :             22222138.000ns  (arrival time - required time)
  Source:                 merge_controller/answer_colors_reg[4][0]/C
                            (rising edge-triggered cell FDRE clocked by clk_movement  {rise@0.000ns fall@11111110.000ns period=22222220.000ns})
  Destination:            oled_display/spi_word_reg[24]/D
                            (falling edge-triggered cell FDRE clocked by clk_6p25MHz  {rise@0.000ns fall@80.000ns period=160.000ns})
  Path Group:             clk_6p25MHz
  Path Type:              Hold (Min at Fast Process Corner)
  Requirement:            -22222138.000ns  (clk_6p25MHz fall@80.000ns - clk_movement rise@22222220.000ns)
  Data Path Delay:        1.483ns  (logic 0.321ns (21.645%)  route 1.162ns (78.355%))
  Logic Levels:           4  (LUT5=1 LUT6=3)
  Clock Path Skew:        0.961ns (DCD - SCD - CPR)
    Destination Clock Delay (DCD):    3.647ns = ( 83.647 - 80.000 ) 
    Source Clock Delay      (SCD):    2.443ns = ( 22222222.000 - 22222220.000 ) 
    Clock Pessimism Removal (CPR):    0.244ns
  Clock Uncertainty:      0.035ns  ((TSJ^2 + TIJ^2)^1/2 + DJ) / 2 + PE
    Total System Jitter     (TSJ):    0.071ns
    Total Input Jitter      (TIJ):    0.000ns
    Discrete Jitter          (DJ):    0.000ns
    Phase Error              (PE):    0.000ns

    Location             Delay type                Incr(ns)  Path(ns)    Netlist Resource(s)
  -------------------------------------------------------------------    -------------------
                         (clock clk_movement rise edge)
                                                  22222220.000 22222220.000 r  
    W5                                                0.000 22222220.000 r  clk (IN)
                         net (fo=0)                   0.000 22222220.000    clk
    W5                   IBUF (Prop_ibuf_I_O)         0.226 22222220.000 r  clk_IBUF_inst/O
                         net (fo=1, routed)           0.631 22222220.000    clk_IBUF
    BUFGCTRL_X0Y1        BUFG (Prop_bufg_I_O)         0.026 22222220.000 r  clk_IBUF_BUFG_inst/O
                         net (fo=194, routed)         0.562 22222220.000    clk_IBUF_BUFG
    SLICE_X35Y46         FDRE (Prop_fdre_C_Q)         0.141 22222220.000 r  clk_movement_reg/Q
                         net (fo=2, routed)           0.269 22222220.000    clk_movement
    BUFGCTRL_X0Y0        BUFG (Prop_bufg_I_O)         0.026 22222220.000 r  clk_movement_BUFG_inst/O
                         net (fo=206, routed)         0.562 22222220.000    merge_controller/clk_movement_BUFG
    SLICE_X15Y14         FDRE                                         r  merge_controller/answer_colors_reg[4][0]/C
  -------------------------------------------------------------------    -------------------
    SLICE_X15Y14         FDRE (Prop_fdre_C_Q)         0.141 22222220.000 r  merge_controller/answer_colors_reg[4][0]/Q
                         net (fo=3, routed)           0.166 22222220.000    merge_controller/spi_word_reg[24]_1[4]
    SLICE_X14Y15         LUT6 (Prop_lut6_I0_O)        0.045 22222220.000 f  merge_controller/spi_word[28]_i_24/O
                         net (fo=1, routed)           0.256 22222220.000    merge_controller/spi_word[28]_i_24_n_0
    SLICE_X11Y16         LUT5 (Prop_lut5_I3_O)        0.045 22222220.000 r  merge_controller/spi_word[28]_i_11/O
                         net (fo=1, routed)           0.253 22222220.000    merge_controller/spi_word[28]_i_11_n_0
    SLICE_X8Y18          LUT6 (Prop_lut6_I4_O)        0.045 22222220.000 f  merge_controller/spi_word[28]_i_5/O
                         net (fo=5, routed)           0.487 22222220.000    oled_display/tutorial_practice_mode_reg
    SLICE_X4Y24          LUT6 (Prop_lut6_I2_O)        0.045 22222220.000 r  oled_display/spi_word[24]_i_1/O
                         net (fo=1, routed)           0.000 22222220.000    oled_display/spi_word[24]_i_1_n_0
    SLICE_X4Y24          FDRE                                         r  oled_display/spi_word_reg[24]/D
  -------------------------------------------------------------------    -------------------

                         (clock clk_6p25MHz fall edge)
                                                     80.000    80.000 r  
    W5                                                0.000    80.000 r  clk (IN)
                         net (fo=0)                   0.000    80.000    clk
    W5                   IBUF (Prop_ibuf_I_O)         0.414    80.414 r  clk_IBUF_inst/O
                         net (fo=1, routed)           0.685    81.099    clk_IBUF
    BUFGCTRL_X0Y1        BUFG (Prop_bufg_I_O)         0.029    81.128 r  clk_IBUF_BUFG_inst/O
                         net (fo=194, routed)         0.835    81.962    clk_IBUF_BUFG
    SLICE_X12Y42         FDRE (Prop_fdre_C_Q)         0.204    82.166 f  clk_6p25MHz_reg/Q
                         net (fo=3, routed)           0.604    82.771    clk_6p25MHz
    BUFGCTRL_X0Y2        BUFG (Prop_bufg_I_O)         0.029    82.800 f  clk_6p25MHz_BUFG_inst/O
                         net (fo=115, routed)         0.848    83.647    oled_display/CLK
    SLICE_X4Y24          FDRE                                         r  oled_display/spi_word_reg[24]/C  (IS_INVERTED)
                         clock pessimism             -0.244    83.403    
                         clock uncertainty            0.035    83.438    
    SLICE_X4Y24          FDRE (Hold_fdre_C_D)         0.098    83.536    oled_display/spi_word_reg[24]
  -------------------------------------------------------------------
                         required time                        -83.819    
                         arrival time                       22222222.000    
  -------------------------------------------------------------------
                         slack                              22222138.000    

Slack (MET) :             22222138.000ns  (arrival time - required time)
  Source:                 merge_controller/answer_colors_reg[4][0]/C
                            (rising edge-triggered cell FDRE clocked by clk_movement  {rise@0.000ns fall@11111110.000ns period=22222220.000ns})
  Destination:            oled_display/spi_word_reg[25]/D
                            (falling edge-triggered cell FDRE clocked by clk_6p25MHz  {rise@0.000ns fall@80.000ns period=160.000ns})
  Path Group:             clk_6p25MHz
  Path Type:              Hold (Min at Fast Process Corner)
  Requirement:            -22222138.000ns  (clk_6p25MHz fall@80.000ns - clk_movement rise@22222220.000ns)
  Data Path Delay:        1.514ns  (logic 0.321ns (21.201%)  route 1.193ns (78.799%))
  Logic Levels:           4  (LUT5=1 LUT6=3)
  Clock Path Skew:        0.964ns (DCD - SCD - CPR)
    Destination Clock Delay (DCD):    3.650ns = ( 83.650 - 80.000 ) 
    Source Clock Delay      (SCD):    2.443ns = ( 22222222.000 - 22222220.000 ) 
    Clock Pessimism Removal (CPR):    0.244ns
  Clock Uncertainty:      0.035ns  ((TSJ^2 + TIJ^2)^1/2 + DJ) / 2 + PE
    Total System Jitter     (TSJ):    0.071ns
    Total Input Jitter      (TIJ):    0.000ns
    Discrete Jitter          (DJ):    0.000ns
    Phase Error              (PE):    0.000ns

    Location             Delay type                Incr(ns)  Path(ns)    Netlist Resource(s)
  -------------------------------------------------------------------    -------------------
                         (clock clk_movement rise edge)
                                                  22222220.000 22222220.000 r  
    W5                                                0.000 22222220.000 r  clk (IN)
                         net (fo=0)                   0.000 22222220.000    clk
    W5                   IBUF (Prop_ibuf_I_O)         0.226 22222220.000 r  clk_IBUF_inst/O
                         net (fo=1, routed)           0.631 22222220.000    clk_IBUF
    BUFGCTRL_X0Y1        BUFG (Prop_bufg_I_O)         0.026 22222220.000 r  clk_IBUF_BUFG_inst/O
                         net (fo=194, routed)         0.562 22222220.000    clk_IBUF_BUFG
    SLICE_X35Y46         FDRE (Prop_fdre_C_Q)         0.141 22222220.000 r  clk_movement_reg/Q
                         net (fo=2, routed)           0.269 22222220.000    clk_movement
    BUFGCTRL_X0Y0        BUFG (Prop_bufg_I_O)         0.026 22222220.000 r  clk_movement_BUFG_inst/O
                         net (fo=206, routed)         0.562 22222220.000    merge_controller/clk_movement_BUFG
    SLICE_X15Y14         FDRE                                         r  merge_controller/answer_colors_reg[4][0]/C
  -------------------------------------------------------------------    -------------------
    SLICE_X15Y14         FDRE (Prop_fdre_C_Q)         0.141 22222220.000 r  merge_controller/answer_colors_reg[4][0]/Q
                         net (fo=3, routed)           0.166 22222220.000    merge_controller/spi_word_reg[24]_1[4]
    SLICE_X14Y15         LUT6 (Prop_lut6_I0_O)        0.045 22222220.000 f  merge_controller/spi_word[28]_i_24/O
                         net (fo=1, routed)           0.256 22222220.000    merge_controller/spi_word[28]_i_24_n_0
    SLICE_X11Y16         LUT5 (Prop_lut5_I3_O)        0.045 22222220.000 r  merge_controller/spi_word[28]_i_11/O
                         net (fo=1, routed)           0.253 22222220.000    merge_controller/spi_word[28]_i_11_n_0
    SLICE_X8Y18          LUT6 (Prop_lut6_I4_O)        0.045 22222220.000 f  merge_controller/spi_word[28]_i_5/O
                         net (fo=5, routed)           0.518 22222220.000    oled_display/tutorial_practice_mode_reg
    SLICE_X1Y23          LUT6 (Prop_lut6_I2_O)        0.045 22222220.000 r  oled_display/spi_word[25]_i_1/O
                         net (fo=1, routed)           0.000 22222220.000    oled_display/spi_word[25]_i_1_n_0
    SLICE_X1Y23          FDRE                                         r  oled_display/spi_word_reg[25]/D
  -------------------------------------------------------------------    -------------------

                         (clock clk_6p25MHz fall edge)
                                                     80.000    80.000 r  
    W5                                                0.000    80.000 r  clk (IN)
                         net (fo=0)                   0.000    80.000    clk
    W5                   IBUF (Prop_ibuf_I_O)         0.414    80.414 r  clk_IBUF_inst/O
                         net (fo=1, routed)           0.685    81.099    clk_IBUF
    BUFGCTRL_X0Y1        BUFG (Prop_bufg_I_O)         0.029    81.128 r  clk_IBUF_BUFG_inst/O
                         net (fo=194, routed)         0.835    81.962    clk_IBUF_BUFG
    SLICE_X12Y42         FDRE (Prop_fdre_C_Q)         0.204    82.166 f  clk_6p25MHz_reg/Q
                         net (fo=3, routed)           0.604    82.771    clk_6p25MHz
    BUFGCTRL_X0Y2        BUFG (Prop_bufg_I_O)         0.029    82.800 f  clk_6p25MHz_BUFG_inst/O
                         net (fo=115, routed)         0.851    83.650    oled_display/CLK
    SLICE_X1Y23          FDRE                                         r  oled_display/spi_word_reg[25]/C  (IS_INVERTED)
                         clock pessimism             -0.244    83.406    
                         clock uncertainty            0.035    83.441    
    SLICE_X1Y23          FDRE (Hold_fdre_C_D)         0.098    83.539    oled_display/spi_word_reg[25]
  -------------------------------------------------------------------
                         required time                        -83.819    
                         arrival time                       22222222.000    
  -------------------------------------------------------------------
                         slack                              22222138.000    

Slack (MET) :             22222138.000ns  (arrival time - required time)
  Source:                 merge_controller/answer_colors_reg[4][0]/C
                            (rising edge-triggered cell FDRE clocked by clk_movement  {rise@0.000ns fall@11111110.000ns period=22222220.000ns})
  Destination:            oled_display/spi_word_reg[26]/D
                            (falling edge-triggered cell FDRE clocked by clk_6p25MHz  {rise@0.000ns fall@80.000ns period=160.000ns})
  Path Group:             clk_6p25MHz
  Path Type:              Hold (Min at Fast Process Corner)
  Requirement:            -22222138.000ns  (clk_6p25MHz fall@80.000ns - clk_movement rise@22222220.000ns)
  Data Path Delay:        1.590ns  (logic 0.321ns (20.190%)  route 1.269ns (79.810%))
  Logic Levels:           4  (LUT5=1 LUT6=3)
  Clock Path Skew:        0.962ns (DCD - SCD - CPR)
    Destination Clock Delay (DCD):    3.648ns = ( 83.648 - 80.000 ) 
    Source Clock Delay      (SCD):    2.443ns = ( 22222222.000 - 22222220.000 ) 
    Clock Pessimism Removal (CPR):    0.244ns
  Clock Uncertainty:      0.035ns  ((TSJ^2 + TIJ^2)^1/2 + DJ) / 2 + PE
    Total System Jitter     (TSJ):    0.071ns
    Total Input Jitter      (TIJ):    0.000ns
    Discrete Jitter          (DJ):    0.000ns
    Phase Error              (PE):    0.000ns

    Location             Delay type                Incr(ns)  Path(ns)    Netlist Resource(s)
  -------------------------------------------------------------------    -------------------
                         (clock clk_movement rise edge)
                                                  22222220.000 22222220.000 r  
    W5                                                0.000 22222220.000 r  clk (IN)
                         net (fo=0)                   0.000 22222220.000    clk
    W5                   IBUF (Prop_ibuf_I_O)         0.226 22222220.000 r  clk_IBUF_inst/O
                         net (fo=1, routed)           0.631 22222220.000    clk_IBUF
    BUFGCTRL_X0Y1        BUFG (Prop_bufg_I_O)         0.026 22222220.000 r  clk_IBUF_BUFG_inst/O
                         net (fo=194, routed)         0.562 22222220.000    clk_IBUF_BUFG
    SLICE_X35Y46         FDRE (Prop_fdre_C_Q)         0.141 22222220.000 r  clk_movement_reg/Q
                         net (fo=2, routed)           0.269 22222220.000    clk_movement
    BUFGCTRL_X0Y0        BUFG (Prop_bufg_I_O)         0.026 22222220.000 r  clk_movement_BUFG_inst/O
                         net (fo=206, routed)         0.562 22222220.000    merge_controller/clk_movement_BUFG
    SLICE_X15Y14         FDRE                                         r  merge_controller/answer_colors_reg[4][0]/C
  -------------------------------------------------------------------    -------------------
    SLICE_X15Y14         FDRE (Prop_fdre_C_Q)         0.141 22222220.000 r  merge_controller/answer_colors_reg[4][0]/Q
                         net (fo=3, routed)           0.166 22222220.000    merge_controller/spi_word_reg[24]_1[4]
    SLICE_X14Y15         LUT6 (Prop_lut6_I0_O)        0.045 22222220.000 f  merge_controller/spi_word[28]_i_24/O
                         net (fo=1, routed)           0.256 22222220.000    merge_controller/spi_word[28]_i_24_n_0
    SLICE_X11Y16         LUT5 (Prop_lut5_I3_O)        0.045 22222220.000 r  merge_controller/spi_word[28]_i_11/O
                         net (fo=1, routed)           0.253 22222220.000    merge_controller/spi_word[28]_i_11_n_0
    SLICE_X8Y18          LUT6 (Prop_lut6_I4_O)        0.045 22222220.000 f  merge_controller/spi_word[28]_i_5/O
                         net (fo=5, routed)           0.594 22222220.000    oled_display/tutorial_practice_mode_reg
    SLICE_X4Y23          LUT6 (Prop_lut6_I2_O)        0.045 22222220.000 r  oled_display/spi_word[26]_i_1/O
                         net (fo=1, routed)           0.000 22222220.000    oled_display/spi_word[26]_i_1_n_0
    SLICE_X4Y23          FDRE                                         r  oled_display/spi_word_reg[26]/D
  -------------------------------------------------------------------    -------------------

                         (clock clk_6p25MHz fall edge)
                                                     80.000    80.000 r  
    W5                                                0.000    80.000 r  clk (IN)
                         net (fo=0)                   0.000    80.000    clk
    W5                   IBUF (Prop_ibuf_I_O)         0.414    80.414 r  clk_IBUF_inst/O
                         net (fo=1, routed)           0.685    81.099    clk_IBUF
    BUFGCTRL_X0Y1        BUFG (Prop_bufg_I_O)         0.029    81.128 r  clk_IBUF_BUFG_inst/O
                         net (fo=194, routed)         0.835    81.962    clk_IBUF_BUFG
    SLICE_X12Y42         FDRE (Prop_fdre_C_Q)         0.204    82.166 f  clk_6p25MHz_reg/Q
                         net (fo=3, routed)           0.604    82.771    clk_6p25MHz
    BUFGCTRL_X0Y2        BUFG (Prop_bufg_I_O)         0.029    82.800 f  clk_6p25MHz_BUFG_inst/O
                         net (fo=115, routed)         0.849    83.648    oled_display/CLK
    SLICE_X4Y23          FDRE                                         r  oled_display/spi_word_reg[26]/C  (IS_INVERTED)
                         clock pessimism             -0.244    83.404    
                         clock uncertainty            0.035    83.439    
    SLICE_X4Y23          FDRE (Hold_fdre_C_D)         0.098    83.537    oled_display/spi_word_reg[26]
  -------------------------------------------------------------------
                         required time                        -83.819    
                         arrival time                       22222222.000    
  -------------------------------------------------------------------
                         slack                              22222138.000    

Slack (MET) :             22222138.000ns  (arrival time - required time)
  Source:                 merge_controller/answer_colors_reg[4][0]/C
                            (rising edge-triggered cell FDRE clocked by clk_movement  {rise@0.000ns fall@11111110.000ns period=22222220.000ns})
  Destination:            oled_display/spi_word_reg[27]/D
                            (falling edge-triggered cell FDRE clocked by clk_6p25MHz  {rise@0.000ns fall@80.000ns period=160.000ns})
  Path Group:             clk_6p25MHz
  Path Type:              Hold (Min at Fast Process Corner)
  Requirement:            -22222138.000ns  (clk_6p25MHz fall@80.000ns - clk_movement rise@22222220.000ns)
  Data Path Delay:        1.461ns  (logic 0.321ns (21.968%)  route 1.140ns (78.032%))
  Logic Levels:           4  (LUT5=1 LUT6=3)
  Clock Path Skew:        0.964ns (DCD - SCD - CPR)
    Destination Clock Delay (DCD):    3.650ns = ( 83.650 - 80.000 ) 
    Source Clock Delay      (SCD):    2.443ns = ( 22222222.000 - 22222220.000 ) 
    Clock Pessimism Removal (CPR):    0.244ns
  Clock Uncertainty:      0.035ns  ((TSJ^2 + TIJ^2)^1/2 + DJ) / 2 + PE
    Total System Jitter     (TSJ):    0.071ns
    Total Input Jitter      (TIJ):    0.000ns
    Discrete Jitter          (DJ):    0.000ns
    Phase Error              (PE):    0.000ns

    Location             Delay type                Incr(ns)  Path(ns)    Netlist Resource(s)
  -------------------------------------------------------------------    -------------------
                         (clock clk_movement rise edge)
                                                  22222220.000 22222220.000 r  
    W5                                                0.000 22222220.000 r  clk (IN)
                         net (fo=0)                   0.000 22222220.000    clk
    W5                   IBUF (Prop_ibuf_I_O)         0.226 22222220.000 r  clk_IBUF_inst/O
                         net (fo=1, routed)           0.631 22222220.000    clk_IBUF
    BUFGCTRL_X0Y1        BUFG (Prop_bufg_I_O)         0.026 22222220.000 r  clk_IBUF_BUFG_inst/O
                         net (fo=194, routed)         0.562 22222220.000    clk_IBUF_BUFG
    SLICE_X35Y46         FDRE (Prop_fdre_C_Q)         0.141 22222220.000 r  clk_movement_reg/Q
                         net (fo=2, routed)           0.269 22222220.000    clk_movement
    BUFGCTRL_X0Y0        BUFG (Prop_bufg_I_O)         0.026 22222220.000 r  clk_movement_BUFG_inst/O
                         net (fo=206, routed)         0.562 22222220.000    merge_controller/clk_movement_BUFG
    SLICE_X15Y14         FDRE                                         r  merge_controller/answer_colors_reg[4][0]/C
  -------------------------------------------------------------------    -------------------
    SLICE_X15Y14         FDRE (Prop_fdre_C_Q)         0.141 22222220.000 r  merge_controller/answer_colors_reg[4][0]/Q
                         net (fo=3, routed)           0.166 22222220.000    merge_controller/spi_word_reg[24]_1[4]
    SLICE_X14Y15         LUT6 (Prop_lut6_I0_O)        0.045 22222220.000 f  merge_controller/spi_word[28]_i_24/O
                         net (fo=1, routed)           0.256 22222220.000    merge_controller/spi_word[28]_i_24_n_0
    SLICE_X11Y16         LUT5 (Prop_lut5_I3_O)        0.045 22222220.000 r  merge_controller/spi_word[28]_i_11/O
                         net (fo=1, routed)           0.253 22222220.000    merge_controller/spi_word[28]_i_11_n_0
    SLICE_X8Y18          LUT6 (Prop_lut6_I4_O)        0.045 22222220.000 f  merge_controller/spi_word[28]_i_5/O
                         net (fo=5, routed)           0.465 22222220.000    oled_display/tutorial_practice_mode_reg
    SLICE_X4Y22          LUT6 (Prop_lut6_I3_O)        0.045 22222220.000 r  oled_display/spi_word[27]_i_1/O
                         net (fo=1, routed)           0.000 22222220.000    oled_display/spi_word[27]_i_1_n_0
    SLICE_X4Y22          FDRE                                         r  oled_display/spi_word_reg[27]/D
  -------------------------------------------------------------------    -------------------

                         (clock clk_6p25MHz fall edge)
                                                     80.000    80.000 r  
    W5                                                0.000    80.000 r  clk (IN)
                         net (fo=0)                   0.000    80.000    clk
    W5                   IBUF (Prop_ibuf_I_O)         0.414    80.414 r  clk_IBUF_inst/O
                         net (fo=1, routed)           0.685    81.099    clk_IBUF
    BUFGCTRL_X0Y1        BUFG (Prop_bufg_I_O)         0.029    81.128 r  clk_IBUF_BUFG_inst/O
                         net (fo=194, routed)         0.835    81.962    clk_IBUF_BUFG
    SLICE_X12Y42         FDRE (Prop_fdre_C_Q)         0.204    82.166 f  clk_6p25MHz_reg/Q
                         net (fo=3, routed)           0.604    82.771    clk_6p25MHz
    BUFGCTRL_X0Y2        BUFG (Prop_bufg_I_O)         0.029    82.800 f  clk_6p25MHz_BUFG_inst/O
                         net (fo=115, routed)         0.851    83.650    oled_display/CLK
    SLICE_X4Y22          FDRE                                         r  oled_display/spi_word_reg[27]/C  (IS_INVERTED)
                         clock pessimism             -0.244    83.406    
                         clock uncertainty            0.035    83.441    
    SLICE_X4Y22          FDRE (Hold_fdre_C_D)         0.099    83.540    oled_display/spi_word_reg[27]
  -------------------------------------------------------------------
                         required time                        -83.819    
                         arrival time                       22222222.000    
  -------------------------------------------------------------------
                         slack                              22222138.000    

Slack (MET) :             22222138.000ns  (arrival time - required time)
  Source:                 merge_controller/answer_colors_reg[4][0]/C
                            (rising edge-triggered cell FDRE clocked by clk_movement  {rise@0.000ns fall@11111110.000ns period=22222220.000ns})
  Destination:            oled_display/spi_word_reg[28]/D
                            (falling edge-triggered cell FDRE clocked by clk_6p25MHz  {rise@0.000ns fall@80.000ns period=160.000ns})
  Path Group:             clk_6p25MHz
  Path Type:              Hold (Min at Fast Process Corner)
  Requirement:            -22222138.000ns  (clk_6p25MHz fall@80.000ns - clk_movement rise@22222220.000ns)
  Data Path Delay:        1.583ns  (logic 0.321ns (20.284%)  route 1.262ns (79.716%))
  Logic Levels:           4  (LUT5=1 LUT6=3)
  Clock Path Skew:        0.962ns (DCD - SCD - CPR)
    Destination Clock Delay (DCD):    3.648ns = ( 83.648 - 80.000 ) 
    Source Clock Delay      (SCD):    2.443ns = ( 22222222.000 - 22222220.000 ) 
    Clock Pessimism Removal (CPR):    0.244ns
  Clock Uncertainty:      0.035ns  ((TSJ^2 + TIJ^2)^1/2 + DJ) / 2 + PE
    Total System Jitter     (TSJ):    0.071ns
    Total Input Jitter      (TIJ):    0.000ns
    Discrete Jitter          (DJ):    0.000ns
    Phase Error              (PE):    0.000ns

    Location             Delay type                Incr(ns)  Path(ns)    Netlist Resource(s)
  -------------------------------------------------------------------    -------------------
                         (clock clk_movement rise edge)
                                                  22222220.000 22222220.000 r  
    W5                                                0.000 22222220.000 r  clk (IN)
                         net (fo=0)                   0.000 22222220.000    clk
    W5                   IBUF (Prop_ibuf_I_O)         0.226 22222220.000 r  clk_IBUF_inst/O
                         net (fo=1, routed)           0.631 22222220.000    clk_IBUF
    BUFGCTRL_X0Y1        BUFG (Prop_bufg_I_O)         0.026 22222220.000 r  clk_IBUF_BUFG_inst/O
                         net (fo=194, routed)         0.562 22222220.000    clk_IBUF_BUFG
    SLICE_X35Y46         FDRE (Prop_fdre_C_Q)         0.141 22222220.000 r  clk_movement_reg/Q
                         net (fo=2, routed)           0.269 22222220.000    clk_movement
    BUFGCTRL_X0Y0        BUFG (Prop_bufg_I_O)         0.026 22222220.000 r  clk_movement_BUFG_inst/O
                         net (fo=206, routed)         0.562 22222220.000    merge_controller/clk_movement_BUFG
    SLICE_X15Y14         FDRE                                         r  merge_controller/answer_colors_reg[4][0]/C
  -------------------------------------------------------------------    -------------------
    SLICE_X15Y14         FDRE (Prop_fdre_C_Q)         0.141 22222220.000 r  merge_controller/answer_colors_reg[4][0]/Q
                         net (fo=3, routed)           0.166 22222220.000    merge_controller/spi_word_reg[24]_1[4]
    SLICE_X14Y15         LUT6 (Prop_lut6_I0_O)        0.045 22222220.000 f  merge_controller/spi_word[28]_i_24/O
                         net (fo=1, routed)           0.256 22222220.000    merge_controller/spi_word[28]_i_24_n_0
    SLICE_X11Y16         LUT5 (Prop_lut5_I3_O)        0.045 22222220.000 r  merge_controller/spi_word[28]_i_11/O
                         net (fo=1, routed)           0.253 22222220.000    merge_controller/spi_word[28]_i_11_n_0
    SLICE_X8Y18          LUT6 (Prop_lut6_I4_O)        0.045 22222220.000 f  merge_controller/spi_word[28]_i_5/O
                         net (fo=5, routed)           0.587 22222220.000    oled_display/tutorial_practice_mode_reg
    SLICE_X5Y23          LUT6 (Prop_lut6_I3_O)        0.045 22222220.000 r  oled_display/spi_word[28]_i_1/O
                         net (fo=1, routed)           0.000 22222220.000    oled_display/spi_word[28]_i_1_n_0
    SLICE_X5Y23          FDRE                                         r  oled_display/spi_word_reg[28]/D
  -------------------------------------------------------------------    -------------------

                         (clock clk_6p25MHz fall edge)
                                                     80.000    80.000 r  
    W5                                                0.000    80.000 r  clk (IN)
                         net (fo=0)                   0.000    80.000    clk
    W5                   IBUF (Prop_ibuf_I_O)         0.414    80.414 r  clk_IBUF_inst/O
                         net (fo=1, routed)           0.685    81.099    clk_IBUF
    BUFGCTRL_X0Y1        BUFG (Prop_bufg_I_O)         0.029    81.128 r  clk_IBUF_BUFG_inst/O
                         net (fo=194, routed)         0.835    81.962    clk_IBUF_BUFG
    SLICE_X12Y42         FDRE (Prop_fdre_C_Q)         0.204    82.166 f  clk_6p25MHz_reg/Q
                         net (fo=3, routed)           0.604    82.771    clk_6p25MHz
    BUFGCTRL_X0Y2        BUFG (Prop_bufg_I_O)         0.029    82.800 f  clk_6p25MHz_BUFG_inst/O
                         net (fo=115, routed)         0.849    83.648    oled_display/CLK
    SLICE_X5Y23          FDRE                                         r  oled_display/spi_word_reg[28]/C  (IS_INVERTED)
                         clock pessimism             -0.244    83.404    
                         clock uncertainty            0.035    83.439    
    SLICE_X5Y23          FDRE (Hold_fdre_C_D)         0.098    83.537    oled_display/spi_word_reg[28]
  -------------------------------------------------------------------
                         required time                        -83.819    
                         arrival time                       22222222.000    
  -------------------------------------------------------------------
                         slack                              22222138.000    

Slack (MET) :             22222138.000ns  (arrival time - required time)
  Source:                 merge_controller/answer_colors_reg[4][0]/C
                            (rising edge-triggered cell FDRE clocked by clk_movement  {rise@0.000ns fall@11111110.000ns period=22222220.000ns})
  Destination:            oled_display/spi_word_reg[29]/D
                            (falling edge-triggered cell FDRE clocked by clk_6p25MHz  {rise@0.000ns fall@80.000ns period=160.000ns})
  Path Group:             clk_6p25MHz
  Path Type:              Hold (Min at Fast Process Corner)
  Requirement:            -22222138.000ns  (clk_6p25MHz fall@80.000ns - clk_movement rise@22222220.000ns)
  Data Path Delay:        1.445ns  (logic 0.321ns (22.210%)  route 1.124ns (77.790%))
  Logic Levels:           4  (LUT6=4)
  Clock Path Skew:        0.961ns (DCD - SCD - CPR)
    Destination Clock Delay (DCD):    3.647ns = ( 83.647 - 80.000 ) 
    Source Clock Delay      (SCD):    2.443ns = ( 22222222.000 - 22222220.000 ) 
    Clock Pessimism Removal (CPR):    0.244ns
  Clock Uncertainty:      0.035ns  ((TSJ^2 + TIJ^2)^1/2 + DJ) / 2 + PE
    Total System Jitter     (TSJ):    0.071ns
    Total Input Jitter      (TIJ):    0.000ns
    Discrete Jitter          (DJ):    0.000ns
    Phase Error              (PE):    0.000ns

    Location             Delay type                Incr(ns)  Path(ns)    Netlist Resource(s)
  -------------------------------------------------------------------    -------------------
                         (clock clk_movement rise edge)
                                                  22222220.000 22222220.000 r  
    W5                                                0.000 22222220.000 r  clk (IN)
                         net (fo=0)                   0.000 22222220.000    clk
    W5                   IBUF (Prop_ibuf_I_O)         0.226 22222220.000 r  clk_IBUF_inst/O
                         net (fo=1, routed)           0.631 22222220.000    clk_IBUF
    BUFGCTRL_X0Y1        BUFG (Prop_bufg_I_O)         0.026 22222220.000 r  clk_IBUF_BUFG_inst/O
                         net (fo=194, routed)         0.562 22222220.000    clk_IBUF_BUFG
    SLICE_X35Y46         FDRE (Prop_fdre_C_Q)         0.141 22222220.000 r  clk_movement_reg/Q
                         net (fo=2, routed)           0.269 22222220.000    clk_movement
    BUFGCTRL_X0Y0        BUFG (Prop_bufg_I_O)         0.026 22222220.000 r  clk_movement_BUFG_inst/O
                         net (fo=206, routed)         0.562 22222220.000    merge_controller/clk_movement_BUFG
    SLICE_X15Y14         FDRE                                         r  merge_controller/answer_colors_reg[4][0]/C
  -------------------------------------------------------------------    -------------------
    SLICE_X15Y14         FDRE (Prop_fdre_C_Q)         0.141 22222220.000 f  merge_controller/answer_colors_reg[4][0]/Q
                         net (fo=3, routed)           0.208 22222220.000    display_engine/answer_box_gen[0].answer_box_renderer/answer_colors_flat[3]
    SLICE_X14Y15         LUT6 (Prop_lut6_I1_O)        0.045 22222220.000 f  display_engine/answer_box_gen[0].answer_box_renderer/spi_word[34]_i_12/O
                         net (fo=1, routed)           0.257 22222220.000    display_engine/answer_box_gen[0].answer_box_renderer/spi_word[34]_i_12_n_0
    SLICE_X11Y16         LUT6 (Prop_lut6_I1_O)        0.045 22222220.000 r  display_engine/answer_box_gen[0].answer_box_renderer/spi_word[34]_i_7/O
                         net (fo=3, routed)           0.237 22222220.000    display_engine/answer_box_gen[4].answer_box_renderer/answer_colors_reg[4][0]
    SLICE_X8Y20          LUT6 (Prop_lut6_I4_O)        0.045 22222220.000 f  display_engine/answer_box_gen[4].answer_box_renderer/spi_word[29]_i_4/O
                         net (fo=1, routed)           0.423 22222220.000    oled_display/tutorial_practice_mode_reg_2
    SLICE_X5Y24          LUT6 (Prop_lut6_I2_O)        0.045 22222220.000 r  oled_display/spi_word[29]_i_1/O
                         net (fo=1, routed)           0.000 22222220.000    oled_display/spi_word[29]_i_1_n_0
    SLICE_X5Y24          FDRE                                         r  oled_display/spi_word_reg[29]/D
  -------------------------------------------------------------------    -------------------

                         (clock clk_6p25MHz fall edge)
                                                     80.000    80.000 r  
    W5                                                0.000    80.000 r  clk (IN)
                         net (fo=0)                   0.000    80.000    clk
    W5                   IBUF (Prop_ibuf_I_O)         0.414    80.414 r  clk_IBUF_inst/O
                         net (fo=1, routed)           0.685    81.099    clk_IBUF
    BUFGCTRL_X0Y1        BUFG (Prop_bufg_I_O)         0.029    81.128 r  clk_IBUF_BUFG_inst/O
                         net (fo=194, routed)         0.835    81.962    clk_IBUF_BUFG
    SLICE_X12Y42         FDRE (Prop_fdre_C_Q)         0.204    82.166 f  clk_6p25MHz_reg/Q
                         net (fo=3, routed)           0.604    82.771    clk_6p25MHz
    BUFGCTRL_X0Y2        BUFG (Prop_bufg_I_O)         0.029    82.800 f  clk_6p25MHz_BUFG_inst/O
                         net (fo=115, routed)         0.848    83.647    oled_display/CLK
    SLICE_X5Y24          FDRE                                         r  oled_display/spi_word_reg[29]/C  (IS_INVERTED)
                         clock pessimism             -0.244    83.403    
                         clock uncertainty            0.035    83.438    
    SLICE_X5Y24          FDRE (Hold_fdre_C_D)         0.099    83.537    oled_display/spi_word_reg[29]
  -------------------------------------------------------------------
                         required time                        -83.819    
                         arrival time                       22222222.000    
  -------------------------------------------------------------------
                         slack                              22222138.000    

Slack (MET) :             22222138.000ns  (arrival time - required time)
  Source:                 merge_controller/array_colors_reg[1][1]/C
                            (rising edge-triggered cell FDCE clocked by clk_movement  {rise@0.000ns fall@11111110.000ns period=22222220.000ns})
  Destination:            oled_display/spi_word_reg[30]/D
                            (falling edge-triggered cell FDRE clocked by clk_6p25MHz  {rise@0.000ns fall@80.000ns period=160.000ns})
  Path Group:             clk_6p25MHz
  Path Type:              Hold (Min at Slow Process Corner)
  Requirement:            -22222138.000ns  (clk_6p25MHz fall@80.000ns - clk_movement rise@22222220.000ns)
  Data Path Delay:        2.437ns  (logic 0.718ns (29.468%)  route 1.719ns (70.532%))
  Logic Levels:           3  (LUT6=3)
  Clock Path Skew:        1.013ns (DCD - SCD - CPR)
    Destination Clock Delay (DCD):    8.507ns = ( 88.507 - 80.000 ) 
    Source Clock Delay      (SCD):    7.315ns = ( 22222228.000 - 22222220.000 ) 
    Clock Pessimism Removal (CPR):    0.180ns
  Clock Uncertainty:      0.035ns  ((TSJ^2 + TIJ^2)^1/2 + DJ) / 2 + PE
    Total System Jitter     (TSJ):    0.071ns
    Total Input Jitter      (TIJ):    0.000ns
    Discrete Jitter          (DJ):    0.000ns
    Phase Error              (PE):    0.000ns

    Location             Delay type                Incr(ns)  Path(ns)    Netlist Resource(s)
  -------------------------------------------------------------------    -------------------
                         (clock clk_movement rise edge)
                                                  22222220.000 22222220.000 r  
    W5                                                0.000 22222220.000 r  clk (IN)
                         net (fo=0)                   0.000 22222220.000    clk
    W5                   IBUF (Prop_ibuf_I_O)         1.388 22222222.000 r  clk_IBUF_inst/O
                         net (fo=1, routed)           1.862 22222224.000    clk_IBUF
    BUFGCTRL_X0Y1        BUFG (Prop_bufg_I_O)         0.091 22222224.000 r  clk_IBUF_BUFG_inst/O
                         net (fo=194, routed)         1.444 22222226.000    clk_IBUF_BUFG
    SLICE_X35Y46         FDRE (Prop_fdre_C_Q)         0.367 22222226.000 r  clk_movement_reg/Q
                         net (fo=2, routed)           0.629 22222226.000    clk_movement
    BUFGCTRL_X0Y0        BUFG (Prop_bufg_I_O)         0.091 22222226.000 r  clk_movement_BUFG_inst/O
                         net (fo=206, routed)         1.442 22222228.000    merge_controller/clk_movement_BUFG
    SLICE_X14Y17         FDCE                                         r  merge_controller/array_colors_reg[1][1]/C
  -------------------------------------------------------------------    -------------------
    SLICE_X14Y17         FDCE (Prop_fdce_C_Q)         0.418 22222228.000 r  merge_controller/array_colors_reg[1][1]/Q
                         net (fo=7, routed)           0.298 22222228.000    merge_controller/array_colors_flat[4]
    SLICE_X13Y17         LUT6 (Prop_lut6_I1_O)        0.100 22222228.000 r  merge_controller/spi_word[33]_i_10/O
                         net (fo=1, routed)           0.666 22222228.000    display_engine/answer_box_gen[4].answer_box_renderer/array_colors_reg[1][0]
    SLICE_X10Y20         LUT6 (Prop_lut6_I3_O)        0.100 22222228.000 f  display_engine/answer_box_gen[4].answer_box_renderer/spi_word[33]_i_4/O
                         net (fo=3, routed)           0.754 22222228.000    oled_display/tutorial_practice_mode_reg_0
    SLICE_X7Y24          LUT6 (Prop_lut6_I3_O)        0.100 22222228.000 r  oled_display/spi_word[30]_i_1/O
                         net (fo=1, routed)           0.000 22222228.000    oled_display/spi_word[30]_i_1_n_0
    SLICE_X7Y24          FDRE                                         r  oled_display/spi_word_reg[30]/D
  -------------------------------------------------------------------    -------------------

                         (clock clk_6p25MHz fall edge)
                                                     80.000    80.000 r  
    W5                                                0.000    80.000 r  clk (IN)
                         net (fo=0)                   0.000    80.000    clk
    W5                   IBUF (Prop_ibuf_I_O)         1.458    81.458 r  clk_IBUF_inst/O
                         net (fo=1, routed)           1.967    83.425    clk_IBUF
    BUFGCTRL_X0Y1        BUFG (Prop_bufg_I_O)         0.096    83.521 r  clk_IBUF_BUFG_inst/O
                         net (fo=194, routed)         1.568    85.089    clk_IBUF_BUFG
    SLICE_X12Y42         FDRE (Prop_fdre_C_Q)         0.518    85.607 f  clk_6p25MHz_reg/Q
                         net (fo=3, routed)           1.188    86.796    clk_6p25MHz
    BUFGCTRL_X0Y2        BUFG (Prop_bufg_I_O)         0.096    86.892 f  clk_6p25MHz_BUFG_inst/O
                         net (fo=115, routed)         1.615    88.507    oled_display/CLK
    SLICE_X7Y24          FDRE                                         r  oled_display/spi_word_reg[30]/C  (IS_INVERTED)
                         clock pessimism             -0.180    88.327    
                         clock uncertainty            0.035    88.363    
    SLICE_X7Y24          FDRE (Hold_fdre_C_D)         0.272    88.635    oled_display/spi_word_reg[30]
  -------------------------------------------------------------------
                         required time                        -89.407    
                         arrival time                       22222228.000    
  -------------------------------------------------------------------
                         slack                              22222138.000    

Slack (MET) :             22222138.000ns  (arrival time - required time)
  Source:                 merge_controller/array_colors_reg[1][1]/C
                            (rising edge-triggered cell FDCE clocked by clk_movement  {rise@0.000ns fall@11111110.000ns period=22222220.000ns})
  Destination:            oled_display/spi_word_reg[31]/D
                            (falling edge-triggered cell FDRE clocked by clk_6p25MHz  {rise@0.000ns fall@80.000ns period=160.000ns})
  Path Group:             clk_6p25MHz
  Path Type:              Hold (Min at Slow Process Corner)
  Requirement:            -22222138.000ns  (clk_6p25MHz fall@80.000ns - clk_movement rise@22222220.000ns)
  Data Path Delay:        2.439ns  (logic 0.718ns (29.444%)  route 1.721ns (70.556%))
  Logic Levels:           3  (LUT6=3)
  Clock Path Skew:        1.013ns (DCD - SCD - CPR)
    Destination Clock Delay (DCD):    8.507ns = ( 88.507 - 80.000 ) 
    Source Clock Delay      (SCD):    7.315ns = ( 22222228.000 - 22222220.000 ) 
    Clock Pessimism Removal (CPR):    0.180ns
  Clock Uncertainty:      0.035ns  ((TSJ^2 + TIJ^2)^1/2 + DJ) / 2 + PE
    Total System Jitter     (TSJ):    0.071ns
    Total Input Jitter      (TIJ):    0.000ns
    Discrete Jitter          (DJ):    0.000ns
    Phase Error              (PE):    0.000ns

    Location             Delay type                Incr(ns)  Path(ns)    Netlist Resource(s)
  -------------------------------------------------------------------    -------------------
                         (clock clk_movement rise edge)
                                                  22222220.000 22222220.000 r  
    W5                                                0.000 22222220.000 r  clk (IN)
                         net (fo=0)                   0.000 22222220.000    clk
    W5                   IBUF (Prop_ibuf_I_O)         1.388 22222222.000 r  clk_IBUF_inst/O
                         net (fo=1, routed)           1.862 22222224.000    clk_IBUF
    BUFGCTRL_X0Y1        BUFG (Prop_bufg_I_O)         0.091 22222224.000 r  clk_IBUF_BUFG_inst/O
                         net (fo=194, routed)         1.444 22222226.000    clk_IBUF_BUFG
    SLICE_X35Y46         FDRE (Prop_fdre_C_Q)         0.367 22222226.000 r  clk_movement_reg/Q
                         net (fo=2, routed)           0.629 22222226.000    clk_movement
    BUFGCTRL_X0Y0        BUFG (Prop_bufg_I_O)         0.091 22222226.000 r  clk_movement_BUFG_inst/O
                         net (fo=206, routed)         1.442 22222228.000    merge_controller/clk_movement_BUFG
    SLICE_X14Y17         FDCE                                         r  merge_controller/array_colors_reg[1][1]/C
  -------------------------------------------------------------------    -------------------
    SLICE_X14Y17         FDCE (Prop_fdce_C_Q)         0.418 22222228.000 r  merge_controller/array_colors_reg[1][1]/Q
                         net (fo=7, routed)           0.298 22222228.000    merge_controller/array_colors_flat[4]
    SLICE_X13Y17         LUT6 (Prop_lut6_I1_O)        0.100 22222228.000 r  merge_controller/spi_word[33]_i_10/O
                         net (fo=1, routed)           0.666 22222228.000    display_engine/answer_box_gen[4].answer_box_renderer/array_colors_reg[1][0]
    SLICE_X10Y20         LUT6 (Prop_lut6_I3_O)        0.100 22222228.000 f  display_engine/answer_box_gen[4].answer_box_renderer/spi_word[33]_i_4/O
                         net (fo=3, routed)           0.756 22222228.000    oled_display/tutorial_practice_mode_reg_0
    SLICE_X7Y24          LUT6 (Prop_lut6_I3_O)        0.100 22222228.000 r  oled_display/spi_word[31]_i_1/O
                         net (fo=1, routed)           0.000 22222228.000    oled_display/spi_word[31]_i_1_n_0
    SLICE_X7Y24          FDRE                                         r  oled_display/spi_word_reg[31]/D
  -------------------------------------------------------------------    -------------------

                         (clock clk_6p25MHz fall edge)
                                                     80.000    80.000 r  
    W5                                                0.000    80.000 r  clk (IN)
                         net (fo=0)                   0.000    80.000    clk
    W5                   IBUF (Prop_ibuf_I_O)         1.458    81.458 r  clk_IBUF_inst/O
                         net (fo=1, routed)           1.967    83.425    clk_IBUF
    BUFGCTRL_X0Y1        BUFG (Prop_bufg_I_O)         0.096    83.521 r  clk_IBUF_BUFG_inst/O
                         net (fo=194, routed)         1.568    85.089    clk_IBUF_BUFG
    SLICE_X12Y42         FDRE (Prop_fdre_C_Q)         0.518    85.607 f  clk_6p25MHz_reg/Q
                         net (fo=3, routed)           1.188    86.796    clk_6p25MHz
    BUFGCTRL_X0Y2        BUFG (Prop_bufg_I_O)         0.096    86.892 f  clk_6p25MHz_BUFG_inst/O
                         net (fo=115, routed)         1.615    88.507    oled_display/CLK
    SLICE_X7Y24          FDRE                                         r  oled_display/spi_word_reg[31]/C  (IS_INVERTED)
                         clock pessimism             -0.180    88.327    
                         clock uncertainty            0.035    88.363    
    SLICE_X7Y24          FDRE (Hold_fdre_C_D)         0.273    88.636    oled_display/spi_word_reg[31]
  -------------------------------------------------------------------
                         required time                        -89.407    
                         arrival time                       22222228.000    
  -------------------------------------------------------------------
                         slack                              22222138.000    

Slack (MET) :             22222138.000ns  (arrival time - required time)
  Source:                 merge_controller/answer_colors_reg[4][0]/C
                            (rising edge-triggered cell FDRE clocked by clk_movement  {rise@0.000ns fall@11111110.000ns period=22222220.000ns})
  Destination:            oled_display/spi_word_reg[32]/D
                            (falling edge-triggered cell FDRE clocked by clk_6p25MHz  {rise@0.000ns fall@80.000ns period=160.000ns})
  Path Group:             clk_6p25MHz
  Path Type:              Hold (Min at Fast Process Corner)
  Requirement:            -22222138.000ns  (clk_6p25MHz fall@80.000ns - clk_movement rise@22222220.000ns)
  Data Path Delay:        1.396ns  (logic 0.321ns (22.988%)  route 1.075ns (77.012%))
  Logic Levels:           4  (LUT6=4)
  Clock Path Skew:        0.962ns (DCD - SCD - CPR)
    Destination Clock Delay (DCD):    3.648ns = ( 83.648 - 80.000 ) 
    Source Clock Delay      (SCD):    2.443ns = ( 22222222.000 - 22222220.000 ) 
    Clock Pessimism Removal (CPR):    0.244ns
  Clock Uncertainty:      0.035ns  ((TSJ^2 + TIJ^2)^1/2 + DJ) / 2 + PE
    Total System Jitter     (TSJ):    0.071ns
    Total Input Jitter      (TIJ):    0.000ns
    Discrete Jitter          (DJ):    0.000ns
    Phase Error              (PE):    0.000ns

    Location             Delay type                Incr(ns)  Path(ns)    Netlist Resource(s)
  -------------------------------------------------------------------    -------------------
                         (clock clk_movement rise edge)
                                                  22222220.000 22222220.000 r  
    W5                                                0.000 22222220.000 r  clk (IN)
                         net (fo=0)                   0.000 22222220.000    clk
    W5                   IBUF (Prop_ibuf_I_O)         0.226 22222220.000 r  clk_IBUF_inst/O
                         net (fo=1, routed)           0.631 22222220.000    clk_IBUF
    BUFGCTRL_X0Y1        BUFG (Prop_bufg_I_O)         0.026 22222220.000 r  clk_IBUF_BUFG_inst/O
                         net (fo=194, routed)         0.562 22222220.000    clk_IBUF_BUFG
    SLICE_X35Y46         FDRE (Prop_fdre_C_Q)         0.141 22222220.000 r  clk_movement_reg/Q
                         net (fo=2, routed)           0.269 22222220.000    clk_movement
    BUFGCTRL_X0Y0        BUFG (Prop_bufg_I_O)         0.026 22222220.000 r  clk_movement_BUFG_inst/O
                         net (fo=206, routed)         0.562 22222220.000    merge_controller/clk_movement_BUFG
    SLICE_X15Y14         FDRE                                         r  merge_controller/answer_colors_reg[4][0]/C
  -------------------------------------------------------------------    -------------------
    SLICE_X15Y14         FDRE (Prop_fdre_C_Q)         0.141 22222220.000 f  merge_controller/answer_colors_reg[4][0]/Q
                         net (fo=3, routed)           0.208 22222220.000    display_engine/answer_box_gen[0].answer_box_renderer/answer_colors_flat[3]
    SLICE_X14Y15         LUT6 (Prop_lut6_I1_O)        0.045 22222220.000 f  display_engine/answer_box_gen[0].answer_box_renderer/spi_word[34]_i_12/O
                         net (fo=1, routed)           0.257 22222220.000    display_engine/answer_box_gen[0].answer_box_renderer/spi_word[34]_i_12_n_0
    SLICE_X11Y16         LUT6 (Prop_lut6_I1_O)        0.045 22222220.000 r  display_engine/answer_box_gen[0].answer_box_renderer/spi_word[34]_i_7/O
                         net (fo=3, routed)           0.375 22222220.000    oled_display/answer_colors_reg[4][0]
    SLICE_X7Y21          LUT6 (Prop_lut6_I3_O)        0.045 22222220.000 f  oled_display/spi_word[34]_i_3/O
                         net (fo=2, routed)           0.235 22222220.000    oled_display/spi_word[34]_i_3_n_0
    SLICE_X4Y23          LUT6 (Prop_lut6_I2_O)        0.045 22222220.000 r  oled_display/spi_word[32]_i_1/O
                         net (fo=1, routed)           0.000 22222220.000    oled_display/spi_word[32]_i_1_n_0
    SLICE_X4Y23          FDRE                                         r  oled_display/spi_word_reg[32]/D
  -------------------------------------------------------------------    -------------------

                         (clock clk_6p25MHz fall edge)
                                                     80.000    80.000 r  
    W5                                                0.000    80.000 r  clk (IN)
                         net (fo=0)                   0.000    80.000    clk
    W5                   IBUF (Prop_ibuf_I_O)         0.414    80.414 r  clk_IBUF_inst/O
                         net (fo=1, routed)           0.685    81.099    clk_IBUF
    BUFGCTRL_X0Y1        BUFG (Prop_bufg_I_O)         0.029    81.128 r  clk_IBUF_BUFG_inst/O
                         net (fo=194, routed)         0.835    81.962    clk_IBUF_BUFG
    SLICE_X12Y42         FDRE (Prop_fdre_C_Q)         0.204    82.166 f  clk_6p25MHz_reg/Q
                         net (fo=3, routed)           0.604    82.771    clk_6p25MHz
    BUFGCTRL_X0Y2        BUFG (Prop_bufg_I_O)         0.029    82.800 f  clk_6p25MHz_BUFG_inst/O
                         net (fo=115, routed)         0.849    83.648    oled_display/CLK
    SLICE_X4Y23          FDRE                                         r  oled_display/spi_word_reg[32]/C  (IS_INVERTED)
                         clock pessimism             -0.244    83.404    
                         clock uncertainty            0.035    83.439    
    SLICE_X4Y23          FDRE (Hold_fdre_C_D)         0.099    83.538    oled_display/spi_word_reg[32]
  -------------------------------------------------------------------
                         required time                        -83.819    
                         arrival time                       22222222.000    
  -------------------------------------------------------------------
                         slack                              22222138.000    

Slack (MET) :             22222138.000ns  (arrival time - required time)
  Source:                 merge_controller/array_colors_reg[1][1]/C
                            (rising edge-triggered cell FDCE clocked by clk_movement  {rise@0.000ns fall@11111110.000ns period=22222220.000ns})
  Destination:            oled_display/spi_word_reg[33]/D
                            (falling edge-triggered cell FDRE clocked by clk_6p25MHz  {rise@0.000ns fall@80.000ns period=160.000ns})
  Path Group:             clk_6p25MHz
  Path Type:              Hold (Min at Slow Process Corner)
  Requirement:            -22222138.000ns  (clk_6p25MHz fall@80.000ns - clk_movement rise@22222220.000ns)
  Data Path Delay:        2.423ns  (logic 0.718ns (29.629%)  route 1.705ns (70.371%))
  Logic Levels:           3  (LUT6=3)
  Clock Path Skew:        1.013ns (DCD - SCD - CPR)
    Destination Clock Delay (DCD):    8.507ns = ( 88.507 - 80.000 ) 
    Source Clock Delay      (SCD):    7.315ns = ( 22222228.000 - 22222220.000 ) 
    Clock Pessimism Removal (CPR):    0.180ns
  Clock Uncertainty:      0.035ns  ((TSJ^2 + TIJ^2)^1/2 + DJ) / 2 + PE
    Total System Jitter     (TSJ):    0.071ns
    Total Input Jitter      (TIJ):    0.000ns
    Discrete Jitter          (DJ):    0.000ns
    Phase Error              (PE):    0.000ns

    Location             Delay type                Incr(ns)  Path(ns)    Netlist Resource(s)
  -------------------------------------------------------------------    -------------------
                         (clock clk_movement rise edge)
                                                  22222220.000 22222220.000 r  
    W5                                                0.000 22222220.000 r  clk (IN)
                         net (fo=0)                   0.000 22222220.000    clk
    W5                   IBUF (Prop_ibuf_I_O)         1.388 22222222.000 r  clk_IBUF_inst/O
                         net (fo=1, routed)           1.862 22222224.000    clk_IBUF
    BUFGCTRL_X0Y1        BUFG (Prop_bufg_I_O)         0.091 22222224.000 r  clk_IBUF_BUFG_inst/O
                         net (fo=194, routed)         1.444 22222226.000    clk_IBUF_BUFG
    SLICE_X35Y46         FDRE (Prop_fdre_C_Q)         0.367 22222226.000 r  clk_movement_reg/Q
                         net (fo=2, routed)           0.629 22222226.000    clk_movement
    BUFGCTRL_X0Y0        BUFG (Prop_bufg_I_O)         0.091 22222226.000 r  clk_movement_BUFG_inst/O
                         net (fo=206, routed)         1.442 22222228.000    merge_controller/clk_movement_BUFG
    SLICE_X14Y17         FDCE                                         r  merge_controller/array_colors_reg[1][1]/C
  -------------------------------------------------------------------    -------------------
    SLICE_X14Y17         FDCE (Prop_fdce_C_Q)         0.418 22222228.000 r  merge_controller/array_colors_reg[1][1]/Q
                         net (fo=7, routed)           0.298 22222228.000    merge_controller/array_colors_flat[4]
    SLICE_X13Y17         LUT6 (Prop_lut6_I1_O)        0.100 22222228.000 r  merge_controller/spi_word[33]_i_10/O
                         net (fo=1, routed)           0.666 22222228.000    display_engine/answer_box_gen[4].answer_box_renderer/array_colors_reg[1][0]
    SLICE_X10Y20         LUT6 (Prop_lut6_I3_O)        0.100 22222228.000 f  display_engine/answer_box_gen[4].answer_box_renderer/spi_word[33]_i_4/O
                         net (fo=3, routed)           0.740 22222228.000    oled_display/tutorial_practice_mode_reg_0
    SLICE_X6Y24          LUT6 (Prop_lut6_I3_O)        0.100 22222228.000 r  oled_display/spi_word[33]_i_1/O
                         net (fo=1, routed)           0.000 22222228.000    oled_display/spi_word[33]_i_1_n_0
    SLICE_X6Y24          FDRE                                         r  oled_display/spi_word_reg[33]/D
  -------------------------------------------------------------------    -------------------

                         (clock clk_6p25MHz fall edge)
                                                     80.000    80.000 r  
    W5                                                0.000    80.000 r  clk (IN)
                         net (fo=0)                   0.000    80.000    clk
    W5                   IBUF (Prop_ibuf_I_O)         1.458    81.458 r  clk_IBUF_inst/O
                         net (fo=1, routed)           1.967    83.425    clk_IBUF
    BUFGCTRL_X0Y1        BUFG (Prop_bufg_I_O)         0.096    83.521 r  clk_IBUF_BUFG_inst/O
                         net (fo=194, routed)         1.568    85.089    clk_IBUF_BUFG
    SLICE_X12Y42         FDRE (Prop_fdre_C_Q)         0.518    85.607 f  clk_6p25MHz_reg/Q
                         net (fo=3, routed)           1.188    86.796    clk_6p25MHz
    BUFGCTRL_X0Y2        BUFG (Prop_bufg_I_O)         0.096    86.892 f  clk_6p25MHz_BUFG_inst/O
                         net (fo=115, routed)         1.615    88.507    oled_display/CLK
    SLICE_X6Y24          FDRE                                         r  oled_display/spi_word_reg[33]/C  (IS_INVERTED)
                         clock pessimism             -0.180    88.327    
                         clock uncertainty            0.035    88.363    
    SLICE_X6Y24          FDRE (Hold_fdre_C_D)         0.339    88.702    oled_display/spi_word_reg[33]
  -------------------------------------------------------------------
                         required time                        -89.407    
                         arrival time                       22222228.000    
  -------------------------------------------------------------------
                         slack                              22222138.000    





---------------------------------------------------------------------------------------------------
From Clock:  sys_clk_pin
  To Clock:  clk_movement

Setup :            0  Failing Endpoints,  Worst Slack 22212216.000ns,  Total Violation        0.000ns
Hold  :            0  Failing Endpoints,  Worst Slack        0.039ns,  Total Violation        0.000ns
---------------------------------------------------------------------------------------------------


Max Delay Paths
--------------------------------------------------------------------------------------
Slack (MET) :             22212216.000ns  (required time - arrival time)
  Source:                 merge_controller/FSM_sequential_state_reg[2]/C
                            (rising edge-triggered cell FDCE clocked by sys_clk_pin  {rise@0.000ns fall@5.000ns period=10.000ns})
  Destination:            merge_controller/array_positions_x_reg[0][0]/CE
                            (rising edge-triggered cell FDPE clocked by clk_movement  {rise@0.000ns fall@11111110.000ns period=22222220.000ns})
  Path Group:             clk_movement
  Path Type:              Setup (Max at Slow Process Corner)
  Requirement:            22212230.000ns  (clk_movement rise@22222220.000ns - sys_clk_pin rise@9990.000ns)
  Data Path Delay:        14.604ns  (logic 0.704ns (4.821%)  route 13.900ns (95.179%))
  Logic Levels:           2  (LUT4=1 LUT6=1)
  Clock Path Skew:        2.433ns (DCD - SCD + CPR)
    Destination Clock Delay (DCD):    7.322ns = ( 22222228.000 - 22222220.000 ) 
    Source Clock Delay      (SCD):    5.068ns = ( 9995.068 - 9990.000 ) 
    Clock Pessimism Removal (CPR):    0.180ns
  Clock Uncertainty:      0.035ns  ((TSJ^2 + TIJ^2)^1/2 + DJ) / 2 + PE
    Total System Jitter     (TSJ):    0.071ns
    Total Input Jitter      (TIJ):    0.000ns
    Discrete Jitter          (DJ):    0.000ns
    Phase Error              (PE):    0.000ns

    Location             Delay type                Incr(ns)  Path(ns)    Netlist Resource(s)
  -------------------------------------------------------------------    -------------------
                         (clock sys_clk_pin rise edge)
                                                   9990.000  9990.000 r  
    W5                                                0.000  9990.000 r  clk (IN)
                         net (fo=0)                   0.000  9990.000    clk
    W5                   IBUF (Prop_ibuf_I_O)         1.458  9991.458 r  clk_IBUF_inst/O
                         net (fo=1, routed)           1.967  9993.425    clk_IBUF
    BUFGCTRL_X0Y1        BUFG (Prop_bufg_I_O)         0.096  9993.521 r  clk_IBUF_BUFG_inst/O
                         net (fo=194, routed)         1.547  9995.068    merge_controller/CLK
    SLICE_X33Y26         FDCE                                         r  merge_controller/FSM_sequential_state_reg[2]/C
  -------------------------------------------------------------------    -------------------
    SLICE_X33Y26         FDCE (Prop_fdce_C_Q)         0.456  9995.524 f  merge_controller/FSM_sequential_state_reg[2]/Q
                         net (fo=233, routed)         7.265 10002.789    merge_controller/state__0[2]
    SLICE_X14Y11         LUT4 (Prop_lut4_I3_O)        0.124 10002.913 f  merge_controller/target_y[0][5]_i_4/O
                         net (fo=24, routed)          4.783 10007.696    merge_controller/target_y[0][5]_i_4_n_0
    SLICE_X15Y9          LUT6 (Prop_lut6_I5_O)        0.124 10007.820 r  merge_controller/array_positions_x[0][6]_i_1/O
                         net (fo=7, routed)           1.852 10009.673    merge_controller/array_positions_x[0][6]_i_1_n_0
    SLICE_X15Y7          FDPE                                         r  merge_controller/array_positions_x_reg[0][0]/CE
  -------------------------------------------------------------------    -------------------

                         (clock clk_movement rise edge)
                                                  22222220.000 22222220.000 r  
    W5                                                0.000 22222220.000 r  clk (IN)
                         net (fo=0)                   0.000 22222220.000    clk
    W5                   IBUF (Prop_ibuf_I_O)         1.388 22222222.000 r  clk_IBUF_inst/O
                         net (fo=1, routed)           1.862 22222224.000    clk_IBUF
    BUFGCTRL_X0Y1        BUFG (Prop_bufg_I_O)         0.091 22222224.000 r  clk_IBUF_BUFG_inst/O
                         net (fo=194, routed)         1.444 22222226.000    clk_IBUF_BUFG
    SLICE_X35Y46         FDRE (Prop_fdre_C_Q)         0.367 22222226.000 r  clk_movement_reg/Q
                         net (fo=2, routed)           0.629 22222226.000    clk_movement
    BUFGCTRL_X0Y0        BUFG (Prop_bufg_I_O)         0.091 22222226.000 r  clk_movement_BUFG_inst/O
                         net (fo=206, routed)         1.449 22222228.000    merge_controller/clk_movement_BUFG
    SLICE_X15Y7          FDPE                                         r  merge_controller/array_positions_x_reg[0][0]/C
                         clock pessimism              0.180 22222228.000    
                         clock uncertainty           -0.035 22222228.000    
    SLICE_X15Y7          FDPE (Setup_fdpe_C_CE)      -0.205 22222228.000    merge_controller/array_positions_x_reg[0][0]
  -------------------------------------------------------------------
                         required time                      22222226.000    
                         arrival time                       -10009.672    
  -------------------------------------------------------------------
                         slack                              22212216.000    

Slack (MET) :             22212216.000ns  (required time - arrival time)
  Source:                 sw[15]
                            (input port clocked by sys_clk_pin  {rise@0.000ns fall@5.000ns period=10.000ns})
  Destination:            merge_controller/array_positions_x_reg[0][1]/CE
                            (rising edge-triggered cell FDCE clocked by clk_movement  {rise@0.000ns fall@11111110.000ns period=22222220.000ns})
  Path Group:             clk_movement
  Path Type:              Setup (Max at Slow Process Corner)
  Requirement:            22212230.000ns  (clk_movement rise@22222220.000ns - sys_clk_pin rise@9990.000ns)
  Data Path Delay:        15.743ns  (logic 1.704ns (10.825%)  route 14.038ns (89.175%))
  Logic Levels:           3  (IBUF=1 LUT4=1 LUT6=1)
  Input Delay:            4.000ns
  Clock Path Skew:        7.321ns (DCD - SCD + CPR)
    Destination Clock Delay (DCD):    7.321ns = ( 22222228.000 - 22222220.000 ) 
    Source Clock Delay      (SCD):    0.000ns = ( 9990.000 - 9990.000 ) 
    Clock Pessimism Removal (CPR):    0.000ns
  Clock Uncertainty:      0.035ns  ((TSJ^2 + TIJ^2)^1/2 + DJ) / 2 + PE
    Total System Jitter     (TSJ):    0.071ns
    Total Input Jitter      (TIJ):    0.000ns
    Discrete Jitter          (DJ):    0.000ns
    Phase Error              (PE):    0.000ns

    Location             Delay type                Incr(ns)  Path(ns)    Netlist Resource(s)
  -------------------------------------------------------------------    -------------------
                         (clock sys_clk_pin rise edge)
                                                   9990.000  9990.000 r  
                         input delay                  4.000  9994.000    
    R2                                                0.000  9994.000 f  sw[15] (IN)
                         net (fo=0)                   0.000  9994.000    sw[15]
    R2                   IBUF (Prop_ibuf_I_O)         1.456  9995.456 f  sw_IBUF[15]_inst/O
                         net (fo=187, routed)         7.588 10003.044    merge_controller/led_OBUF[0]
    SLICE_X14Y11         LUT4 (Prop_lut4_I0_O)        0.124 10003.168 f  merge_controller/target_y[0][5]_i_4/O
                         net (fo=24, routed)          4.783 10007.951    merge_controller/target_y[0][5]_i_4_n_0
    SLICE_X15Y9          LUT6 (Prop_lut6_I5_O)        0.124 10008.075 r  merge_controller/array_positions_x[0][6]_i_1/O
                         net (fo=7, routed)           1.668 10009.743    merge_controller/array_positions_x[0][6]_i_1_n_0
    SLICE_X15Y9          FDCE                                         r  merge_controller/array_positions_x_reg[0][1]/CE
  -------------------------------------------------------------------    -------------------

                         (clock clk_movement rise edge)
                                                  22222220.000 22222220.000 r  
    W5                                                0.000 22222220.000 r  clk (IN)
                         net (fo=0)                   0.000 22222220.000    clk
    W5                   IBUF (Prop_ibuf_I_O)         1.388 22222222.000 r  clk_IBUF_inst/O
                         net (fo=1, routed)           1.862 22222224.000    clk_IBUF
    BUFGCTRL_X0Y1        BUFG (Prop_bufg_I_O)         0.091 22222224.000 r  clk_IBUF_BUFG_inst/O
                         net (fo=194, routed)         1.444 22222226.000    clk_IBUF_BUFG
    SLICE_X35Y46         FDRE (Prop_fdre_C_Q)         0.367 22222226.000 r  clk_movement_reg/Q
                         net (fo=2, routed)           0.629 22222226.000    clk_movement
    BUFGCTRL_X0Y0        BUFG (Prop_bufg_I_O)         0.091 22222226.000 r  clk_movement_BUFG_inst/O
                         net (fo=206, routed)         1.448 22222228.000    merge_controller/clk_movement_BUFG
    SLICE_X15Y9          FDCE                                         r  merge_controller/array_positions_x_reg[0][1]/C
                         clock pessimism              0.000 22222228.000    
                         clock uncertainty           -0.035 22222228.000    
    SLICE_X15Y9          FDCE (Setup_fdce_C_CE)      -0.205 22222228.000    merge_controller/array_positions_x_reg[0][1]
  -------------------------------------------------------------------
                         required time                      22222226.000    
                         arrival time                       -10009.742    
  -------------------------------------------------------------------
                         slack                              22212216.000    

Slack (MET) :             22212216.000ns  (required time - arrival time)
  Source:                 sw[15]
                            (input port clocked by sys_clk_pin  {rise@0.000ns fall@5.000ns period=10.000ns})
  Destination:            merge_controller/array_positions_x_reg[0][3]/CE
                            (rising edge-triggered cell FDCE clocked by clk_movement  {rise@0.000ns fall@11111110.000ns period=22222220.000ns})
  Path Group:             clk_movement
  Path Type:              Setup (Max at Slow Process Corner)
  Requirement:            22212230.000ns  (clk_movement rise@22222220.000ns - sys_clk_pin rise@9990.000ns)
  Data Path Delay:        15.743ns  (logic 1.704ns (10.825%)  route 14.038ns (89.175%))
  Logic Levels:           3  (IBUF=1 LUT4=1 LUT6=1)
  Input Delay:            4.000ns
  Clock Path Skew:        7.321ns (DCD - SCD + CPR)
    Destination Clock Delay (DCD):    7.321ns = ( 22222228.000 - 22222220.000 ) 
    Source Clock Delay      (SCD):    0.000ns = ( 9990.000 - 9990.000 ) 
    Clock Pessimism Removal (CPR):    0.000ns
  Clock Uncertainty:      0.035ns  ((TSJ^2 + TIJ^2)^1/2 + DJ) / 2 + PE
    Total System Jitter     (TSJ):    0.071ns
    Total Input Jitter      (TIJ):    0.000ns
    Discrete Jitter          (DJ):    0.000ns
    Phase Error              (PE):    0.000ns

    Location             Delay type                Incr(ns)  Path(ns)    Netlist Resource(s)
  -------------------------------------------------------------------    -------------------
                         (clock sys_clk_pin rise edge)
                                                   9990.000  9990.000 r  
                         input delay                  4.000  9994.000    
    R2                                                0.000  9994.000 f  sw[15] (IN)
                         net (fo=0)                   0.000  9994.000    sw[15]
    R2                   IBUF (Prop_ibuf_I_O)         1.456  9995.456 f  sw_IBUF[15]_inst/O
                         net (fo=187, routed)         7.588 10003.044    merge_controller/led_OBUF[0]
    SLICE_X14Y11         LUT4 (Prop_lut4_I0_O)        0.124 10003.168 f  merge_controller/target_y[0][5]_i_4/O
                         net (fo=24, routed)          4.783 10007.951    merge_controller/target_y[0][5]_i_4_n_0
    SLICE_X15Y9          LUT6 (Prop_lut6_I5_O)        0.124 10008.075 r  merge_controller/array_positions_x[0][6]_i_1/O
                         net (fo=7, routed)           1.668 10009.743    merge_controller/array_positions_x[0][6]_i_1_n_0
    SLICE_X15Y9          FDCE                                         r  merge_controller/array_positions_x_reg[0][3]/CE
  -------------------------------------------------------------------    -------------------

                         (clock clk_movement rise edge)
                                                  22222220.000 22222220.000 r  
    W5                                                0.000 22222220.000 r  clk (IN)
                         net (fo=0)                   0.000 22222220.000    clk
    W5                   IBUF (Prop_ibuf_I_O)         1.388 22222222.000 r  clk_IBUF_inst/O
                         net (fo=1, routed)           1.862 22222224.000    clk_IBUF
    BUFGCTRL_X0Y1        BUFG (Prop_bufg_I_O)         0.091 22222224.000 r  clk_IBUF_BUFG_inst/O
                         net (fo=194, routed)         1.444 22222226.000    clk_IBUF_BUFG
    SLICE_X35Y46         FDRE (Prop_fdre_C_Q)         0.367 22222226.000 r  clk_movement_reg/Q
                         net (fo=2, routed)           0.629 22222226.000    clk_movement
    BUFGCTRL_X0Y0        BUFG (Prop_bufg_I_O)         0.091 22222226.000 r  clk_movement_BUFG_inst/O
                         net (fo=206, routed)         1.448 22222228.000    merge_controller/clk_movement_BUFG
    SLICE_X15Y9          FDCE                                         r  merge_controller/array_positions_x_reg[0][3]/C
                         clock pessimism              0.000 22222228.000    
                         clock uncertainty           -0.035 22222228.000    
    SLICE_X15Y9          FDCE (Setup_fdce_C_CE)      -0.205 22222228.000    merge_controller/array_positions_x_reg[0][3]
  -------------------------------------------------------------------
                         required time                      22222226.000    
                         arrival time                       -10009.742    
  -------------------------------------------------------------------
                         slack                              22212216.000    

Slack (MET) :             22212216.000ns  (required time - arrival time)
  Source:                 sw[15]
                            (input port clocked by sys_clk_pin  {rise@0.000ns fall@5.000ns period=10.000ns})
  Destination:            merge_controller/array_positions_x_reg[0][4]/CE
                            (rising edge-triggered cell FDCE clocked by clk_movement  {rise@0.000ns fall@11111110.000ns period=22222220.000ns})
  Path Group:             clk_movement
  Path Type:              Setup (Max at Slow Process Corner)
  Requirement:            22212230.000ns  (clk_movement rise@22222220.000ns - sys_clk_pin rise@9990.000ns)
  Data Path Delay:        15.743ns  (logic 1.704ns (10.825%)  route 14.038ns (89.175%))
  Logic Levels:           3  (IBUF=1 LUT4=1 LUT6=1)
  Input Delay:            4.000ns
  Clock Path Skew:        7.321ns (DCD - SCD + CPR)
    Destination Clock Delay (DCD):    7.321ns = ( 22222228.000 - 22222220.000 ) 
    Source Clock Delay      (SCD):    0.000ns = ( 9990.000 - 9990.000 ) 
    Clock Pessimism Removal (CPR):    0.000ns
  Clock Uncertainty:      0.035ns  ((TSJ^2 + TIJ^2)^1/2 + DJ) / 2 + PE
    Total System Jitter     (TSJ):    0.071ns
    Total Input Jitter      (TIJ):    0.000ns
    Discrete Jitter          (DJ):    0.000ns
    Phase Error              (PE):    0.000ns

    Location             Delay type                Incr(ns)  Path(ns)    Netlist Resource(s)
  -------------------------------------------------------------------    -------------------
                         (clock sys_clk_pin rise edge)
                                                   9990.000  9990.000 r  
                         input delay                  4.000  9994.000    
    R2                                                0.000  9994.000 f  sw[15] (IN)
                         net (fo=0)                   0.000  9994.000    sw[15]
    R2                   IBUF (Prop_ibuf_I_O)         1.456  9995.456 f  sw_IBUF[15]_inst/O
                         net (fo=187, routed)         7.588 10003.044    merge_controller/led_OBUF[0]
    SLICE_X14Y11         LUT4 (Prop_lut4_I0_O)        0.124 10003.168 f  merge_controller/target_y[0][5]_i_4/O
                         net (fo=24, routed)          4.783 10007.951    merge_controller/target_y[0][5]_i_4_n_0
    SLICE_X15Y9          LUT6 (Prop_lut6_I5_O)        0.124 10008.075 r  merge_controller/array_positions_x[0][6]_i_1/O
                         net (fo=7, routed)           1.668 10009.743    merge_controller/array_positions_x[0][6]_i_1_n_0
    SLICE_X15Y9          FDCE                                         r  merge_controller/array_positions_x_reg[0][4]/CE
  -------------------------------------------------------------------    -------------------

                         (clock clk_movement rise edge)
                                                  22222220.000 22222220.000 r  
    W5                                                0.000 22222220.000 r  clk (IN)
                         net (fo=0)                   0.000 22222220.000    clk
    W5                   IBUF (Prop_ibuf_I_O)         1.388 22222222.000 r  clk_IBUF_inst/O
                         net (fo=1, routed)           1.862 22222224.000    clk_IBUF
    BUFGCTRL_X0Y1        BUFG (Prop_bufg_I_O)         0.091 22222224.000 r  clk_IBUF_BUFG_inst/O
                         net (fo=194, routed)         1.444 22222226.000    clk_IBUF_BUFG
    SLICE_X35Y46         FDRE (Prop_fdre_C_Q)         0.367 22222226.000 r  clk_movement_reg/Q
                         net (fo=2, routed)           0.629 22222226.000    clk_movement
    BUFGCTRL_X0Y0        BUFG (Prop_bufg_I_O)         0.091 22222226.000 r  clk_movement_BUFG_inst/O
                         net (fo=206, routed)         1.448 22222228.000    merge_controller/clk_movement_BUFG
    SLICE_X15Y9          FDCE                                         r  merge_controller/array_positions_x_reg[0][4]/C
                         clock pessimism              0.000 22222228.000    
                         clock uncertainty           -0.035 22222228.000    
    SLICE_X15Y9          FDCE (Setup_fdce_C_CE)      -0.205 22222228.000    merge_controller/array_positions_x_reg[0][4]
  -------------------------------------------------------------------
                         required time                      22222226.000    
                         arrival time                       -10009.742    
  -------------------------------------------------------------------
                         slack                              22212216.000    

Slack (MET) :             22212216.000ns  (required time - arrival time)
  Source:                 sw[15]
                            (input port clocked by sys_clk_pin  {rise@0.000ns fall@5.000ns period=10.000ns})
  Destination:            merge_controller/array_positions_x_reg[4][1]/CE
                            (rising edge-triggered cell FDCE clocked by clk_movement  {rise@0.000ns fall@11111110.000ns period=22222220.000ns})
  Path Group:             clk_movement
  Path Type:              Setup (Max at Slow Process Corner)
  Requirement:            22212230.000ns  (clk_movement rise@22222220.000ns - sys_clk_pin rise@9990.000ns)
  Data Path Delay:        15.601ns  (logic 1.704ns (10.924%)  route 13.897ns (89.076%))
  Logic Levels:           3  (IBUF=1 LUT4=1 LUT6=1)
  Input Delay:            4.000ns
  Clock Path Skew:        7.323ns (DCD - SCD + CPR)
    Destination Clock Delay (DCD):    7.323ns = ( 22222228.000 - 22222220.000 ) 
    Source Clock Delay      (SCD):    0.000ns = ( 9990.000 - 9990.000 ) 
    Clock Pessimism Removal (CPR):    0.000ns
  Clock Uncertainty:      0.035ns  ((TSJ^2 + TIJ^2)^1/2 + DJ) / 2 + PE
    Total System Jitter     (TSJ):    0.071ns
    Total Input Jitter      (TIJ):    0.000ns
    Discrete Jitter          (DJ):    0.000ns
    Phase Error              (PE):    0.000ns

    Location             Delay type                Incr(ns)  Path(ns)    Netlist Resource(s)
  -------------------------------------------------------------------    -------------------
                         (clock sys_clk_pin rise edge)
                                                   9990.000  9990.000 r  
                         input delay                  4.000  9994.000    
    R2                                                0.000  9994.000 f  sw[15] (IN)
                         net (fo=0)                   0.000  9994.000    sw[15]
    R2                   IBUF (Prop_ibuf_I_O)         1.456  9995.456 f  sw_IBUF[15]_inst/O
                         net (fo=187, routed)         7.588 10003.044    merge_controller/led_OBUF[0]
    SLICE_X14Y11         LUT4 (Prop_lut4_I0_O)        0.124 10003.168 f  merge_controller/target_y[0][5]_i_4/O
                         net (fo=24, routed)          4.759 10007.928    merge_controller/target_y[0][5]_i_4_n_0
    SLICE_X13Y4          LUT6 (Prop_lut6_I5_O)        0.124 10008.052 r  merge_controller/array_positions_x[4][6]_i_1/O
                         net (fo=7, routed)           1.550 10009.602    merge_controller/array_positions_x[4][6]_i_1_n_0
    SLICE_X13Y3          FDCE                                         r  merge_controller/array_positions_x_reg[4][1]/CE
  -------------------------------------------------------------------    -------------------

                         (clock clk_movement rise edge)
                                                  22222220.000 22222220.000 r  
    W5                                                0.000 22222220.000 r  clk (IN)
                         net (fo=0)                   0.000 22222220.000    clk
    W5                   IBUF (Prop_ibuf_I_O)         1.388 22222222.000 r  clk_IBUF_inst/O
                         net (fo=1, routed)           1.862 22222224.000    clk_IBUF
    BUFGCTRL_X0Y1        BUFG (Prop_bufg_I_O)         0.091 22222224.000 r  clk_IBUF_BUFG_inst/O
                         net (fo=194, routed)         1.444 22222226.000    clk_IBUF_BUFG
    SLICE_X35Y46         FDRE (Prop_fdre_C_Q)         0.367 22222226.000 r  clk_movement_reg/Q
                         net (fo=2, routed)           0.629 22222226.000    clk_movement
    BUFGCTRL_X0Y0        BUFG (Prop_bufg_I_O)         0.091 22222226.000 r  clk_movement_BUFG_inst/O
                         net (fo=206, routed)         1.450 22222228.000    merge_controller/clk_movement_BUFG
    SLICE_X13Y3          FDCE                                         r  merge_controller/array_positions_x_reg[4][1]/C
                         clock pessimism              0.000 22222228.000    
                         clock uncertainty           -0.035 22222228.000    
    SLICE_X13Y3          FDCE (Setup_fdce_C_CE)      -0.205 22222228.000    merge_controller/array_positions_x_reg[4][1]
  -------------------------------------------------------------------
                         required time                      22222226.000    
                         arrival time                       -10009.601    
  -------------------------------------------------------------------
                         slack                              22212216.000    

Slack (MET) :             22212216.000ns  (required time - arrival time)
  Source:                 sw[15]
                            (input port clocked by sys_clk_pin  {rise@0.000ns fall@5.000ns period=10.000ns})
  Destination:            merge_controller/array_positions_x_reg[4][2]/CE
                            (rising edge-triggered cell FDCE clocked by clk_movement  {rise@0.000ns fall@11111110.000ns period=22222220.000ns})
  Path Group:             clk_movement
  Path Type:              Setup (Max at Slow Process Corner)
  Requirement:            22212230.000ns  (clk_movement rise@22222220.000ns - sys_clk_pin rise@9990.000ns)
  Data Path Delay:        15.561ns  (logic 1.704ns (10.952%)  route 13.856ns (89.048%))
  Logic Levels:           3  (IBUF=1 LUT4=1 LUT6=1)
  Input Delay:            4.000ns
  Clock Path Skew:        7.323ns (DCD - SCD + CPR)
    Destination Clock Delay (DCD):    7.323ns = ( 22222228.000 - 22222220.000 ) 
    Source Clock Delay      (SCD):    0.000ns = ( 9990.000 - 9990.000 ) 
    Clock Pessimism Removal (CPR):    0.000ns
  Clock Uncertainty:      0.035ns  ((TSJ^2 + TIJ^2)^1/2 + DJ) / 2 + PE
    Total System Jitter     (TSJ):    0.071ns
    Total Input Jitter      (TIJ):    0.000ns
    Discrete Jitter          (DJ):    0.000ns
    Phase Error              (PE):    0.000ns

    Location             Delay type                Incr(ns)  Path(ns)    Netlist Resource(s)
  -------------------------------------------------------------------    -------------------
                         (clock sys_clk_pin rise edge)
                                                   9990.000  9990.000 r  
                         input delay                  4.000  9994.000    
    R2                                                0.000  9994.000 f  sw[15] (IN)
                         net (fo=0)                   0.000  9994.000    sw[15]
    R2                   IBUF (Prop_ibuf_I_O)         1.456  9995.456 f  sw_IBUF[15]_inst/O
                         net (fo=187, routed)         7.588 10003.044    merge_controller/led_OBUF[0]
    SLICE_X14Y11         LUT4 (Prop_lut4_I0_O)        0.124 10003.168 f  merge_controller/target_y[0][5]_i_4/O
                         net (fo=24, routed)          4.759 10007.928    merge_controller/target_y[0][5]_i_4_n_0
    SLICE_X13Y4          LUT6 (Prop_lut6_I5_O)        0.124 10008.052 r  merge_controller/array_positions_x[4][6]_i_1/O
                         net (fo=7, routed)           1.510 10009.562    merge_controller/array_positions_x[4][6]_i_1_n_0
    SLICE_X15Y4          FDCE                                         r  merge_controller/array_positions_x_reg[4][2]/CE
  -------------------------------------------------------------------    -------------------

                         (clock clk_movement rise edge)
                                                  22222220.000 22222220.000 r  
    W5                                                0.000 22222220.000 r  clk (IN)
                         net (fo=0)                   0.000 22222220.000    clk
    W5                   IBUF (Prop_ibuf_I_O)         1.388 22222222.000 r  clk_IBUF_inst/O
                         net (fo=1, routed)           1.862 22222224.000    clk_IBUF
    BUFGCTRL_X0Y1        BUFG (Prop_bufg_I_O)         0.091 22222224.000 r  clk_IBUF_BUFG_inst/O
                         net (fo=194, routed)         1.444 22222226.000    clk_IBUF_BUFG
    SLICE_X35Y46         FDRE (Prop_fdre_C_Q)         0.367 22222226.000 r  clk_movement_reg/Q
                         net (fo=2, routed)           0.629 22222226.000    clk_movement
    BUFGCTRL_X0Y0        BUFG (Prop_bufg_I_O)         0.091 22222226.000 r  clk_movement_BUFG_inst/O
                         net (fo=206, routed)         1.450 22222228.000    merge_controller/clk_movement_BUFG
    SLICE_X15Y4          FDCE                                         r  merge_controller/array_positions_x_reg[4][2]/C
                         clock pessimism              0.000 22222228.000    
                         clock uncertainty           -0.035 22222228.000    
    SLICE_X15Y4          FDCE (Setup_fdce_C_CE)      -0.205 22222228.000    merge_controller/array_positions_x_reg[4][2]
  -------------------------------------------------------------------
                         required time                      22222226.000    
                         arrival time                       -10009.561    
  -------------------------------------------------------------------
                         slack                              22212216.000    

Slack (MET) :             22212216.000ns  (required time - arrival time)
  Source:                 sw[15]
                            (input port clocked by sys_clk_pin  {rise@0.000ns fall@5.000ns period=10.000ns})
  Destination:            merge_controller/array_positions_x_reg[4][3]/CE
                            (rising edge-triggered cell FDCE clocked by clk_movement  {rise@0.000ns fall@11111110.000ns period=22222220.000ns})
  Path Group:             clk_movement
  Path Type:              Setup (Max at Slow Process Corner)
  Requirement:            22212230.000ns  (clk_movement rise@22222220.000ns - sys_clk_pin rise@9990.000ns)
  Data Path Delay:        15.613ns  (logic 1.704ns (10.915%)  route 13.909ns (89.085%))
  Logic Levels:           3  (IBUF=1 LUT4=1 LUT6=1)
  Input Delay:            4.000ns
  Clock Path Skew:        7.323ns (DCD - SCD + CPR)
    Destination Clock Delay (DCD):    7.323ns = ( 22222228.000 - 22222220.000 ) 
    Source Clock Delay      (SCD):    0.000ns = ( 9990.000 - 9990.000 ) 
    Clock Pessimism Removal (CPR):    0.000ns
  Clock Uncertainty:      0.035ns  ((TSJ^2 + TIJ^2)^1/2 + DJ) / 2 + PE
    Total System Jitter     (TSJ):    0.071ns
    Total Input Jitter      (TIJ):    0.000ns
    Discrete Jitter          (DJ):    0.000ns
    Phase Error              (PE):    0.000ns

    Location             Delay type                Incr(ns)  Path(ns)    Netlist Resource(s)
  -------------------------------------------------------------------    -------------------
                         (clock sys_clk_pin rise edge)
                                                   9990.000  9990.000 r  
                         input delay                  4.000  9994.000    
    R2                                                0.000  9994.000 f  sw[15] (IN)
                         net (fo=0)                   0.000  9994.000    sw[15]
    R2                   IBUF (Prop_ibuf_I_O)         1.456  9995.456 f  sw_IBUF[15]_inst/O
                         net (fo=187, routed)         7.588 10003.044    merge_controller/led_OBUF[0]
    SLICE_X14Y11         LUT4 (Prop_lut4_I0_O)        0.124 10003.168 f  merge_controller/target_y[0][5]_i_4/O
                         net (fo=24, routed)          4.759 10007.928    merge_controller/target_y[0][5]_i_4_n_0
    SLICE_X13Y4          LUT6 (Prop_lut6_I5_O)        0.124 10008.052 r  merge_controller/array_positions_x[4][6]_i_1/O
                         net (fo=7, routed)           1.562 10009.614    merge_controller/array_positions_x[4][6]_i_1_n_0
    SLICE_X13Y4          FDCE                                         r  merge_controller/array_positions_x_reg[4][3]/CE
  -------------------------------------------------------------------    -------------------

                         (clock clk_movement rise edge)
                                                  22222220.000 22222220.000 r  
    W5                                                0.000 22222220.000 r  clk (IN)
                         net (fo=0)                   0.000 22222220.000    clk
    W5                   IBUF (Prop_ibuf_I_O)         1.388 22222222.000 r  clk_IBUF_inst/O
                         net (fo=1, routed)           1.862 22222224.000    clk_IBUF
    BUFGCTRL_X0Y1        BUFG (Prop_bufg_I_O)         0.091 22222224.000 r  clk_IBUF_BUFG_inst/O
                         net (fo=194, routed)         1.444 22222226.000    clk_IBUF_BUFG
    SLICE_X35Y46         FDRE (Prop_fdre_C_Q)         0.367 22222226.000 r  clk_movement_reg/Q
                         net (fo=2, routed)           0.629 22222226.000    clk_movement
    BUFGCTRL_X0Y0        BUFG (Prop_bufg_I_O)         0.091 22222226.000 r  clk_movement_BUFG_inst/O
                         net (fo=206, routed)         1.450 22222228.000    merge_controller/clk_movement_BUFG
    SLICE_X13Y4          FDCE                                         r  merge_controller/array_positions_x_reg[4][3]/C
                         clock pessimism              0.000 22222228.000    
                         clock uncertainty           -0.035 22222228.000    
    SLICE_X13Y4          FDCE (Setup_fdce_C_CE)      -0.205 22222228.000    merge_controller/array_positions_x_reg[4][3]
  -------------------------------------------------------------------
                         required time                      22222226.000    
                         arrival time                       -10009.613    
  -------------------------------------------------------------------
                         slack                              22212216.000    

Slack (MET) :             22212216.000ns  (required time - arrival time)
  Source:                 sw[15]
                            (input port clocked by sys_clk_pin  {rise@0.000ns fall@5.000ns period=10.000ns})
  Destination:            merge_controller/array_positions_x_reg[4][4]/CE
                            (rising edge-triggered cell FDCE clocked by clk_movement  {rise@0.000ns fall@11111110.000ns period=22222220.000ns})
  Path Group:             clk_movement
  Path Type:              Setup (Max at Slow Process Corner)
  Requirement:            22212230.000ns  (clk_movement rise@22222220.000ns - sys_clk_pin rise@9990.000ns)
  Data Path Delay:        15.601ns  (logic 1.704ns (10.924%)  route 13.897ns (89.076%))
  Logic Levels:           3  (IBUF=1 LUT4=1 LUT6=1)
  Input Delay:            4.000ns
  Clock Path Skew:        7.323ns (DCD - SCD + CPR)
    Destination Clock Delay (DCD):    7.323ns = ( 22222228.000 - 22222220.000 ) 
    Source Clock Delay      (SCD):    0.000ns = ( 9990.000 - 9990.000 ) 
    Clock Pessimism Removal (CPR):    0.000ns
  Clock Uncertainty:      0.035ns  ((TSJ^2 + TIJ^2)^1/2 + DJ) / 2 + PE
    Total System Jitter     (TSJ):    0.071ns
    Total Input Jitter      (TIJ):    0.000ns
    Discrete Jitter          (DJ):    0.000ns
    Phase Error              (PE):    0.000ns

    Location             Delay type                Incr(ns)  Path(ns)    Netlist Resource(s)
  -------------------------------------------------------------------    -------------------
                         (clock sys_clk_pin rise edge)
                                                   9990.000  9990.000 r  
                         input delay                  4.000  9994.000    
    R2                                                0.000  9994.000 f  sw[15] (IN)
                         net (fo=0)                   0.000  9994.000    sw[15]
    R2                   IBUF (Prop_ibuf_I_O)         1.456  9995.456 f  sw_IBUF[15]_inst/O
                         net (fo=187, routed)         7.588 10003.044    merge_controller/led_OBUF[0]
    SLICE_X14Y11         LUT4 (Prop_lut4_I0_O)        0.124 10003.168 f  merge_controller/target_y[0][5]_i_4/O
                         net (fo=24, routed)          4.759 10007.928    merge_controller/target_y[0][5]_i_4_n_0
    SLICE_X13Y4          LUT6 (Prop_lut6_I5_O)        0.124 10008.052 r  merge_controller/array_positions_x[4][6]_i_1/O
                         net (fo=7, routed)           1.550 10009.602    merge_controller/array_positions_x[4][6]_i_1_n_0
    SLICE_X13Y3          FDCE                                         r  merge_controller/array_positions_x_reg[4][4]/CE
  -------------------------------------------------------------------    -------------------

                         (clock clk_movement rise edge)
                                                  22222220.000 22222220.000 r  
    W5                                                0.000 22222220.000 r  clk (IN)
                         net (fo=0)                   0.000 22222220.000    clk
    W5                   IBUF (Prop_ibuf_I_O)         1.388 22222222.000 r  clk_IBUF_inst/O
                         net (fo=1, routed)           1.862 22222224.000    clk_IBUF
    BUFGCTRL_X0Y1        BUFG (Prop_bufg_I_O)         0.091 22222224.000 r  clk_IBUF_BUFG_inst/O
                         net (fo=194, routed)         1.444 22222226.000    clk_IBUF_BUFG
    SLICE_X35Y46         FDRE (Prop_fdre_C_Q)         0.367 22222226.000 r  clk_movement_reg/Q
                         net (fo=2, routed)           0.629 22222226.000    clk_movement
    BUFGCTRL_X0Y0        BUFG (Prop_bufg_I_O)         0.091 22222226.000 r  clk_movement_BUFG_inst/O
                         net (fo=206, routed)         1.450 22222228.000    merge_controller/clk_movement_BUFG
    SLICE_X13Y3          FDCE                                         r  merge_controller/array_positions_x_reg[4][4]/C
                         clock pessimism              0.000 22222228.000    
                         clock uncertainty           -0.035 22222228.000    
    SLICE_X13Y3          FDCE (Setup_fdce_C_CE)      -0.205 22222228.000    merge_controller/array_positions_x_reg[4][4]
  -------------------------------------------------------------------
                         required time                      22222226.000    
                         arrival time                       -10009.601    
  -------------------------------------------------------------------
                         slack                              22212216.000    

Slack (MET) :             22212216.000ns  (required time - arrival time)
  Source:                 sw[15]
                            (input port clocked by sys_clk_pin  {rise@0.000ns fall@5.000ns period=10.000ns})
  Destination:            merge_controller/array_positions_x_reg[4][5]/CE
                            (rising edge-triggered cell FDCE clocked by clk_movement  {rise@0.000ns fall@11111110.000ns period=22222220.000ns})
  Path Group:             clk_movement
  Path Type:              Setup (Max at Slow Process Corner)
  Requirement:            22212230.000ns  (clk_movement rise@22222220.000ns - sys_clk_pin rise@9990.000ns)
  Data Path Delay:        15.564ns  (logic 1.704ns (10.950%)  route 13.859ns (89.050%))
  Logic Levels:           3  (IBUF=1 LUT4=1 LUT6=1)
  Input Delay:            4.000ns
  Clock Path Skew:        7.323ns (DCD - SCD + CPR)
    Destination Clock Delay (DCD):    7.323ns = ( 22222228.000 - 22222220.000 ) 
    Source Clock Delay      (SCD):    0.000ns = ( 9990.000 - 9990.000 ) 
    Clock Pessimism Removal (CPR):    0.000ns
  Clock Uncertainty:      0.035ns  ((TSJ^2 + TIJ^2)^1/2 + DJ) / 2 + PE
    Total System Jitter     (TSJ):    0.071ns
    Total Input Jitter      (TIJ):    0.000ns
    Discrete Jitter          (DJ):    0.000ns
    Phase Error              (PE):    0.000ns

    Location             Delay type                Incr(ns)  Path(ns)    Netlist Resource(s)
  -------------------------------------------------------------------    -------------------
                         (clock sys_clk_pin rise edge)
                                                   9990.000  9990.000 r  
                         input delay                  4.000  9994.000    
    R2                                                0.000  9994.000 f  sw[15] (IN)
                         net (fo=0)                   0.000  9994.000    sw[15]
    R2                   IBUF (Prop_ibuf_I_O)         1.456  9995.456 f  sw_IBUF[15]_inst/O
                         net (fo=187, routed)         7.588 10003.044    merge_controller/led_OBUF[0]
    SLICE_X14Y11         LUT4 (Prop_lut4_I0_O)        0.124 10003.168 f  merge_controller/target_y[0][5]_i_4/O
                         net (fo=24, routed)          4.759 10007.928    merge_controller/target_y[0][5]_i_4_n_0
    SLICE_X13Y4          LUT6 (Prop_lut6_I5_O)        0.124 10008.052 r  merge_controller/array_positions_x[4][6]_i_1/O
                         net (fo=7, routed)           1.513 10009.564    merge_controller/array_positions_x[4][6]_i_1_n_0
    SLICE_X13Y5          FDCE                                         r  merge_controller/array_positions_x_reg[4][5]/CE
  -------------------------------------------------------------------    -------------------

                         (clock clk_movement rise edge)
                                                  22222220.000 22222220.000 r  
    W5                                                0.000 22222220.000 r  clk (IN)
                         net (fo=0)                   0.000 22222220.000    clk
    W5                   IBUF (Prop_ibuf_I_O)         1.388 22222222.000 r  clk_IBUF_inst/O
                         net (fo=1, routed)           1.862 22222224.000    clk_IBUF
    BUFGCTRL_X0Y1        BUFG (Prop_bufg_I_O)         0.091 22222224.000 r  clk_IBUF_BUFG_inst/O
                         net (fo=194, routed)         1.444 22222226.000    clk_IBUF_BUFG
    SLICE_X35Y46         FDRE (Prop_fdre_C_Q)         0.367 22222226.000 r  clk_movement_reg/Q
                         net (fo=2, routed)           0.629 22222226.000    clk_movement
    BUFGCTRL_X0Y0        BUFG (Prop_bufg_I_O)         0.091 22222226.000 r  clk_movement_BUFG_inst/O
                         net (fo=206, routed)         1.450 22222228.000    merge_controller/clk_movement_BUFG
    SLICE_X13Y5          FDCE                                         r  merge_controller/array_positions_x_reg[4][5]/C
                         clock pessimism              0.000 22222228.000    
                         clock uncertainty           -0.035 22222228.000    
    SLICE_X13Y5          FDCE (Setup_fdce_C_CE)      -0.205 22222228.000    merge_controller/array_positions_x_reg[4][5]
  -------------------------------------------------------------------
                         required time                      22222226.000    
                         arrival time                       -10009.563    
  -------------------------------------------------------------------
                         slack                              22212216.000    

Slack (MET) :             22212216.000ns  (required time - arrival time)
  Source:                 sw[15]
                            (input port clocked by sys_clk_pin  {rise@0.000ns fall@5.000ns period=10.000ns})
  Destination:            merge_controller/array_positions_x_reg[4][6]/CE
                            (rising edge-triggered cell FDPE clocked by clk_movement  {rise@0.000ns fall@11111110.000ns period=22222220.000ns})
  Path Group:             clk_movement
  Path Type:              Setup (Max at Slow Process Corner)
  Requirement:            22212230.000ns  (clk_movement rise@22222220.000ns - sys_clk_pin rise@9990.000ns)
  Data Path Delay:        15.564ns  (logic 1.704ns (10.950%)  route 13.859ns (89.050%))
  Logic Levels:           3  (IBUF=1 LUT4=1 LUT6=1)
  Input Delay:            4.000ns
  Clock Path Skew:        7.323ns (DCD - SCD + CPR)
    Destination Clock Delay (DCD):    7.323ns = ( 22222228.000 - 22222220.000 ) 
    Source Clock Delay      (SCD):    0.000ns = ( 9990.000 - 9990.000 ) 
    Clock Pessimism Removal (CPR):    0.000ns
  Clock Uncertainty:      0.035ns  ((TSJ^2 + TIJ^2)^1/2 + DJ) / 2 + PE
    Total System Jitter     (TSJ):    0.071ns
    Total Input Jitter      (TIJ):    0.000ns
    Discrete Jitter          (DJ):    0.000ns
    Phase Error              (PE):    0.000ns

    Location             Delay type                Incr(ns)  Path(ns)    Netlist Resource(s)
  -------------------------------------------------------------------    -------------------
                         (clock sys_clk_pin rise edge)
                                                   9990.000  9990.000 r  
                         input delay                  4.000  9994.000    
    R2                                                0.000  9994.000 f  sw[15] (IN)
                         net (fo=0)                   0.000  9994.000    sw[15]
    R2                   IBUF (Prop_ibuf_I_O)         1.456  9995.456 f  sw_IBUF[15]_inst/O
                         net (fo=187, routed)         7.588 10003.044    merge_controller/led_OBUF[0]
    SLICE_X14Y11         LUT4 (Prop_lut4_I0_O)        0.124 10003.168 f  merge_controller/target_y[0][5]_i_4/O
                         net (fo=24, routed)          4.759 10007.928    merge_controller/target_y[0][5]_i_4_n_0
    SLICE_X13Y4          LUT6 (Prop_lut6_I5_O)        0.124 10008.052 r  merge_controller/array_positions_x[4][6]_i_1/O
                         net (fo=7, routed)           1.513 10009.564    merge_controller/array_positions_x[4][6]_i_1_n_0
    SLICE_X13Y5          FDPE                                         r  merge_controller/array_positions_x_reg[4][6]/CE
  -------------------------------------------------------------------    -------------------

                         (clock clk_movement rise edge)
                                                  22222220.000 22222220.000 r  
    W5                                                0.000 22222220.000 r  clk (IN)
                         net (fo=0)                   0.000 22222220.000    clk
    W5                   IBUF (Prop_ibuf_I_O)         1.388 22222222.000 r  clk_IBUF_inst/O
                         net (fo=1, routed)           1.862 22222224.000    clk_IBUF
    BUFGCTRL_X0Y1        BUFG (Prop_bufg_I_O)         0.091 22222224.000 r  clk_IBUF_BUFG_inst/O
                         net (fo=194, routed)         1.444 22222226.000    clk_IBUF_BUFG
    SLICE_X35Y46         FDRE (Prop_fdre_C_Q)         0.367 22222226.000 r  clk_movement_reg/Q
                         net (fo=2, routed)           0.629 22222226.000    clk_movement
    BUFGCTRL_X0Y0        BUFG (Prop_bufg_I_O)         0.091 22222226.000 r  clk_movement_BUFG_inst/O
                         net (fo=206, routed)         1.450 22222228.000    merge_controller/clk_movement_BUFG
    SLICE_X13Y5          FDPE                                         r  merge_controller/array_positions_x_reg[4][6]/C
                         clock pessimism              0.000 22222228.000    
                         clock uncertainty           -0.035 22222228.000    
    SLICE_X13Y5          FDPE (Setup_fdpe_C_CE)      -0.205 22222228.000    merge_controller/array_positions_x_reg[4][6]
  -------------------------------------------------------------------
                         required time                      22222226.000    
                         arrival time                       -10009.563    
  -------------------------------------------------------------------
                         slack                              22212216.000    





Min Delay Paths
--------------------------------------------------------------------------------------
Slack (MET) :             0.039ns  (arrival time - required time)
  Source:                 sw[15]
                            (input port clocked by sys_clk_pin  {rise@0.000ns fall@5.000ns period=10.000ns})
  Destination:            merge_controller/array_positions_y_reg[1][4]/D
                            (rising edge-triggered cell FDCE clocked by clk_movement  {rise@0.000ns fall@11111110.000ns period=22222220.000ns})
  Path Group:             clk_movement
  Path Type:              Hold (Min at Slow Process Corner)
  Requirement:            0.000ns  (clk_movement rise@0.000ns - sys_clk_pin rise@0.000ns)
  Data Path Delay:        6.280ns  (logic 1.486ns (23.659%)  route 4.795ns (76.341%))
  Logic Levels:           2  (IBUF=1 LUT6=1)
  Input Delay:            2.000ns
  Clock Path Skew:        7.972ns (DCD - SCD - CPR)
    Destination Clock Delay (DCD):    7.972ns
    Source Clock Delay      (SCD):    0.000ns
    Clock Pessimism Removal (CPR):    -0.000ns

    Location             Delay type                Incr(ns)  Path(ns)    Netlist Resource(s)
  -------------------------------------------------------------------    -------------------
                         (clock sys_clk_pin rise edge)
                                                      0.000     0.000 r  
                         input delay                  2.000     2.000    
    R2                                                0.000     2.000 r  sw[15] (IN)
                         net (fo=0)                   0.000     2.000    sw[15]
    R2                   IBUF (Prop_ibuf_I_O)         1.386     3.386 r  sw_IBUF[15]_inst/O
                         net (fo=187, routed)         4.795     8.180    merge_controller/led_OBUF[0]
    SLICE_X0Y18          LUT6 (Prop_lut6_I0_O)        0.100     8.280 r  merge_controller/array_positions_y[1][4]_i_1/O
                         net (fo=1, routed)           0.000     8.280    merge_controller/array_positions_y[1][4]_i_1_n_0
    SLICE_X0Y18          FDCE                                         r  merge_controller/array_positions_y_reg[1][4]/D
  -------------------------------------------------------------------    -------------------

                         (clock clk_movement rise edge)
                                                      0.000     0.000 r  
    W5                                                0.000     0.000 r  clk (IN)
                         net (fo=0)                   0.000     0.000    clk
    W5                   IBUF (Prop_ibuf_I_O)         1.458     1.458 r  clk_IBUF_inst/O
                         net (fo=1, routed)           1.967     3.425    clk_IBUF
    BUFGCTRL_X0Y1        BUFG (Prop_bufg_I_O)         0.096     3.521 r  clk_IBUF_BUFG_inst/O
                         net (fo=194, routed)         1.564     5.085    clk_IBUF_BUFG
    SLICE_X35Y46         FDRE (Prop_fdre_C_Q)         0.456     5.541 r  clk_movement_reg/Q
                         net (fo=2, routed)           0.708     6.249    clk_movement
    BUFGCTRL_X0Y0        BUFG (Prop_bufg_I_O)         0.096     6.345 r  clk_movement_BUFG_inst/O
                         net (fo=206, routed)         1.627     7.972    merge_controller/clk_movement_BUFG
    SLICE_X0Y18          FDCE                                         r  merge_controller/array_positions_y_reg[1][4]/C
                         clock pessimism              0.000     7.972    
    SLICE_X0Y18          FDCE (Hold_fdce_C_D)         0.269     8.241    merge_controller/array_positions_y_reg[1][4]
  -------------------------------------------------------------------
                         required time                         -8.241    
                         arrival time                           8.280    
  -------------------------------------------------------------------
                         slack                                  0.039    

Slack (MET) :             0.056ns  (arrival time - required time)
  Source:                 sw[15]
                            (input port clocked by sys_clk_pin  {rise@0.000ns fall@5.000ns period=10.000ns})
  Destination:            merge_controller/array_positions_x_reg[3][3]/D
                            (rising edge-triggered cell FDCE clocked by clk_movement  {rise@0.000ns fall@11111110.000ns period=22222220.000ns})
  Path Group:             clk_movement
  Path Type:              Hold (Min at Slow Process Corner)
  Requirement:            0.000ns  (clk_movement rise@0.000ns - sys_clk_pin rise@0.000ns)
  Data Path Delay:        6.303ns  (logic 1.486ns (23.576%)  route 4.817ns (76.424%))
  Logic Levels:           2  (IBUF=1 LUT5=1)
  Input Delay:            2.000ns
  Clock Path Skew:        7.976ns (DCD - SCD - CPR)
    Destination Clock Delay (DCD):    7.976ns
    Source Clock Delay      (SCD):    0.000ns
    Clock Pessimism Removal (CPR):    -0.000ns

    Location             Delay type                Incr(ns)  Path(ns)    Netlist Resource(s)
  -------------------------------------------------------------------    -------------------
                         (clock sys_clk_pin rise edge)
                                                      0.000     0.000 r  
                         input delay                  2.000     2.000    
    R2                                                0.000     2.000 r  sw[15] (IN)
                         net (fo=0)                   0.000     2.000    sw[15]
    R2                   IBUF (Prop_ibuf_I_O)         1.386     3.386 r  sw_IBUF[15]_inst/O
                         net (fo=187, routed)         4.817     8.203    merge_controller/led_OBUF[0]
    SLICE_X4Y12          LUT5 (Prop_lut5_I4_O)        0.100     8.303 r  merge_controller/array_positions_x[3][3]_i_1/O
                         net (fo=1, routed)           0.000     8.303    merge_controller/array_positions_x[3][3]_i_1_n_0
    SLICE_X4Y12          FDCE                                         r  merge_controller/array_positions_x_reg[3][3]/D
  -------------------------------------------------------------------    -------------------

                         (clock clk_movement rise edge)
                                                      0.000     0.000 r  
    W5                                                0.000     0.000 r  clk (IN)
                         net (fo=0)                   0.000     0.000    clk
    W5                   IBUF (Prop_ibuf_I_O)         1.458     1.458 r  clk_IBUF_inst/O
                         net (fo=1, routed)           1.967     3.425    clk_IBUF
    BUFGCTRL_X0Y1        BUFG (Prop_bufg_I_O)         0.096     3.521 r  clk_IBUF_BUFG_inst/O
                         net (fo=194, routed)         1.564     5.085    clk_IBUF_BUFG
    SLICE_X35Y46         FDRE (Prop_fdre_C_Q)         0.456     5.541 r  clk_movement_reg/Q
                         net (fo=2, routed)           0.708     6.249    clk_movement
    BUFGCTRL_X0Y0        BUFG (Prop_bufg_I_O)         0.096     6.345 r  clk_movement_BUFG_inst/O
                         net (fo=206, routed)         1.631     7.976    merge_controller/clk_movement_BUFG
    SLICE_X4Y12          FDCE                                         r  merge_controller/array_positions_x_reg[3][3]/C
                         clock pessimism              0.000     7.976    
    SLICE_X4Y12          FDCE (Hold_fdce_C_D)         0.270     8.246    merge_controller/array_positions_x_reg[3][3]
  -------------------------------------------------------------------
                         required time                         -8.246    
                         arrival time                           8.303    
  -------------------------------------------------------------------
                         slack                                  0.056    

Slack (MET) :             0.065ns  (arrival time - required time)
  Source:                 sw[15]
                            (input port clocked by sys_clk_pin  {rise@0.000ns fall@5.000ns period=10.000ns})
  Destination:            merge_controller/array_positions_x_reg[3][2]/D
                            (rising edge-triggered cell FDCE clocked by clk_movement  {rise@0.000ns fall@11111110.000ns period=22222220.000ns})
  Path Group:             clk_movement
  Path Type:              Hold (Min at Slow Process Corner)
  Requirement:            0.000ns  (clk_movement rise@0.000ns - sys_clk_pin rise@0.000ns)
  Data Path Delay:        6.311ns  (logic 1.486ns (23.545%)  route 4.825ns (76.455%))
  Logic Levels:           2  (IBUF=1 LUT5=1)
  Input Delay:            2.000ns
  Clock Path Skew:        7.976ns (DCD - SCD - CPR)
    Destination Clock Delay (DCD):    7.976ns
    Source Clock Delay      (SCD):    0.000ns
    Clock Pessimism Removal (CPR):    -0.000ns

    Location             Delay type                Incr(ns)  Path(ns)    Netlist Resource(s)
  -------------------------------------------------------------------    -------------------
                         (clock sys_clk_pin rise edge)
                                                      0.000     0.000 r  
                         input delay                  2.000     2.000    
    R2                                                0.000     2.000 r  sw[15] (IN)
                         net (fo=0)                   0.000     2.000    sw[15]
    R2                   IBUF (Prop_ibuf_I_O)         1.386     3.386 r  sw_IBUF[15]_inst/O
                         net (fo=187, routed)         4.825     8.211    merge_controller/led_OBUF[0]
    SLICE_X4Y12          LUT5 (Prop_lut5_I4_O)        0.100     8.311 r  merge_controller/array_positions_x[3][2]_i_1/O
                         net (fo=1, routed)           0.000     8.311    merge_controller/array_positions_x[3][2]_i_1_n_0
    SLICE_X4Y12          FDCE                                         r  merge_controller/array_positions_x_reg[3][2]/D
  -------------------------------------------------------------------    -------------------

                         (clock clk_movement rise edge)
                                                      0.000     0.000 r  
    W5                                                0.000     0.000 r  clk (IN)
                         net (fo=0)                   0.000     0.000    clk
    W5                   IBUF (Prop_ibuf_I_O)         1.458     1.458 r  clk_IBUF_inst/O
                         net (fo=1, routed)           1.967     3.425    clk_IBUF
    BUFGCTRL_X0Y1        BUFG (Prop_bufg_I_O)         0.096     3.521 r  clk_IBUF_BUFG_inst/O
                         net (fo=194, routed)         1.564     5.085    clk_IBUF_BUFG
    SLICE_X35Y46         FDRE (Prop_fdre_C_Q)         0.456     5.541 r  clk_movement_reg/Q
                         net (fo=2, routed)           0.708     6.249    clk_movement
    BUFGCTRL_X0Y0        BUFG (Prop_bufg_I_O)         0.096     6.345 r  clk_movement_BUFG_inst/O
                         net (fo=206, routed)         1.631     7.976    merge_controller/clk_movement_BUFG
    SLICE_X4Y12          FDCE                                         r  merge_controller/array_positions_x_reg[3][2]/C
                         clock pessimism              0.000     7.976    
    SLICE_X4Y12          FDCE (Hold_fdce_C_D)         0.269     8.245    merge_controller/array_positions_x_reg[3][2]
  -------------------------------------------------------------------
                         required time                         -8.245    
                         arrival time                           8.311    
  -------------------------------------------------------------------
                         slack                                  0.065    

Slack (MET) :             0.166ns  (arrival time - required time)
  Source:                 sw[15]
                            (input port clocked by sys_clk_pin  {rise@0.000ns fall@5.000ns period=10.000ns})
  Destination:            merge_controller/array_positions_y_reg[2][2]/D
                            (rising edge-triggered cell FDCE clocked by clk_movement  {rise@0.000ns fall@11111110.000ns period=22222220.000ns})
  Path Group:             clk_movement
  Path Type:              Hold (Min at Slow Process Corner)
  Requirement:            0.000ns  (clk_movement rise@0.000ns - sys_clk_pin rise@0.000ns)
  Data Path Delay:        6.413ns  (logic 1.486ns (23.170%)  route 4.927ns (76.830%))
  Logic Levels:           2  (IBUF=1 LUT6=1)
  Input Delay:            2.000ns
  Clock Path Skew:        7.976ns (DCD - SCD - CPR)
    Destination Clock Delay (DCD):    7.976ns
    Source Clock Delay      (SCD):    0.000ns
    Clock Pessimism Removal (CPR):    -0.000ns

    Location             Delay type                Incr(ns)  Path(ns)    Netlist Resource(s)
  -------------------------------------------------------------------    -------------------
                         (clock sys_clk_pin rise edge)
                                                      0.000     0.000 r  
                         input delay                  2.000     2.000    
    R2                                                0.000     2.000 r  sw[15] (IN)
                         net (fo=0)                   0.000     2.000    sw[15]
    R2                   IBUF (Prop_ibuf_I_O)         1.386     3.386 r  sw_IBUF[15]_inst/O
                         net (fo=187, routed)         4.927     8.313    merge_controller/led_OBUF[0]
    SLICE_X1Y15          LUT6 (Prop_lut6_I0_O)        0.100     8.413 r  merge_controller/array_positions_y[2][2]_i_1/O
                         net (fo=1, routed)           0.000     8.413    merge_controller/array_positions_y[2][2]_i_1_n_0
    SLICE_X1Y15          FDCE                                         r  merge_controller/array_positions_y_reg[2][2]/D
  -------------------------------------------------------------------    -------------------

                         (clock clk_movement rise edge)
                                                      0.000     0.000 r  
    W5                                                0.000     0.000 r  clk (IN)
                         net (fo=0)                   0.000     0.000    clk
    W5                   IBUF (Prop_ibuf_I_O)         1.458     1.458 r  clk_IBUF_inst/O
                         net (fo=1, routed)           1.967     3.425    clk_IBUF
    BUFGCTRL_X0Y1        BUFG (Prop_bufg_I_O)         0.096     3.521 r  clk_IBUF_BUFG_inst/O
                         net (fo=194, routed)         1.564     5.085    clk_IBUF_BUFG
    SLICE_X35Y46         FDRE (Prop_fdre_C_Q)         0.456     5.541 r  clk_movement_reg/Q
                         net (fo=2, routed)           0.708     6.249    clk_movement
    BUFGCTRL_X0Y0        BUFG (Prop_bufg_I_O)         0.096     6.345 r  clk_movement_BUFG_inst/O
                         net (fo=206, routed)         1.631     7.976    merge_controller/clk_movement_BUFG
    SLICE_X1Y15          FDCE                                         r  merge_controller/array_positions_y_reg[2][2]/C
                         clock pessimism              0.000     7.976    
    SLICE_X1Y15          FDCE (Hold_fdce_C_D)         0.270     8.246    merge_controller/array_positions_y_reg[2][2]
  -------------------------------------------------------------------
                         required time                         -8.246    
                         arrival time                           8.413    
  -------------------------------------------------------------------
                         slack                                  0.166    

Slack (MET) :             0.168ns  (arrival time - required time)
  Source:                 merge_controller/cursor_right_req_reg/C
                            (rising edge-triggered cell FDCE clocked by sys_clk_pin  {rise@0.000ns fall@5.000ns period=10.000ns})
  Destination:            merge_controller/cursor_right_req_sync_reg[0]/D
                            (rising edge-triggered cell FDCE clocked by clk_movement  {rise@0.000ns fall@11111110.000ns period=22222220.000ns})
  Path Group:             clk_movement
  Path Type:              Hold (Min at Fast Process Corner)
  Requirement:            0.000ns  (clk_movement rise@0.000ns - sys_clk_pin rise@0.000ns)
  Data Path Delay:        1.846ns  (logic 0.141ns (7.636%)  route 1.705ns (92.364%))
  Logic Levels:           0  
  Clock Path Skew:        1.602ns (DCD - SCD - CPR)
    Destination Clock Delay (DCD):    3.281ns
    Source Clock Delay      (SCD):    1.434ns
    Clock Pessimism Removal (CPR):    0.244ns

    Location             Delay type                Incr(ns)  Path(ns)    Netlist Resource(s)
  -------------------------------------------------------------------    -------------------
                         (clock sys_clk_pin rise edge)
                                                      0.000     0.000 r  
    W5                                                0.000     0.000 r  clk (IN)
                         net (fo=0)                   0.000     0.000    clk
    W5                   IBUF (Prop_ibuf_I_O)         0.226     0.226 r  clk_IBUF_inst/O
                         net (fo=1, routed)           0.631     0.858    clk_IBUF
    BUFGCTRL_X0Y1        BUFG (Prop_bufg_I_O)         0.026     0.884 r  clk_IBUF_BUFG_inst/O
                         net (fo=194, routed)         0.551     1.434    merge_controller/CLK
    SLICE_X37Y26         FDCE                                         r  merge_controller/cursor_right_req_reg/C
  -------------------------------------------------------------------    -------------------
    SLICE_X37Y26         FDCE (Prop_fdce_C_Q)         0.141     1.575 r  merge_controller/cursor_right_req_reg/Q
                         net (fo=3, routed)           1.705     3.281    merge_controller/cursor_right_req_reg_n_0
    SLICE_X34Y26         FDCE                                         r  merge_controller/cursor_right_req_sync_reg[0]/D
  -------------------------------------------------------------------    -------------------

                         (clock clk_movement rise edge)
                                                      0.000     0.000 r  
    W5                                                0.000     0.000 r  clk (IN)
                         net (fo=0)                   0.000     0.000    clk
    W5                   IBUF (Prop_ibuf_I_O)         0.414     0.414 r  clk_IBUF_inst/O
                         net (fo=1, routed)           0.685     1.099    clk_IBUF
    BUFGCTRL_X0Y1        BUFG (Prop_bufg_I_O)         0.029     1.128 r  clk_IBUF_BUFG_inst/O
                         net (fo=194, routed)         0.831     1.958    clk_IBUF_BUFG
    SLICE_X35Y46         FDRE (Prop_fdre_C_Q)         0.175     2.133 r  clk_movement_reg/Q
                         net (fo=2, routed)           0.303     2.436    clk_movement
    BUFGCTRL_X0Y0        BUFG (Prop_bufg_I_O)         0.029     2.465 r  clk_movement_BUFG_inst/O
                         net (fo=206, routed)         0.816     3.281    merge_controller/clk_movement_BUFG
    SLICE_X34Y26         FDCE                                         r  merge_controller/cursor_right_req_sync_reg[0]/C
                         clock pessimism             -0.244     3.037    
    SLICE_X34Y26         FDCE (Hold_fdce_C_D)         0.076     3.113    merge_controller/cursor_right_req_sync_reg[0]
  -------------------------------------------------------------------
                         required time                         -3.113    
                         arrival time                           3.281    
  -------------------------------------------------------------------
                         slack                                  0.168    

Slack (MET) :             0.174ns  (arrival time - required time)
  Source:                 sw[15]
                            (input port clocked by sys_clk_pin  {rise@0.000ns fall@5.000ns period=10.000ns})
  Destination:            merge_controller/array_positions_y_reg[3][4]/D
                            (rising edge-triggered cell FDCE clocked by clk_movement  {rise@0.000ns fall@11111110.000ns period=22222220.000ns})
  Path Group:             clk_movement
  Path Type:              Hold (Min at Slow Process Corner)
  Requirement:            0.000ns  (clk_movement rise@0.000ns - sys_clk_pin rise@0.000ns)
  Data Path Delay:        6.427ns  (logic 1.486ns (23.118%)  route 4.941ns (76.882%))
  Logic Levels:           2  (IBUF=1 LUT6=1)
  Input Delay:            2.000ns
  Clock Path Skew:        7.983ns (DCD - SCD - CPR)
    Destination Clock Delay (DCD):    7.983ns
    Source Clock Delay      (SCD):    0.000ns
    Clock Pessimism Removal (CPR):    -0.000ns

    Location             Delay type                Incr(ns)  Path(ns)    Netlist Resource(s)
  -------------------------------------------------------------------    -------------------
                         (clock sys_clk_pin rise edge)
                                                      0.000     0.000 r  
                         input delay                  2.000     2.000    
    R2                                                0.000     2.000 r  sw[15] (IN)
                         net (fo=0)                   0.000     2.000    sw[15]
    R2                   IBUF (Prop_ibuf_I_O)         1.386     3.386 r  sw_IBUF[15]_inst/O
                         net (fo=187, routed)         4.941     8.327    merge_controller/led_OBUF[0]
    SLICE_X1Y5           LUT6 (Prop_lut6_I0_O)        0.100     8.427 r  merge_controller/array_positions_y[3][4]_i_1/O
                         net (fo=1, routed)           0.000     8.427    merge_controller/array_positions_y[3][4]_i_1_n_0
    SLICE_X1Y5           FDCE                                         r  merge_controller/array_positions_y_reg[3][4]/D
  -------------------------------------------------------------------    -------------------

                         (clock clk_movement rise edge)
                                                      0.000     0.000 r  
    W5                                                0.000     0.000 r  clk (IN)
                         net (fo=0)                   0.000     0.000    clk
    W5                   IBUF (Prop_ibuf_I_O)         1.458     1.458 r  clk_IBUF_inst/O
                         net (fo=1, routed)           1.967     3.425    clk_IBUF
    BUFGCTRL_X0Y1        BUFG (Prop_bufg_I_O)         0.096     3.521 r  clk_IBUF_BUFG_inst/O
                         net (fo=194, routed)         1.564     5.085    clk_IBUF_BUFG
    SLICE_X35Y46         FDRE (Prop_fdre_C_Q)         0.456     5.541 r  clk_movement_reg/Q
                         net (fo=2, routed)           0.708     6.249    clk_movement
    BUFGCTRL_X0Y0        BUFG (Prop_bufg_I_O)         0.096     6.345 r  clk_movement_BUFG_inst/O
                         net (fo=206, routed)         1.638     7.983    merge_controller/clk_movement_BUFG
    SLICE_X1Y5           FDCE                                         r  merge_controller/array_positions_y_reg[3][4]/C
                         clock pessimism              0.000     7.983    
    SLICE_X1Y5           FDCE (Hold_fdce_C_D)         0.270     8.253    merge_controller/array_positions_y_reg[3][4]
  -------------------------------------------------------------------
                         required time                         -8.253    
                         arrival time                           8.427    
  -------------------------------------------------------------------
                         slack                                  0.174    

Slack (MET) :             0.216ns  (arrival time - required time)
  Source:                 merge_controller/check_answer_req_reg/C
                            (rising edge-triggered cell FDCE clocked by sys_clk_pin  {rise@0.000ns fall@5.000ns period=10.000ns})
  Destination:            merge_controller/check_answer_req_sync_reg[0]/D
                            (rising edge-triggered cell FDCE clocked by clk_movement  {rise@0.000ns fall@11111110.000ns period=22222220.000ns})
  Path Group:             clk_movement
  Path Type:              Hold (Min at Fast Process Corner)
  Requirement:            0.000ns  (clk_movement rise@0.000ns - sys_clk_pin rise@0.000ns)
  Data Path Delay:        1.869ns  (logic 0.164ns (8.774%)  route 1.705ns (91.226%))
  Logic Levels:           0  
  Clock Path Skew:        1.600ns (DCD - SCD - CPR)
    Destination Clock Delay (DCD):    3.281ns
    Source Clock Delay      (SCD):    1.436ns
    Clock Pessimism Removal (CPR):    0.244ns

    Location             Delay type                Incr(ns)  Path(ns)    Netlist Resource(s)
  -------------------------------------------------------------------    -------------------
                         (clock sys_clk_pin rise edge)
                                                      0.000     0.000 r  
    W5                                                0.000     0.000 r  clk (IN)
                         net (fo=0)                   0.000     0.000    clk
    W5                   IBUF (Prop_ibuf_I_O)         0.226     0.226 r  clk_IBUF_inst/O
                         net (fo=1, routed)           0.631     0.858    clk_IBUF
    BUFGCTRL_X0Y1        BUFG (Prop_bufg_I_O)         0.026     0.884 r  clk_IBUF_BUFG_inst/O
                         net (fo=194, routed)         0.553     1.436    merge_controller/CLK
    SLICE_X34Y20         FDCE                                         r  merge_controller/check_answer_req_reg/C
  -------------------------------------------------------------------    -------------------
    SLICE_X34Y20         FDCE (Prop_fdce_C_Q)         0.164     1.600 r  merge_controller/check_answer_req_reg/Q
                         net (fo=3, routed)           1.705     3.305    merge_controller/check_answer_req_reg_n_0
    SLICE_X34Y26         FDCE                                         r  merge_controller/check_answer_req_sync_reg[0]/D
  -------------------------------------------------------------------    -------------------

                         (clock clk_movement rise edge)
                                                      0.000     0.000 r  
    W5                                                0.000     0.000 r  clk (IN)
                         net (fo=0)                   0.000     0.000    clk
    W5                   IBUF (Prop_ibuf_I_O)         0.414     0.414 r  clk_IBUF_inst/O
                         net (fo=1, routed)           0.685     1.099    clk_IBUF
    BUFGCTRL_X0Y1        BUFG (Prop_bufg_I_O)         0.029     1.128 r  clk_IBUF_BUFG_inst/O
                         net (fo=194, routed)         0.831     1.958    clk_IBUF_BUFG
    SLICE_X35Y46         FDRE (Prop_fdre_C_Q)         0.175     2.133 r  clk_movement_reg/Q
                         net (fo=2, routed)           0.303     2.436    clk_movement
    BUFGCTRL_X0Y0        BUFG (Prop_bufg_I_O)         0.029     2.465 r  clk_movement_BUFG_inst/O
                         net (fo=206, routed)         0.816     3.281    merge_controller/clk_movement_BUFG
    SLICE_X34Y26         FDCE                                         r  merge_controller/check_answer_req_sync_reg[0]/C
                         clock pessimism             -0.244     3.037    
    SLICE_X34Y26         FDCE (Hold_fdce_C_D)         0.053     3.090    merge_controller/check_answer_req_sync_reg[0]
  -------------------------------------------------------------------
                         required time                         -3.090    
                         arrival time                           3.305    
  -------------------------------------------------------------------
                         slack                                  0.216    

Slack (MET) :             0.217ns  (arrival time - required time)
  Source:                 merge_controller/value_down_req_reg/C
                            (rising edge-triggered cell FDCE clocked by sys_clk_pin  {rise@0.000ns fall@5.000ns period=10.000ns})
  Destination:            merge_controller/value_down_req_sync_reg[0]/D
                            (rising edge-triggered cell FDCE clocked by clk_movement  {rise@0.000ns fall@11111110.000ns period=22222220.000ns})
  Path Group:             clk_movement
  Path Type:              Hold (Min at Fast Process Corner)
  Requirement:            0.000ns  (clk_movement rise@0.000ns - sys_clk_pin rise@0.000ns)
  Data Path Delay:        1.894ns  (logic 0.141ns (7.446%)  route 1.753ns (92.554%))
  Logic Levels:           0  
  Clock Path Skew:        1.606ns (DCD - SCD - CPR)
    Destination Clock Delay (DCD):    3.295ns
    Source Clock Delay      (SCD):    1.444ns
    Clock Pessimism Removal (CPR):    0.244ns

    Location             Delay type                Incr(ns)  Path(ns)    Netlist Resource(s)
  -------------------------------------------------------------------    -------------------
                         (clock sys_clk_pin rise edge)
                                                      0.000     0.000 r  
    W5                                                0.000     0.000 r  clk (IN)
                         net (fo=0)                   0.000     0.000    clk
    W5                   IBUF (Prop_ibuf_I_O)         0.226     0.226 r  clk_IBUF_inst/O
                         net (fo=1, routed)           0.631     0.858    clk_IBUF
    BUFGCTRL_X0Y1        BUFG (Prop_bufg_I_O)         0.026     0.884 r  clk_IBUF_BUFG_inst/O
                         net (fo=194, routed)         0.561     1.444    merge_controller/CLK
    SLICE_X37Y10         FDCE                                         r  merge_controller/value_down_req_reg/C
  -------------------------------------------------------------------    -------------------
    SLICE_X37Y10         FDCE (Prop_fdce_C_Q)         0.141     1.585 r  merge_controller/value_down_req_reg/Q
                         net (fo=3, routed)           1.753     3.338    merge_controller/value_down_req_reg_n_0
    SLICE_X36Y11         FDCE                                         r  merge_controller/value_down_req_sync_reg[0]/D
  -------------------------------------------------------------------    -------------------

                         (clock clk_movement rise edge)
                                                      0.000     0.000 r  
    W5                                                0.000     0.000 r  clk (IN)
                         net (fo=0)                   0.000     0.000    clk
    W5                   IBUF (Prop_ibuf_I_O)         0.414     0.414 r  clk_IBUF_inst/O
                         net (fo=1, routed)           0.685     1.099    clk_IBUF
    BUFGCTRL_X0Y1        BUFG (Prop_bufg_I_O)         0.029     1.128 r  clk_IBUF_BUFG_inst/O
                         net (fo=194, routed)         0.831     1.958    clk_IBUF_BUFG
    SLICE_X35Y46         FDRE (Prop_fdre_C_Q)         0.175     2.133 r  clk_movement_reg/Q
                         net (fo=2, routed)           0.303     2.436    clk_movement
    BUFGCTRL_X0Y0        BUFG (Prop_bufg_I_O)         0.029     2.465 r  clk_movement_BUFG_inst/O
                         net (fo=206, routed)         0.830     3.295    merge_controller/clk_movement_BUFG
    SLICE_X36Y11         FDCE                                         r  merge_controller/value_down_req_sync_reg[0]/C
                         clock pessimism             -0.244     3.051    
    SLICE_X36Y11         FDCE (Hold_fdce_C_D)         0.070     3.121    merge_controller/value_down_req_sync_reg[0]
  -------------------------------------------------------------------
                         required time                         -3.121    
                         arrival time                           3.338    
  -------------------------------------------------------------------
                         slack                                  0.217    

Slack (MET) :             0.219ns  (arrival time - required time)
  Source:                 merge_controller/value_up_req_reg/C
                            (rising edge-triggered cell FDCE clocked by sys_clk_pin  {rise@0.000ns fall@5.000ns period=10.000ns})
  Destination:            merge_controller/value_up_req_sync_reg[0]/D
                            (rising edge-triggered cell FDCE clocked by clk_movement  {rise@0.000ns fall@11111110.000ns period=22222220.000ns})
  Path Group:             clk_movement
  Path Type:              Hold (Min at Fast Process Corner)
  Requirement:            0.000ns  (clk_movement rise@0.000ns - sys_clk_pin rise@0.000ns)
  Data Path Delay:        1.885ns  (logic 0.141ns (7.479%)  route 1.744ns (92.521%))
  Logic Levels:           0  
  Clock Path Skew:        1.603ns (DCD - SCD - CPR)
    Destination Clock Delay (DCD):    3.281ns
    Source Clock Delay      (SCD):    1.433ns
    Clock Pessimism Removal (CPR):    0.244ns

    Location             Delay type                Incr(ns)  Path(ns)    Netlist Resource(s)
  -------------------------------------------------------------------    -------------------
                         (clock sys_clk_pin rise edge)
                                                      0.000     0.000 r  
    W5                                                0.000     0.000 r  clk (IN)
                         net (fo=0)                   0.000     0.000    clk
    W5                   IBUF (Prop_ibuf_I_O)         0.226     0.226 r  clk_IBUF_inst/O
                         net (fo=1, routed)           0.631     0.858    clk_IBUF
    BUFGCTRL_X0Y1        BUFG (Prop_bufg_I_O)         0.026     0.884 r  clk_IBUF_BUFG_inst/O
                         net (fo=194, routed)         0.550     1.433    merge_controller/CLK
    SLICE_X35Y26         FDCE                                         r  merge_controller/value_up_req_reg/C
  -------------------------------------------------------------------    -------------------
    SLICE_X35Y26         FDCE (Prop_fdce_C_Q)         0.141     1.574 r  merge_controller/value_up_req_reg/Q
                         net (fo=3, routed)           1.744     3.318    merge_controller/value_up_req_reg_n_0
    SLICE_X34Y26         FDCE                                         r  merge_controller/value_up_req_sync_reg[0]/D
  -------------------------------------------------------------------    -------------------

                         (clock clk_movement rise edge)
                                                      0.000     0.000 r  
    W5                                                0.000     0.000 r  clk (IN)
                         net (fo=0)                   0.000     0.000    clk
    W5                   IBUF (Prop_ibuf_I_O)         0.414     0.414 r  clk_IBUF_inst/O
                         net (fo=1, routed)           0.685     1.099    clk_IBUF
    BUFGCTRL_X0Y1        BUFG (Prop_bufg_I_O)         0.029     1.128 r  clk_IBUF_BUFG_inst/O
                         net (fo=194, routed)         0.831     1.958    clk_IBUF_BUFG
    SLICE_X35Y46         FDRE (Prop_fdre_C_Q)         0.175     2.133 r  clk_movement_reg/Q
                         net (fo=2, routed)           0.303     2.436    clk_movement
    BUFGCTRL_X0Y0        BUFG (Prop_bufg_I_O)         0.029     2.465 r  clk_movement_BUFG_inst/O
                         net (fo=206, routed)         0.816     3.281    merge_controller/clk_movement_BUFG
    SLICE_X34Y26         FDCE                                         r  merge_controller/value_up_req_sync_reg[0]/C
                         clock pessimism             -0.244     3.037    
    SLICE_X34Y26         FDCE (Hold_fdce_C_D)         0.063     3.100    merge_controller/value_up_req_sync_reg[0]
  -------------------------------------------------------------------
                         required time                         -3.100    
                         arrival time                           3.318    
  -------------------------------------------------------------------
                         slack                                  0.219    

Slack (MET) :             0.238ns  (arrival time - required time)
  Source:                 sw[15]
                            (input port clocked by sys_clk_pin  {rise@0.000ns fall@5.000ns period=10.000ns})
  Destination:            merge_controller/work_array_reg[2][2]/D
                            (rising edge-triggered cell FDPE clocked by clk_movement  {rise@0.000ns fall@11111110.000ns period=22222220.000ns})
  Path Group:             clk_movement
  Path Type:              Hold (Min at Slow Process Corner)
  Requirement:            0.000ns  (clk_movement rise@0.000ns - sys_clk_pin rise@0.000ns)
  Data Path Delay:        6.415ns  (logic 1.586ns (24.719%)  route 4.830ns (75.281%))
  Logic Levels:           3  (IBUF=1 LUT6=2)
  Input Delay:            2.000ns
  Clock Path Skew:        7.908ns (DCD - SCD - CPR)
    Destination Clock Delay (DCD):    7.908ns
    Source Clock Delay      (SCD):    0.000ns
    Clock Pessimism Removal (CPR):    -0.000ns

    Location             Delay type                Incr(ns)  Path(ns)    Netlist Resource(s)
  -------------------------------------------------------------------    -------------------
                         (clock sys_clk_pin rise edge)
                                                      0.000     0.000 r  
                         input delay                  2.000     2.000    
    R2                                                0.000     2.000 f  sw[15] (IN)
                         net (fo=0)                   0.000     2.000    sw[15]
    R2                   IBUF (Prop_ibuf_I_O)         1.386     3.386 f  sw_IBUF[15]_inst/O
                         net (fo=187, routed)         3.732     7.118    merge_controller/led_OBUF[0]
    SLICE_X33Y9          LUT6 (Prop_lut6_I2_O)        0.100     7.218 r  merge_controller/work_array[2][2]_i_2/O
                         net (fo=1, routed)           1.098     8.315    merge_controller/work_array[2][2]_i_2_n_0
    SLICE_X33Y10         LUT6 (Prop_lut6_I3_O)        0.100     8.415 r  merge_controller/work_array[2][2]_i_1/O
                         net (fo=1, routed)           0.000     8.415    merge_controller/work_array[2][2]_i_1_n_0
    SLICE_X33Y10         FDPE                                         r  merge_controller/work_array_reg[2][2]/D
  -------------------------------------------------------------------    -------------------

                         (clock clk_movement rise edge)
                                                      0.000     0.000 r  
    W5                                                0.000     0.000 r  clk (IN)
                         net (fo=0)                   0.000     0.000    clk
    W5                   IBUF (Prop_ibuf_I_O)         1.458     1.458 r  clk_IBUF_inst/O
                         net (fo=1, routed)           1.967     3.425    clk_IBUF
    BUFGCTRL_X0Y1        BUFG (Prop_bufg_I_O)         0.096     3.521 r  clk_IBUF_BUFG_inst/O
                         net (fo=194, routed)         1.564     5.085    clk_IBUF_BUFG
    SLICE_X35Y46         FDRE (Prop_fdre_C_Q)         0.456     5.541 r  clk_movement_reg/Q
                         net (fo=2, routed)           0.708     6.249    clk_movement
    BUFGCTRL_X0Y0        BUFG (Prop_bufg_I_O)         0.096     6.345 r  clk_movement_BUFG_inst/O
                         net (fo=206, routed)         1.563     7.908    merge_controller/clk_movement_BUFG
    SLICE_X33Y10         FDPE                                         r  merge_controller/work_array_reg[2][2]/C
                         clock pessimism              0.000     7.908    
    SLICE_X33Y10         FDPE (Hold_fdpe_C_D)         0.269     8.177    merge_controller/work_array_reg[2][2]
  -------------------------------------------------------------------
                         required time                         -8.177    
                         arrival time                           8.415    
  -------------------------------------------------------------------
                         slack                                  0.238    





---------------------------------------------------------------------------------------------------
Path Group:  **async_default**
From Clock:  sys_clk_pin
  To Clock:  clk_movement

Setup :            0  Failing Endpoints,  Worst Slack 22212222.000ns,  Total Violation        0.000ns
Hold  :            0  Failing Endpoints,  Worst Slack        0.477ns,  Total Violation        0.000ns
---------------------------------------------------------------------------------------------------


Max Delay Paths
--------------------------------------------------------------------------------------
Slack (MET) :             22212222.000ns  (required time - arrival time)
  Source:                 sw[10]
                            (input port clocked by sys_clk_pin  {rise@0.000ns fall@5.000ns period=10.000ns})
  Destination:            merge_controller/array_colors_reg[0][2]/CLR
                            (recovery check against rising-edge clock clk_movement  {rise@0.000ns fall@11111110.000ns period=22222220.000ns})
  Path Group:             **async_default**
  Path Type:              Recovery (Max at Fast Process Corner)
  Requirement:            22212230.000ns  (clk_movement rise@22222220.000ns - sys_clk_pin rise@9990.000ns)
  Data Path Delay:        4.665ns  (logic 0.470ns (10.066%)  route 4.196ns (89.934%))
  Logic Levels:           2  (IBUF=1 LUT4=1)
  Input Delay:            4.000ns
  Clock Path Skew:        2.441ns (DCD - SCD + CPR)
    Destination Clock Delay (DCD):    2.441ns = ( 22222222.000 - 22222220.000 ) 
    Source Clock Delay      (SCD):    0.000ns = ( 9990.000 - 9990.000 ) 
    Clock Pessimism Removal (CPR):    0.000ns
  Clock Uncertainty:      0.035ns  ((TSJ^2 + TIJ^2)^1/2 + DJ) / 2 + PE
    Total System Jitter     (TSJ):    0.071ns
    Total Input Jitter      (TIJ):    0.000ns
    Discrete Jitter          (DJ):    0.000ns
    Phase Error              (PE):    0.000ns

    Location             Delay type                Incr(ns)  Path(ns)    Netlist Resource(s)
  -------------------------------------------------------------------    -------------------
                         (clock sys_clk_pin rise edge)
                                                   9990.000  9990.000 r  
                         input delay                  4.000  9994.000    
    T2                                                0.000  9994.000 r  sw[10] (IN)
                         net (fo=0)                   0.000  9994.000    sw[10]
    T2                   IBUF (Prop_ibuf_I_O)         0.414  9994.414 r  sw_IBUF[10]_inst/O
                         net (fo=17, routed)          2.204  9996.618    merge_controller/sw_IBUF[5]
    SLICE_X35Y26         LUT4 (Prop_lut4_I3_O)        0.056  9996.674 f  merge_controller/FSM_onehot_state[31]_i_1/O
                         net (fo=377, routed)         1.991  9998.665    merge_controller/btn_reset
    SLICE_X12Y17         FDCE                                         f  merge_controller/array_colors_reg[0][2]/CLR
  -------------------------------------------------------------------    -------------------

                         (clock clk_movement rise edge)
                                                  22222220.000 22222220.000 r  
    W5                                                0.000 22222220.000 r  clk (IN)
                         net (fo=0)                   0.000 22222220.000    clk
    W5                   IBUF (Prop_ibuf_I_O)         0.226 22222220.000 r  clk_IBUF_inst/O
                         net (fo=1, routed)           0.631 22222220.000    clk_IBUF
    BUFGCTRL_X0Y1        BUFG (Prop_bufg_I_O)         0.026 22222220.000 r  clk_IBUF_BUFG_inst/O
                         net (fo=194, routed)         0.562 22222220.000    clk_IBUF_BUFG
    SLICE_X35Y46         FDRE (Prop_fdre_C_Q)         0.141 22222220.000 r  clk_movement_reg/Q
                         net (fo=2, routed)           0.269 22222220.000    clk_movement
    BUFGCTRL_X0Y0        BUFG (Prop_bufg_I_O)         0.026 22222220.000 r  clk_movement_BUFG_inst/O
                         net (fo=206, routed)         0.560 22222220.000    merge_controller/clk_movement_BUFG
    SLICE_X12Y17         FDCE                                         r  merge_controller/array_colors_reg[0][2]/C
                         clock pessimism              0.000 22222220.000    
                         clock uncertainty           -0.035 22222220.000    
    SLICE_X12Y17         FDCE (Recov_fdce_C_CLR)     -0.105 22222220.000    merge_controller/array_colors_reg[0][2]
  -------------------------------------------------------------------
                         required time                      22222220.000    
                         arrival time                       -9998.665    
  -------------------------------------------------------------------
                         slack                              22212222.000    

Slack (MET) :             22212222.000ns  (required time - arrival time)
  Source:                 sw[10]
                            (input port clocked by sys_clk_pin  {rise@0.000ns fall@5.000ns period=10.000ns})
  Destination:            merge_controller/array_colors_reg[1][2]/CLR
                            (recovery check against rising-edge clock clk_movement  {rise@0.000ns fall@11111110.000ns period=22222220.000ns})
  Path Group:             **async_default**
  Path Type:              Recovery (Max at Fast Process Corner)
  Requirement:            22212230.000ns  (clk_movement rise@22222220.000ns - sys_clk_pin rise@9990.000ns)
  Data Path Delay:        4.670ns  (logic 0.470ns (10.055%)  route 4.201ns (89.945%))
  Logic Levels:           2  (IBUF=1 LUT4=1)
  Input Delay:            4.000ns
  Clock Path Skew:        2.442ns (DCD - SCD + CPR)
    Destination Clock Delay (DCD):    2.442ns = ( 22222222.000 - 22222220.000 ) 
    Source Clock Delay      (SCD):    0.000ns = ( 9990.000 - 9990.000 ) 
    Clock Pessimism Removal (CPR):    0.000ns
  Clock Uncertainty:      0.035ns  ((TSJ^2 + TIJ^2)^1/2 + DJ) / 2 + PE
    Total System Jitter     (TSJ):    0.071ns
    Total Input Jitter      (TIJ):    0.000ns
    Discrete Jitter          (DJ):    0.000ns
    Phase Error              (PE):    0.000ns

    Location             Delay type                Incr(ns)  Path(ns)    Netlist Resource(s)
  -------------------------------------------------------------------    -------------------
                         (clock sys_clk_pin rise edge)
                                                   9990.000  9990.000 r  
                         input delay                  4.000  9994.000    
    T2                                                0.000  9994.000 r  sw[10] (IN)
                         net (fo=0)                   0.000  9994.000    sw[10]
    T2                   IBUF (Prop_ibuf_I_O)         0.414  9994.414 r  sw_IBUF[10]_inst/O
                         net (fo=17, routed)          2.204  9996.618    merge_controller/sw_IBUF[5]
    SLICE_X35Y26         LUT4 (Prop_lut4_I3_O)        0.056  9996.674 f  merge_controller/FSM_onehot_state[31]_i_1/O
                         net (fo=377, routed)         1.996  9998.670    merge_controller/btn_reset
    SLICE_X13Y16         FDCE                                         f  merge_controller/array_colors_reg[1][2]/CLR
  -------------------------------------------------------------------    -------------------

                         (clock clk_movement rise edge)
                                                  22222220.000 22222220.000 r  
    W5                                                0.000 22222220.000 r  clk (IN)
                         net (fo=0)                   0.000 22222220.000    clk
    W5                   IBUF (Prop_ibuf_I_O)         0.226 22222220.000 r  clk_IBUF_inst/O
                         net (fo=1, routed)           0.631 22222220.000    clk_IBUF
    BUFGCTRL_X0Y1        BUFG (Prop_bufg_I_O)         0.026 22222220.000 r  clk_IBUF_BUFG_inst/O
                         net (fo=194, routed)         0.562 22222220.000    clk_IBUF_BUFG
    SLICE_X35Y46         FDRE (Prop_fdre_C_Q)         0.141 22222220.000 r  clk_movement_reg/Q
                         net (fo=2, routed)           0.269 22222220.000    clk_movement
    BUFGCTRL_X0Y0        BUFG (Prop_bufg_I_O)         0.026 22222220.000 r  clk_movement_BUFG_inst/O
                         net (fo=206, routed)         0.561 22222220.000    merge_controller/clk_movement_BUFG
    SLICE_X13Y16         FDCE                                         r  merge_controller/array_colors_reg[1][2]/C
                         clock pessimism              0.000 22222220.000    
                         clock uncertainty           -0.035 22222220.000    
    SLICE_X13Y16         FDCE (Recov_fdce_C_CLR)     -0.153 22222220.000    merge_controller/array_colors_reg[1][2]
  -------------------------------------------------------------------
                         required time                      22222220.000    
                         arrival time                       -9998.670    
  -------------------------------------------------------------------
                         slack                              22212222.000    

Slack (MET) :             22212222.000ns  (required time - arrival time)
  Source:                 sw[10]
                            (input port clocked by sys_clk_pin  {rise@0.000ns fall@5.000ns period=10.000ns})
  Destination:            merge_controller/array_colors_reg[3][0]/CLR
                            (recovery check against rising-edge clock clk_movement  {rise@0.000ns fall@11111110.000ns period=22222220.000ns})
  Path Group:             **async_default**
  Path Type:              Recovery (Max at Fast Process Corner)
  Requirement:            22212230.000ns  (clk_movement rise@22222220.000ns - sys_clk_pin rise@9990.000ns)
  Data Path Delay:        4.503ns  (logic 0.470ns (10.427%)  route 4.034ns (89.573%))
  Logic Levels:           2  (IBUF=1 LUT4=1)
  Input Delay:            4.000ns
  Clock Path Skew:        2.440ns (DCD - SCD + CPR)
    Destination Clock Delay (DCD):    2.440ns = ( 22222222.000 - 22222220.000 ) 
    Source Clock Delay      (SCD):    0.000ns = ( 9990.000 - 9990.000 ) 
    Clock Pessimism Removal (CPR):    0.000ns
  Clock Uncertainty:      0.035ns  ((TSJ^2 + TIJ^2)^1/2 + DJ) / 2 + PE
    Total System Jitter     (TSJ):    0.071ns
    Total Input Jitter      (TIJ):    0.000ns
    Discrete Jitter          (DJ):    0.000ns
    Phase Error              (PE):    0.000ns

    Location             Delay type                Incr(ns)  Path(ns)    Netlist Resource(s)
  -------------------------------------------------------------------    -------------------
                         (clock sys_clk_pin rise edge)
                                                   9990.000  9990.000 r  
                         input delay                  4.000  9994.000    
    T2                                                0.000  9994.000 r  sw[10] (IN)
                         net (fo=0)                   0.000  9994.000    sw[10]
    T2                   IBUF (Prop_ibuf_I_O)         0.414  9994.414 r  sw_IBUF[10]_inst/O
                         net (fo=17, routed)          2.204  9996.618    merge_controller/sw_IBUF[5]
    SLICE_X35Y26         LUT4 (Prop_lut4_I3_O)        0.056  9996.674 f  merge_controller/FSM_onehot_state[31]_i_1/O
                         net (fo=377, routed)         1.830  9998.504    merge_controller/btn_reset
    SLICE_X12Y18         FDCE                                         f  merge_controller/array_colors_reg[3][0]/CLR
  -------------------------------------------------------------------    -------------------

                         (clock clk_movement rise edge)
                                                  22222220.000 22222220.000 r  
    W5                                                0.000 22222220.000 r  clk (IN)
                         net (fo=0)                   0.000 22222220.000    clk
    W5                   IBUF (Prop_ibuf_I_O)         0.226 22222220.000 r  clk_IBUF_inst/O
                         net (fo=1, routed)           0.631 22222220.000    clk_IBUF
    BUFGCTRL_X0Y1        BUFG (Prop_bufg_I_O)         0.026 22222220.000 r  clk_IBUF_BUFG_inst/O
                         net (fo=194, routed)         0.562 22222220.000    clk_IBUF_BUFG
    SLICE_X35Y46         FDRE (Prop_fdre_C_Q)         0.141 22222220.000 r  clk_movement_reg/Q
                         net (fo=2, routed)           0.269 22222220.000    clk_movement
    BUFGCTRL_X0Y0        BUFG (Prop_bufg_I_O)         0.026 22222220.000 r  clk_movement_BUFG_inst/O
                         net (fo=206, routed)         0.559 22222220.000    merge_controller/clk_movement_BUFG
    SLICE_X12Y18         FDCE                                         r  merge_controller/array_colors_reg[3][0]/C
                         clock pessimism              0.000 22222220.000    
                         clock uncertainty           -0.035 22222220.000    
    SLICE_X12Y18         FDCE (Recov_fdce_C_CLR)     -0.105 22222220.000    merge_controller/array_colors_reg[3][0]
  -------------------------------------------------------------------
                         required time                      22222220.000    
                         arrival time                       -9998.504    
  -------------------------------------------------------------------
                         slack                              22212222.000    

Slack (MET) :             22212222.000ns  (required time - arrival time)
  Source:                 sw[10]
                            (input port clocked by sys_clk_pin  {rise@0.000ns fall@5.000ns period=10.000ns})
  Destination:            merge_controller/array_colors_reg[3][1]/CLR
                            (recovery check against rising-edge clock clk_movement  {rise@0.000ns fall@11111110.000ns period=22222220.000ns})
  Path Group:             **async_default**
  Path Type:              Recovery (Max at Fast Process Corner)
  Requirement:            22212230.000ns  (clk_movement rise@22222220.000ns - sys_clk_pin rise@9990.000ns)
  Data Path Delay:        4.503ns  (logic 0.470ns (10.427%)  route 4.034ns (89.573%))
  Logic Levels:           2  (IBUF=1 LUT4=1)
  Input Delay:            4.000ns
  Clock Path Skew:        2.440ns (DCD - SCD + CPR)
    Destination Clock Delay (DCD):    2.440ns = ( 22222222.000 - 22222220.000 ) 
    Source Clock Delay      (SCD):    0.000ns = ( 9990.000 - 9990.000 ) 
    Clock Pessimism Removal (CPR):    0.000ns
  Clock Uncertainty:      0.035ns  ((TSJ^2 + TIJ^2)^1/2 + DJ) / 2 + PE
    Total System Jitter     (TSJ):    0.071ns
    Total Input Jitter      (TIJ):    0.000ns
    Discrete Jitter          (DJ):    0.000ns
    Phase Error              (PE):    0.000ns

    Location             Delay type                Incr(ns)  Path(ns)    Netlist Resource(s)
  -------------------------------------------------------------------    -------------------
                         (clock sys_clk_pin rise edge)
                                                   9990.000  9990.000 r  
                         input delay                  4.000  9994.000    
    T2                                                0.000  9994.000 r  sw[10] (IN)
                         net (fo=0)                   0.000  9994.000    sw[10]
    T2                   IBUF (Prop_ibuf_I_O)         0.414  9994.414 r  sw_IBUF[10]_inst/O
                         net (fo=17, routed)          2.204  9996.618    merge_controller/sw_IBUF[5]
    SLICE_X35Y26         LUT4 (Prop_lut4_I3_O)        0.056  9996.674 f  merge_controller/FSM_onehot_state[31]_i_1/O
                         net (fo=377, routed)         1.830  9998.504    merge_controller/btn_reset
    SLICE_X13Y18         FDCE                                         f  merge_controller/array_colors_reg[3][1]/CLR
  -------------------------------------------------------------------    -------------------

                         (clock clk_movement rise edge)
                                                  22222220.000 22222220.000 r  
    W5                                                0.000 22222220.000 r  clk (IN)
                         net (fo=0)                   0.000 22222220.000    clk
    W5                   IBUF (Prop_ibuf_I_O)         0.226 22222220.000 r  clk_IBUF_inst/O
                         net (fo=1, routed)           0.631 22222220.000    clk_IBUF
    BUFGCTRL_X0Y1        BUFG (Prop_bufg_I_O)         0.026 22222220.000 r  clk_IBUF_BUFG_inst/O
                         net (fo=194, routed)         0.562 22222220.000    clk_IBUF_BUFG
    SLICE_X35Y46         FDRE (Prop_fdre_C_Q)         0.141 22222220.000 r  clk_movement_reg/Q
                         net (fo=2, routed)           0.269 22222220.000    clk_movement
    BUFGCTRL_X0Y0        BUFG (Prop_bufg_I_O)         0.026 22222220.000 r  clk_movement_BUFG_inst/O
                         net (fo=206, routed)         0.559 22222220.000    merge_controller/clk_movement_BUFG
    SLICE_X13Y18         FDCE                                         r  merge_controller/array_colors_reg[3][1]/C
                         clock pessimism              0.000 22222220.000    
                         clock uncertainty           -0.035 22222220.000    
    SLICE_X13Y18         FDCE (Recov_fdce_C_CLR)     -0.153 22222220.000    merge_controller/array_colors_reg[3][1]
  -------------------------------------------------------------------
                         required time                      22222220.000    
                         arrival time                       -9998.504    
  -------------------------------------------------------------------
                         slack                              22212222.000    

Slack (MET) :             22212222.000ns  (required time - arrival time)
  Source:                 sw[10]
                            (input port clocked by sys_clk_pin  {rise@0.000ns fall@5.000ns period=10.000ns})
  Destination:            merge_controller/array_colors_reg[4][0]/CLR
                            (recovery check against rising-edge clock clk_movement  {rise@0.000ns fall@11111110.000ns period=22222220.000ns})
  Path Group:             **async_default**
  Path Type:              Recovery (Max at Fast Process Corner)
  Requirement:            22212230.000ns  (clk_movement rise@22222220.000ns - sys_clk_pin rise@9990.000ns)
  Data Path Delay:        4.497ns  (logic 0.470ns (10.443%)  route 4.027ns (89.557%))
  Logic Levels:           2  (IBUF=1 LUT4=1)
  Input Delay:            4.000ns
  Clock Path Skew:        2.438ns (DCD - SCD + CPR)
    Destination Clock Delay (DCD):    2.438ns = ( 22222222.000 - 22222220.000 ) 
    Source Clock Delay      (SCD):    0.000ns = ( 9990.000 - 9990.000 ) 
    Clock Pessimism Removal (CPR):    0.000ns
  Clock Uncertainty:      0.035ns  ((TSJ^2 + TIJ^2)^1/2 + DJ) / 2 + PE
    Total System Jitter     (TSJ):    0.071ns
    Total Input Jitter      (TIJ):    0.000ns
    Discrete Jitter          (DJ):    0.000ns
    Phase Error              (PE):    0.000ns

    Location             Delay type                Incr(ns)  Path(ns)    Netlist Resource(s)
  -------------------------------------------------------------------    -------------------
                         (clock sys_clk_pin rise edge)
                                                   9990.000  9990.000 r  
                         input delay                  4.000  9994.000    
    T2                                                0.000  9994.000 r  sw[10] (IN)
                         net (fo=0)                   0.000  9994.000    sw[10]
    T2                   IBUF (Prop_ibuf_I_O)         0.414  9994.414 r  sw_IBUF[10]_inst/O
                         net (fo=17, routed)          2.204  9996.618    merge_controller/sw_IBUF[5]
    SLICE_X35Y26         LUT4 (Prop_lut4_I3_O)        0.056  9996.674 f  merge_controller/FSM_onehot_state[31]_i_1/O
                         net (fo=377, routed)         1.823  9998.497    merge_controller/btn_reset
    SLICE_X15Y20         FDCE                                         f  merge_controller/array_colors_reg[4][0]/CLR
  -------------------------------------------------------------------    -------------------

                         (clock clk_movement rise edge)
                                                  22222220.000 22222220.000 r  
    W5                                                0.000 22222220.000 r  clk (IN)
                         net (fo=0)                   0.000 22222220.000    clk
    W5                   IBUF (Prop_ibuf_I_O)         0.226 22222220.000 r  clk_IBUF_inst/O
                         net (fo=1, routed)           0.631 22222220.000    clk_IBUF
    BUFGCTRL_X0Y1        BUFG (Prop_bufg_I_O)         0.026 22222220.000 r  clk_IBUF_BUFG_inst/O
                         net (fo=194, routed)         0.562 22222220.000    clk_IBUF_BUFG
    SLICE_X35Y46         FDRE (Prop_fdre_C_Q)         0.141 22222220.000 r  clk_movement_reg/Q
                         net (fo=2, routed)           0.269 22222220.000    clk_movement
    BUFGCTRL_X0Y0        BUFG (Prop_bufg_I_O)         0.026 22222220.000 r  clk_movement_BUFG_inst/O
                         net (fo=206, routed)         0.557 22222220.000    merge_controller/clk_movement_BUFG
    SLICE_X15Y20         FDCE                                         r  merge_controller/array_colors_reg[4][0]/C
                         clock pessimism              0.000 22222220.000    
                         clock uncertainty           -0.035 22222220.000    
    SLICE_X15Y20         FDCE (Recov_fdce_C_CLR)     -0.153 22222220.000    merge_controller/array_colors_reg[4][0]
  -------------------------------------------------------------------
                         required time                      22222220.000    
                         arrival time                       -9998.496    
  -------------------------------------------------------------------
                         slack                              22212222.000    

Slack (MET) :             22212222.000ns  (required time - arrival time)
  Source:                 sw[10]
                            (input port clocked by sys_clk_pin  {rise@0.000ns fall@5.000ns period=10.000ns})
  Destination:            merge_controller/array_colors_reg[4][1]/CLR
                            (recovery check against rising-edge clock clk_movement  {rise@0.000ns fall@11111110.000ns period=22222220.000ns})
  Path Group:             **async_default**
  Path Type:              Recovery (Max at Fast Process Corner)
  Requirement:            22212230.000ns  (clk_movement rise@22222220.000ns - sys_clk_pin rise@9990.000ns)
  Data Path Delay:        4.551ns  (logic 0.470ns (10.319%)  route 4.081ns (89.681%))
  Logic Levels:           2  (IBUF=1 LUT4=1)
  Input Delay:            4.000ns
  Clock Path Skew:        2.439ns (DCD - SCD + CPR)
    Destination Clock Delay (DCD):    2.439ns = ( 22222222.000 - 22222220.000 ) 
    Source Clock Delay      (SCD):    0.000ns = ( 9990.000 - 9990.000 ) 
    Clock Pessimism Removal (CPR):    0.000ns
  Clock Uncertainty:      0.035ns  ((TSJ^2 + TIJ^2)^1/2 + DJ) / 2 + PE
    Total System Jitter     (TSJ):    0.071ns
    Total Input Jitter      (TIJ):    0.000ns
    Discrete Jitter          (DJ):    0.000ns
    Phase Error              (PE):    0.000ns

    Location             Delay type                Incr(ns)  Path(ns)    Netlist Resource(s)
  -------------------------------------------------------------------    -------------------
                         (clock sys_clk_pin rise edge)
                                                   9990.000  9990.000 r  
                         input delay                  4.000  9994.000    
    T2                                                0.000  9994.000 r  sw[10] (IN)
                         net (fo=0)                   0.000  9994.000    sw[10]
    T2                   IBUF (Prop_ibuf_I_O)         0.414  9994.414 r  sw_IBUF[10]_inst/O
                         net (fo=17, routed)          2.204  9996.618    merge_controller/sw_IBUF[5]
    SLICE_X35Y26         LUT4 (Prop_lut4_I3_O)        0.056  9996.674 f  merge_controller/FSM_onehot_state[31]_i_1/O
                         net (fo=377, routed)         1.877  9998.551    merge_controller/btn_reset
    SLICE_X13Y19         FDCE                                         f  merge_controller/array_colors_reg[4][1]/CLR
  -------------------------------------------------------------------    -------------------

                         (clock clk_movement rise edge)
                                                  22222220.000 22222220.000 r  
    W5                                                0.000 22222220.000 r  clk (IN)
                         net (fo=0)                   0.000 22222220.000    clk
    W5                   IBUF (Prop_ibuf_I_O)         0.226 22222220.000 r  clk_IBUF_inst/O
                         net (fo=1, routed)           0.631 22222220.000    clk_IBUF
    BUFGCTRL_X0Y1        BUFG (Prop_bufg_I_O)         0.026 22222220.000 r  clk_IBUF_BUFG_inst/O
                         net (fo=194, routed)         0.562 22222220.000    clk_IBUF_BUFG
    SLICE_X35Y46         FDRE (Prop_fdre_C_Q)         0.141 22222220.000 r  clk_movement_reg/Q
                         net (fo=2, routed)           0.269 22222220.000    clk_movement
    BUFGCTRL_X0Y0        BUFG (Prop_bufg_I_O)         0.026 22222220.000 r  clk_movement_BUFG_inst/O
                         net (fo=206, routed)         0.558 22222220.000    merge_controller/clk_movement_BUFG
    SLICE_X13Y19         FDCE                                         r  merge_controller/array_colors_reg[4][1]/C
                         clock pessimism              0.000 22222220.000    
                         clock uncertainty           -0.035 22222220.000    
    SLICE_X13Y19         FDCE (Recov_fdce_C_CLR)     -0.153 22222220.000    merge_controller/array_colors_reg[4][1]
  -------------------------------------------------------------------
                         required time                      22222220.000    
                         arrival time                       -9998.551    
  -------------------------------------------------------------------
                         slack                              22212222.000    

Slack (MET) :             22212222.000ns  (required time - arrival time)
  Source:                 sw[10]
                            (input port clocked by sys_clk_pin  {rise@0.000ns fall@5.000ns period=10.000ns})
  Destination:            merge_controller/array_colors_reg[4][2]/CLR
                            (recovery check against rising-edge clock clk_movement  {rise@0.000ns fall@11111110.000ns period=22222220.000ns})
  Path Group:             **async_default**
  Path Type:              Recovery (Max at Fast Process Corner)
  Requirement:            22212230.000ns  (clk_movement rise@22222220.000ns - sys_clk_pin rise@9990.000ns)
  Data Path Delay:        4.497ns  (logic 0.470ns (10.443%)  route 4.027ns (89.557%))
  Logic Levels:           2  (IBUF=1 LUT4=1)
  Input Delay:            4.000ns
  Clock Path Skew:        2.438ns (DCD - SCD + CPR)
    Destination Clock Delay (DCD):    2.438ns = ( 22222222.000 - 22222220.000 ) 
    Source Clock Delay      (SCD):    0.000ns = ( 9990.000 - 9990.000 ) 
    Clock Pessimism Removal (CPR):    0.000ns
  Clock Uncertainty:      0.035ns  ((TSJ^2 + TIJ^2)^1/2 + DJ) / 2 + PE
    Total System Jitter     (TSJ):    0.071ns
    Total Input Jitter      (TIJ):    0.000ns
    Discrete Jitter          (DJ):    0.000ns
    Phase Error              (PE):    0.000ns

    Location             Delay type                Incr(ns)  Path(ns)    Netlist Resource(s)
  -------------------------------------------------------------------    -------------------
                         (clock sys_clk_pin rise edge)
                                                   9990.000  9990.000 r  
                         input delay                  4.000  9994.000    
    T2                                                0.000  9994.000 r  sw[10] (IN)
                         net (fo=0)                   0.000  9994.000    sw[10]
    T2                   IBUF (Prop_ibuf_I_O)         0.414  9994.414 r  sw_IBUF[10]_inst/O
                         net (fo=17, routed)          2.204  9996.618    merge_controller/sw_IBUF[5]
    SLICE_X35Y26         LUT4 (Prop_lut4_I3_O)        0.056  9996.674 f  merge_controller/FSM_onehot_state[31]_i_1/O
                         net (fo=377, routed)         1.823  9998.497    merge_controller/btn_reset
    SLICE_X15Y20         FDCE                                         f  merge_controller/array_colors_reg[4][2]/CLR
  -------------------------------------------------------------------    -------------------

                         (clock clk_movement rise edge)
                                                  22222220.000 22222220.000 r  
    W5                                                0.000 22222220.000 r  clk (IN)
                         net (fo=0)                   0.000 22222220.000    clk
    W5                   IBUF (Prop_ibuf_I_O)         0.226 22222220.000 r  clk_IBUF_inst/O
                         net (fo=1, routed)           0.631 22222220.000    clk_IBUF
    BUFGCTRL_X0Y1        BUFG (Prop_bufg_I_O)         0.026 22222220.000 r  clk_IBUF_BUFG_inst/O
                         net (fo=194, routed)         0.562 22222220.000    clk_IBUF_BUFG
    SLICE_X35Y46         FDRE (Prop_fdre_C_Q)         0.141 22222220.000 r  clk_movement_reg/Q
                         net (fo=2, routed)           0.269 22222220.000    clk_movement
    BUFGCTRL_X0Y0        BUFG (Prop_bufg_I_O)         0.026 22222220.000 r  clk_movement_BUFG_inst/O
                         net (fo=206, routed)         0.557 22222220.000    merge_controller/clk_movement_BUFG
    SLICE_X15Y20         FDCE                                         r  merge_controller/array_colors_reg[4][2]/C
                         clock pessimism              0.000 22222220.000    
                         clock uncertainty           -0.035 22222220.000    
    SLICE_X15Y20         FDCE (Recov_fdce_C_CLR)     -0.153 22222220.000    merge_controller/array_colors_reg[4][2]
  -------------------------------------------------------------------
                         required time                      22222220.000    
                         arrival time                       -9998.496    
  -------------------------------------------------------------------
                         slack                              22212222.000    

Slack (MET) :             22212222.000ns  (required time - arrival time)
  Source:                 sw[10]
                            (input port clocked by sys_clk_pin  {rise@0.000ns fall@5.000ns period=10.000ns})
  Destination:            merge_controller/array_positions_x_reg[0][0]/PRE
                            (recovery check against rising-edge clock clk_movement  {rise@0.000ns fall@11111110.000ns period=22222220.000ns})
  Path Group:             **async_default**
  Path Type:              Recovery (Max at Slow Process Corner)
  Requirement:            22212230.000ns  (clk_movement rise@22222220.000ns - sys_clk_pin rise@9990.000ns)
  Data Path Delay:        10.305ns  (logic 1.582ns (15.351%)  route 8.723ns (84.649%))
  Logic Levels:           2  (IBUF=1 LUT4=1)
  Input Delay:            4.000ns
  Clock Path Skew:        7.322ns (DCD - SCD + CPR)
    Destination Clock Delay (DCD):    7.322ns = ( 22222228.000 - 22222220.000 ) 
    Source Clock Delay      (SCD):    0.000ns = ( 9990.000 - 9990.000 ) 
    Clock Pessimism Removal (CPR):    0.000ns
  Clock Uncertainty:      0.035ns  ((TSJ^2 + TIJ^2)^1/2 + DJ) / 2 + PE
    Total System Jitter     (TSJ):    0.071ns
    Total Input Jitter      (TIJ):    0.000ns
    Discrete Jitter          (DJ):    0.000ns
    Phase Error              (PE):    0.000ns

    Location             Delay type                Incr(ns)  Path(ns)    Netlist Resource(s)
  -------------------------------------------------------------------    -------------------
                         (clock sys_clk_pin rise edge)
                                                   9990.000  9990.000 r  
                         input delay                  4.000  9994.000    
    T2                                                0.000  9994.000 r  sw[10] (IN)
                         net (fo=0)                   0.000  9994.000    sw[10]
    T2                   IBUF (Prop_ibuf_I_O)         1.458  9995.458 r  sw_IBUF[10]_inst/O
                         net (fo=17, routed)          4.300  9999.758    merge_controller/sw_IBUF[5]
    SLICE_X35Y26         LUT4 (Prop_lut4_I3_O)        0.124  9999.882 f  merge_controller/FSM_onehot_state[31]_i_1/O
                         net (fo=377, routed)         4.422 10004.305    merge_controller/btn_reset
    SLICE_X15Y7          FDPE                                         f  merge_controller/array_positions_x_reg[0][0]/PRE
  -------------------------------------------------------------------    -------------------

                         (clock clk_movement rise edge)
                                                  22222220.000 22222220.000 r  
    W5                                                0.000 22222220.000 r  clk (IN)
                         net (fo=0)                   0.000 22222220.000    clk
    W5                   IBUF (Prop_ibuf_I_O)         1.388 22222222.000 r  clk_IBUF_inst/O
                         net (fo=1, routed)           1.862 22222224.000    clk_IBUF
    BUFGCTRL_X0Y1        BUFG (Prop_bufg_I_O)         0.091 22222224.000 r  clk_IBUF_BUFG_inst/O
                         net (fo=194, routed)         1.444 22222226.000    clk_IBUF_BUFG
    SLICE_X35Y46         FDRE (Prop_fdre_C_Q)         0.367 22222226.000 r  clk_movement_reg/Q
                         net (fo=2, routed)           0.629 22222226.000    clk_movement
    BUFGCTRL_X0Y0        BUFG (Prop_bufg_I_O)         0.091 22222226.000 r  clk_movement_BUFG_inst/O
                         net (fo=206, routed)         1.449 22222228.000    merge_controller/clk_movement_BUFG
    SLICE_X15Y7          FDPE                                         r  merge_controller/array_positions_x_reg[0][0]/C
                         clock pessimism              0.000 22222228.000    
                         clock uncertainty           -0.035 22222228.000    
    SLICE_X15Y7          FDPE (Recov_fdpe_C_PRE)     -0.359 22222228.000    merge_controller/array_positions_x_reg[0][0]
  -------------------------------------------------------------------
                         required time                      22222226.000    
                         arrival time                       -10004.305    
  -------------------------------------------------------------------
                         slack                              22212222.000    

Slack (MET) :             22212222.000ns  (required time - arrival time)
  Source:                 sw[10]
                            (input port clocked by sys_clk_pin  {rise@0.000ns fall@5.000ns period=10.000ns})
  Destination:            merge_controller/array_positions_x_reg[0][1]/CLR
                            (recovery check against rising-edge clock clk_movement  {rise@0.000ns fall@11111110.000ns period=22222220.000ns})
  Path Group:             **async_default**
  Path Type:              Recovery (Max at Slow Process Corner)
  Requirement:            22212230.000ns  (clk_movement rise@22222220.000ns - sys_clk_pin rise@9990.000ns)
  Data Path Delay:        9.977ns  (logic 1.582ns (15.855%)  route 8.395ns (84.145%))
  Logic Levels:           2  (IBUF=1 LUT4=1)
  Input Delay:            4.000ns
  Clock Path Skew:        7.321ns (DCD - SCD + CPR)
    Destination Clock Delay (DCD):    7.321ns = ( 22222228.000 - 22222220.000 ) 
    Source Clock Delay      (SCD):    0.000ns = ( 9990.000 - 9990.000 ) 
    Clock Pessimism Removal (CPR):    0.000ns
  Clock Uncertainty:      0.035ns  ((TSJ^2 + TIJ^2)^1/2 + DJ) / 2 + PE
    Total System Jitter     (TSJ):    0.071ns
    Total Input Jitter      (TIJ):    0.000ns
    Discrete Jitter          (DJ):    0.000ns
    Phase Error              (PE):    0.000ns

    Location             Delay type                Incr(ns)  Path(ns)    Netlist Resource(s)
  -------------------------------------------------------------------    -------------------
                         (clock sys_clk_pin rise edge)
                                                   9990.000  9990.000 r  
                         input delay                  4.000  9994.000    
    T2                                                0.000  9994.000 r  sw[10] (IN)
                         net (fo=0)                   0.000  9994.000    sw[10]
    T2                   IBUF (Prop_ibuf_I_O)         1.458  9995.458 r  sw_IBUF[10]_inst/O
                         net (fo=17, routed)          4.300  9999.758    merge_controller/sw_IBUF[5]
    SLICE_X35Y26         LUT4 (Prop_lut4_I3_O)        0.124  9999.882 f  merge_controller/FSM_onehot_state[31]_i_1/O
                         net (fo=377, routed)         4.095 10003.977    merge_controller/btn_reset
    SLICE_X15Y9          FDCE                                         f  merge_controller/array_positions_x_reg[0][1]/CLR
  -------------------------------------------------------------------    -------------------

                         (clock clk_movement rise edge)
                                                  22222220.000 22222220.000 r  
    W5                                                0.000 22222220.000 r  clk (IN)
                         net (fo=0)                   0.000 22222220.000    clk
    W5                   IBUF (Prop_ibuf_I_O)         1.388 22222222.000 r  clk_IBUF_inst/O
                         net (fo=1, routed)           1.862 22222224.000    clk_IBUF
    BUFGCTRL_X0Y1        BUFG (Prop_bufg_I_O)         0.091 22222224.000 r  clk_IBUF_BUFG_inst/O
                         net (fo=194, routed)         1.444 22222226.000    clk_IBUF_BUFG
    SLICE_X35Y46         FDRE (Prop_fdre_C_Q)         0.367 22222226.000 r  clk_movement_reg/Q
                         net (fo=2, routed)           0.629 22222226.000    clk_movement
    BUFGCTRL_X0Y0        BUFG (Prop_bufg_I_O)         0.091 22222226.000 r  clk_movement_BUFG_inst/O
                         net (fo=206, routed)         1.448 22222228.000    merge_controller/clk_movement_BUFG
    SLICE_X15Y9          FDCE                                         r  merge_controller/array_positions_x_reg[0][1]/C
                         clock pessimism              0.000 22222228.000    
                         clock uncertainty           -0.035 22222228.000    
    SLICE_X15Y9          FDCE (Recov_fdce_C_CLR)     -0.405 22222228.000    merge_controller/array_positions_x_reg[0][1]
  -------------------------------------------------------------------
                         required time                      22222226.000    
                         arrival time                       -10003.977    
  -------------------------------------------------------------------
                         slack                              22212222.000    

Slack (MET) :             22212222.000ns  (required time - arrival time)
  Source:                 sw[10]
                            (input port clocked by sys_clk_pin  {rise@0.000ns fall@5.000ns period=10.000ns})
  Destination:            merge_controller/array_positions_x_reg[0][2]/CLR
                            (recovery check against rising-edge clock clk_movement  {rise@0.000ns fall@11111110.000ns period=22222220.000ns})
  Path Group:             **async_default**
  Path Type:              Recovery (Max at Slow Process Corner)
  Requirement:            22212230.000ns  (clk_movement rise@22222220.000ns - sys_clk_pin rise@9990.000ns)
  Data Path Delay:        10.116ns  (logic 1.582ns (15.638%)  route 8.534ns (84.362%))
  Logic Levels:           2  (IBUF=1 LUT4=1)
  Input Delay:            4.000ns
  Clock Path Skew:        7.321ns (DCD - SCD + CPR)
    Destination Clock Delay (DCD):    7.321ns = ( 22222228.000 - 22222220.000 ) 
    Source Clock Delay      (SCD):    0.000ns = ( 9990.000 - 9990.000 ) 
    Clock Pessimism Removal (CPR):    0.000ns
  Clock Uncertainty:      0.035ns  ((TSJ^2 + TIJ^2)^1/2 + DJ) / 2 + PE
    Total System Jitter     (TSJ):    0.071ns
    Total Input Jitter      (TIJ):    0.000ns
    Discrete Jitter          (DJ):    0.000ns
    Phase Error              (PE):    0.000ns

    Location             Delay type                Incr(ns)  Path(ns)    Netlist Resource(s)
  -------------------------------------------------------------------    -------------------
                         (clock sys_clk_pin rise edge)
                                                   9990.000  9990.000 r  
                         input delay                  4.000  9994.000    
    T2                                                0.000  9994.000 r  sw[10] (IN)
                         net (fo=0)                   0.000  9994.000    sw[10]
    T2                   IBUF (Prop_ibuf_I_O)         1.458  9995.458 r  sw_IBUF[10]_inst/O
                         net (fo=17, routed)          4.300  9999.758    merge_controller/sw_IBUF[5]
    SLICE_X35Y26         LUT4 (Prop_lut4_I3_O)        0.124  9999.882 f  merge_controller/FSM_onehot_state[31]_i_1/O
                         net (fo=377, routed)         4.233 10004.115    merge_controller/btn_reset
    SLICE_X15Y10         FDCE                                         f  merge_controller/array_positions_x_reg[0][2]/CLR
  -------------------------------------------------------------------    -------------------

                         (clock clk_movement rise edge)
                                                  22222220.000 22222220.000 r  
    W5                                                0.000 22222220.000 r  clk (IN)
                         net (fo=0)                   0.000 22222220.000    clk
    W5                   IBUF (Prop_ibuf_I_O)         1.388 22222222.000 r  clk_IBUF_inst/O
                         net (fo=1, routed)           1.862 22222224.000    clk_IBUF
    BUFGCTRL_X0Y1        BUFG (Prop_bufg_I_O)         0.091 22222224.000 r  clk_IBUF_BUFG_inst/O
                         net (fo=194, routed)         1.444 22222226.000    clk_IBUF_BUFG
    SLICE_X35Y46         FDRE (Prop_fdre_C_Q)         0.367 22222226.000 r  clk_movement_reg/Q
                         net (fo=2, routed)           0.629 22222226.000    clk_movement
    BUFGCTRL_X0Y0        BUFG (Prop_bufg_I_O)         0.091 22222226.000 r  clk_movement_BUFG_inst/O
                         net (fo=206, routed)         1.448 22222228.000    merge_controller/clk_movement_BUFG
    SLICE_X15Y10         FDCE                                         r  merge_controller/array_positions_x_reg[0][2]/C
                         clock pessimism              0.000 22222228.000    
                         clock uncertainty           -0.035 22222228.000    
    SLICE_X15Y10         FDCE (Recov_fdce_C_CLR)     -0.405 22222228.000    merge_controller/array_positions_x_reg[0][2]
  -------------------------------------------------------------------
                         required time                      22222226.000    
                         arrival time                       -10004.115    
  -------------------------------------------------------------------
                         slack                              22212222.000    





Min Delay Paths
--------------------------------------------------------------------------------------
Slack (MET) :             0.477ns  (arrival time - required time)
  Source:                 btnC_sync_reg[1]/C
                            (rising edge-triggered cell FDRE clocked by sys_clk_pin  {rise@0.000ns fall@5.000ns period=10.000ns})
  Destination:            merge_controller/check_answer_req_sync_reg[0]/CLR
                            (removal check against rising-edge clock clk_movement  {rise@0.000ns fall@11111110.000ns period=22222220.000ns})
  Path Group:             **async_default**
  Path Type:              Removal (Min at Fast Process Corner)
  Requirement:            0.000ns  (clk_movement rise@0.000ns - sys_clk_pin rise@0.000ns)
  Data Path Delay:        2.006ns  (logic 0.209ns (10.418%)  route 1.797ns (89.582%))
  Logic Levels:           1  (LUT4=1)
  Clock Path Skew:        1.596ns (DCD - SCD - CPR)
    Destination Clock Delay (DCD):    3.281ns
    Source Clock Delay      (SCD):    1.440ns
    Clock Pessimism Removal (CPR):    0.244ns

    Location             Delay type                Incr(ns)  Path(ns)    Netlist Resource(s)
  -------------------------------------------------------------------    -------------------
                         (clock sys_clk_pin rise edge)
                                                      0.000     0.000 r  
    W5                                                0.000     0.000 r  clk (IN)
                         net (fo=0)                   0.000     0.000    clk
    W5                   IBUF (Prop_ibuf_I_O)         0.226     0.226 r  clk_IBUF_inst/O
                         net (fo=1, routed)           0.631     0.858    clk_IBUF
    BUFGCTRL_X0Y1        BUFG (Prop_bufg_I_O)         0.026     0.884 r  clk_IBUF_BUFG_inst/O
                         net (fo=194, routed)         0.557     1.440    clk_IBUF_BUFG
    SLICE_X14Y20         FDRE                                         r  btnC_sync_reg[1]/C
  -------------------------------------------------------------------    -------------------
    SLICE_X14Y20         FDRE (Prop_fdre_C_Q)         0.164     1.604 r  btnC_sync_reg[1]/Q
                         net (fo=6, routed)           1.130     2.734    merge_controller/Q[0]
    SLICE_X35Y26         LUT4 (Prop_lut4_I0_O)        0.045     2.779 f  merge_controller/FSM_onehot_state[31]_i_1/O
                         net (fo=377, routed)         0.667     3.446    merge_controller/btn_reset
    SLICE_X34Y26         FDCE                                         f  merge_controller/check_answer_req_sync_reg[0]/CLR
  -------------------------------------------------------------------    -------------------

                         (clock clk_movement rise edge)
                                                      0.000     0.000 r  
    W5                                                0.000     0.000 r  clk (IN)
                         net (fo=0)                   0.000     0.000    clk
    W5                   IBUF (Prop_ibuf_I_O)         0.414     0.414 r  clk_IBUF_inst/O
                         net (fo=1, routed)           0.685     1.099    clk_IBUF
    BUFGCTRL_X0Y1        BUFG (Prop_bufg_I_O)         0.029     1.128 r  clk_IBUF_BUFG_inst/O
                         net (fo=194, routed)         0.831     1.958    clk_IBUF_BUFG
    SLICE_X35Y46         FDRE (Prop_fdre_C_Q)         0.175     2.133 r  clk_movement_reg/Q
                         net (fo=2, routed)           0.303     2.436    clk_movement
    BUFGCTRL_X0Y0        BUFG (Prop_bufg_I_O)         0.029     2.465 r  clk_movement_BUFG_inst/O
                         net (fo=206, routed)         0.816     3.281    merge_controller/clk_movement_BUFG
    SLICE_X34Y26         FDCE                                         r  merge_controller/check_answer_req_sync_reg[0]/C
                         clock pessimism             -0.244     3.037    
    SLICE_X34Y26         FDCE (Remov_fdce_C_CLR)     -0.067     2.970    merge_controller/check_answer_req_sync_reg[0]
  -------------------------------------------------------------------
                         required time                         -2.970    
                         arrival time                           3.446    
  -------------------------------------------------------------------
                         slack                                  0.477    

Slack (MET) :             0.477ns  (arrival time - required time)
  Source:                 btnC_sync_reg[1]/C
                            (rising edge-triggered cell FDRE clocked by sys_clk_pin  {rise@0.000ns fall@5.000ns period=10.000ns})
  Destination:            merge_controller/check_answer_req_sync_reg[1]/CLR
                            (removal check against rising-edge clock clk_movement  {rise@0.000ns fall@11111110.000ns period=22222220.000ns})
  Path Group:             **async_default**
  Path Type:              Removal (Min at Fast Process Corner)
  Requirement:            0.000ns  (clk_movement rise@0.000ns - sys_clk_pin rise@0.000ns)
  Data Path Delay:        2.006ns  (logic 0.209ns (10.418%)  route 1.797ns (89.582%))
  Logic Levels:           1  (LUT4=1)
  Clock Path Skew:        1.596ns (DCD - SCD - CPR)
    Destination Clock Delay (DCD):    3.281ns
    Source Clock Delay      (SCD):    1.440ns
    Clock Pessimism Removal (CPR):    0.244ns

    Location             Delay type                Incr(ns)  Path(ns)    Netlist Resource(s)
  -------------------------------------------------------------------    -------------------
                         (clock sys_clk_pin rise edge)
                                                      0.000     0.000 r  
    W5                                                0.000     0.000 r  clk (IN)
                         net (fo=0)                   0.000     0.000    clk
    W5                   IBUF (Prop_ibuf_I_O)         0.226     0.226 r  clk_IBUF_inst/O
                         net (fo=1, routed)           0.631     0.858    clk_IBUF
    BUFGCTRL_X0Y1        BUFG (Prop_bufg_I_O)         0.026     0.884 r  clk_IBUF_BUFG_inst/O
                         net (fo=194, routed)         0.557     1.440    clk_IBUF_BUFG
    SLICE_X14Y20         FDRE                                         r  btnC_sync_reg[1]/C
  -------------------------------------------------------------------    -------------------
    SLICE_X14Y20         FDRE (Prop_fdre_C_Q)         0.164     1.604 r  btnC_sync_reg[1]/Q
                         net (fo=6, routed)           1.130     2.734    merge_controller/Q[0]
    SLICE_X35Y26         LUT4 (Prop_lut4_I0_O)        0.045     2.779 f  merge_controller/FSM_onehot_state[31]_i_1/O
                         net (fo=377, routed)         0.667     3.446    merge_controller/btn_reset
    SLICE_X34Y26         FDCE                                         f  merge_controller/check_answer_req_sync_reg[1]/CLR
  -------------------------------------------------------------------    -------------------

                         (clock clk_movement rise edge)
                                                      0.000     0.000 r  
    W5                                                0.000     0.000 r  clk (IN)
                         net (fo=0)                   0.000     0.000    clk
    W5                   IBUF (Prop_ibuf_I_O)         0.414     0.414 r  clk_IBUF_inst/O
                         net (fo=1, routed)           0.685     1.099    clk_IBUF
    BUFGCTRL_X0Y1        BUFG (Prop_bufg_I_O)         0.029     1.128 r  clk_IBUF_BUFG_inst/O
                         net (fo=194, routed)         0.831     1.958    clk_IBUF_BUFG
    SLICE_X35Y46         FDRE (Prop_fdre_C_Q)         0.175     2.133 r  clk_movement_reg/Q
                         net (fo=2, routed)           0.303     2.436    clk_movement
    BUFGCTRL_X0Y0        BUFG (Prop_bufg_I_O)         0.029     2.465 r  clk_movement_BUFG_inst/O
                         net (fo=206, routed)         0.816     3.281    merge_controller/clk_movement_BUFG
    SLICE_X34Y26         FDCE                                         r  merge_controller/check_answer_req_sync_reg[1]/C
                         clock pessimism             -0.244     3.037    
    SLICE_X34Y26         FDCE (Remov_fdce_C_CLR)     -0.067     2.970    merge_controller/check_answer_req_sync_reg[1]
  -------------------------------------------------------------------
                         required time                         -2.970    
                         arrival time                           3.446    
  -------------------------------------------------------------------
                         slack                                  0.477    

Slack (MET) :             0.477ns  (arrival time - required time)
  Source:                 btnC_sync_reg[1]/C
                            (rising edge-triggered cell FDRE clocked by sys_clk_pin  {rise@0.000ns fall@5.000ns period=10.000ns})
  Destination:            merge_controller/cursor_left_req_sync_reg[0]/CLR
                            (removal check against rising-edge clock clk_movement  {rise@0.000ns fall@11111110.000ns period=22222220.000ns})
  Path Group:             **async_default**
  Path Type:              Removal (Min at Fast Process Corner)
  Requirement:            0.000ns  (clk_movement rise@0.000ns - sys_clk_pin rise@0.000ns)
  Data Path Delay:        2.006ns  (logic 0.209ns (10.418%)  route 1.797ns (89.582%))
  Logic Levels:           1  (LUT4=1)
  Clock Path Skew:        1.596ns (DCD - SCD - CPR)
    Destination Clock Delay (DCD):    3.281ns
    Source Clock Delay      (SCD):    1.440ns
    Clock Pessimism Removal (CPR):    0.244ns

    Location             Delay type                Incr(ns)  Path(ns)    Netlist Resource(s)
  -------------------------------------------------------------------    -------------------
                         (clock sys_clk_pin rise edge)
                                                      0.000     0.000 r  
    W5                                                0.000     0.000 r  clk (IN)
                         net (fo=0)                   0.000     0.000    clk
    W5                   IBUF (Prop_ibuf_I_O)         0.226     0.226 r  clk_IBUF_inst/O
                         net (fo=1, routed)           0.631     0.858    clk_IBUF
    BUFGCTRL_X0Y1        BUFG (Prop_bufg_I_O)         0.026     0.884 r  clk_IBUF_BUFG_inst/O
                         net (fo=194, routed)         0.557     1.440    clk_IBUF_BUFG
    SLICE_X14Y20         FDRE                                         r  btnC_sync_reg[1]/C
  -------------------------------------------------------------------    -------------------
    SLICE_X14Y20         FDRE (Prop_fdre_C_Q)         0.164     1.604 r  btnC_sync_reg[1]/Q
                         net (fo=6, routed)           1.130     2.734    merge_controller/Q[0]
    SLICE_X35Y26         LUT4 (Prop_lut4_I0_O)        0.045     2.779 f  merge_controller/FSM_onehot_state[31]_i_1/O
                         net (fo=377, routed)         0.667     3.446    merge_controller/btn_reset
    SLICE_X34Y26         FDCE                                         f  merge_controller/cursor_left_req_sync_reg[0]/CLR
  -------------------------------------------------------------------    -------------------

                         (clock clk_movement rise edge)
                                                      0.000     0.000 r  
    W5                                                0.000     0.000 r  clk (IN)
                         net (fo=0)                   0.000     0.000    clk
    W5                   IBUF (Prop_ibuf_I_O)         0.414     0.414 r  clk_IBUF_inst/O
                         net (fo=1, routed)           0.685     1.099    clk_IBUF
    BUFGCTRL_X0Y1        BUFG (Prop_bufg_I_O)         0.029     1.128 r  clk_IBUF_BUFG_inst/O
                         net (fo=194, routed)         0.831     1.958    clk_IBUF_BUFG
    SLICE_X35Y46         FDRE (Prop_fdre_C_Q)         0.175     2.133 r  clk_movement_reg/Q
                         net (fo=2, routed)           0.303     2.436    clk_movement
    BUFGCTRL_X0Y0        BUFG (Prop_bufg_I_O)         0.029     2.465 r  clk_movement_BUFG_inst/O
                         net (fo=206, routed)         0.816     3.281    merge_controller/clk_movement_BUFG
    SLICE_X34Y26         FDCE                                         r  merge_controller/cursor_left_req_sync_reg[0]/C
                         clock pessimism             -0.244     3.037    
    SLICE_X34Y26         FDCE (Remov_fdce_C_CLR)     -0.067     2.970    merge_controller/cursor_left_req_sync_reg[0]
  -------------------------------------------------------------------
                         required time                         -2.970    
                         arrival time                           3.446    
  -------------------------------------------------------------------
                         slack                                  0.477    

Slack (MET) :             0.477ns  (arrival time - required time)
  Source:                 btnC_sync_reg[1]/C
                            (rising edge-triggered cell FDRE clocked by sys_clk_pin  {rise@0.000ns fall@5.000ns period=10.000ns})
  Destination:            merge_controller/cursor_right_req_sync_reg[0]/CLR
                            (removal check against rising-edge clock clk_movement  {rise@0.000ns fall@11111110.000ns period=22222220.000ns})
  Path Group:             **async_default**
  Path Type:              Removal (Min at Fast Process Corner)
  Requirement:            0.000ns  (clk_movement rise@0.000ns - sys_clk_pin rise@0.000ns)
  Data Path Delay:        2.006ns  (logic 0.209ns (10.418%)  route 1.797ns (89.582%))
  Logic Levels:           1  (LUT4=1)
  Clock Path Skew:        1.596ns (DCD - SCD - CPR)
    Destination Clock Delay (DCD):    3.281ns
    Source Clock Delay      (SCD):    1.440ns
    Clock Pessimism Removal (CPR):    0.244ns

    Location             Delay type                Incr(ns)  Path(ns)    Netlist Resource(s)
  -------------------------------------------------------------------    -------------------
                         (clock sys_clk_pin rise edge)
                                                      0.000     0.000 r  
    W5                                                0.000     0.000 r  clk (IN)
                         net (fo=0)                   0.000     0.000    clk
    W5                   IBUF (Prop_ibuf_I_O)         0.226     0.226 r  clk_IBUF_inst/O
                         net (fo=1, routed)           0.631     0.858    clk_IBUF
    BUFGCTRL_X0Y1        BUFG (Prop_bufg_I_O)         0.026     0.884 r  clk_IBUF_BUFG_inst/O
                         net (fo=194, routed)         0.557     1.440    clk_IBUF_BUFG
    SLICE_X14Y20         FDRE                                         r  btnC_sync_reg[1]/C
  -------------------------------------------------------------------    -------------------
    SLICE_X14Y20         FDRE (Prop_fdre_C_Q)         0.164     1.604 r  btnC_sync_reg[1]/Q
                         net (fo=6, routed)           1.130     2.734    merge_controller/Q[0]
    SLICE_X35Y26         LUT4 (Prop_lut4_I0_O)        0.045     2.779 f  merge_controller/FSM_onehot_state[31]_i_1/O
                         net (fo=377, routed)         0.667     3.446    merge_controller/btn_reset
    SLICE_X34Y26         FDCE                                         f  merge_controller/cursor_right_req_sync_reg[0]/CLR
  -------------------------------------------------------------------    -------------------

                         (clock clk_movement rise edge)
                                                      0.000     0.000 r  
    W5                                                0.000     0.000 r  clk (IN)
                         net (fo=0)                   0.000     0.000    clk
    W5                   IBUF (Prop_ibuf_I_O)         0.414     0.414 r  clk_IBUF_inst/O
                         net (fo=1, routed)           0.685     1.099    clk_IBUF
    BUFGCTRL_X0Y1        BUFG (Prop_bufg_I_O)         0.029     1.128 r  clk_IBUF_BUFG_inst/O
                         net (fo=194, routed)         0.831     1.958    clk_IBUF_BUFG
    SLICE_X35Y46         FDRE (Prop_fdre_C_Q)         0.175     2.133 r  clk_movement_reg/Q
                         net (fo=2, routed)           0.303     2.436    clk_movement
    BUFGCTRL_X0Y0        BUFG (Prop_bufg_I_O)         0.029     2.465 r  clk_movement_BUFG_inst/O
                         net (fo=206, routed)         0.816     3.281    merge_controller/clk_movement_BUFG
    SLICE_X34Y26         FDCE                                         r  merge_controller/cursor_right_req_sync_reg[0]/C
                         clock pessimism             -0.244     3.037    
    SLICE_X34Y26         FDCE (Remov_fdce_C_CLR)     -0.067     2.970    merge_controller/cursor_right_req_sync_reg[0]
  -------------------------------------------------------------------
                         required time                         -2.970    
                         arrival time                           3.446    
  -------------------------------------------------------------------
                         slack                                  0.477    

Slack (MET) :             0.477ns  (arrival time - required time)
  Source:                 btnC_sync_reg[1]/C
                            (rising edge-triggered cell FDRE clocked by sys_clk_pin  {rise@0.000ns fall@5.000ns period=10.000ns})
  Destination:            merge_controller/value_up_req_sync_reg[0]/CLR
                            (removal check against rising-edge clock clk_movement  {rise@0.000ns fall@11111110.000ns period=22222220.000ns})
  Path Group:             **async_default**
  Path Type:              Removal (Min at Fast Process Corner)
  Requirement:            0.000ns  (clk_movement rise@0.000ns - sys_clk_pin rise@0.000ns)
  Data Path Delay:        2.006ns  (logic 0.209ns (10.418%)  route 1.797ns (89.582%))
  Logic Levels:           1  (LUT4=1)
  Clock Path Skew:        1.596ns (DCD - SCD - CPR)
    Destination Clock Delay (DCD):    3.281ns
    Source Clock Delay      (SCD):    1.440ns
    Clock Pessimism Removal (CPR):    0.244ns

    Location             Delay type                Incr(ns)  Path(ns)    Netlist Resource(s)
  -------------------------------------------------------------------    -------------------
                         (clock sys_clk_pin rise edge)
                                                      0.000     0.000 r  
    W5                                                0.000     0.000 r  clk (IN)
                         net (fo=0)                   0.000     0.000    clk
    W5                   IBUF (Prop_ibuf_I_O)         0.226     0.226 r  clk_IBUF_inst/O
                         net (fo=1, routed)           0.631     0.858    clk_IBUF
    BUFGCTRL_X0Y1        BUFG (Prop_bufg_I_O)         0.026     0.884 r  clk_IBUF_BUFG_inst/O
                         net (fo=194, routed)         0.557     1.440    clk_IBUF_BUFG
    SLICE_X14Y20         FDRE                                         r  btnC_sync_reg[1]/C
  -------------------------------------------------------------------    -------------------
    SLICE_X14Y20         FDRE (Prop_fdre_C_Q)         0.164     1.604 r  btnC_sync_reg[1]/Q
                         net (fo=6, routed)           1.130     2.734    merge_controller/Q[0]
    SLICE_X35Y26         LUT4 (Prop_lut4_I0_O)        0.045     2.779 f  merge_controller/FSM_onehot_state[31]_i_1/O
                         net (fo=377, routed)         0.667     3.446    merge_controller/btn_reset
    SLICE_X34Y26         FDCE                                         f  merge_controller/value_up_req_sync_reg[0]/CLR
  -------------------------------------------------------------------    -------------------

                         (clock clk_movement rise edge)
                                                      0.000     0.000 r  
    W5                                                0.000     0.000 r  clk (IN)
                         net (fo=0)                   0.000     0.000    clk
    W5                   IBUF (Prop_ibuf_I_O)         0.414     0.414 r  clk_IBUF_inst/O
                         net (fo=1, routed)           0.685     1.099    clk_IBUF
    BUFGCTRL_X0Y1        BUFG (Prop_bufg_I_O)         0.029     1.128 r  clk_IBUF_BUFG_inst/O
                         net (fo=194, routed)         0.831     1.958    clk_IBUF_BUFG
    SLICE_X35Y46         FDRE (Prop_fdre_C_Q)         0.175     2.133 r  clk_movement_reg/Q
                         net (fo=2, routed)           0.303     2.436    clk_movement
    BUFGCTRL_X0Y0        BUFG (Prop_bufg_I_O)         0.029     2.465 r  clk_movement_BUFG_inst/O
                         net (fo=206, routed)         0.816     3.281    merge_controller/clk_movement_BUFG
    SLICE_X34Y26         FDCE                                         r  merge_controller/value_up_req_sync_reg[0]/C
                         clock pessimism             -0.244     3.037    
    SLICE_X34Y26         FDCE (Remov_fdce_C_CLR)     -0.067     2.970    merge_controller/value_up_req_sync_reg[0]
  -------------------------------------------------------------------
                         required time                         -2.970    
                         arrival time                           3.446    
  -------------------------------------------------------------------
                         slack                                  0.477    

Slack (MET) :             0.669ns  (arrival time - required time)
  Source:                 btnC_sync_reg[1]/C
                            (rising edge-triggered cell FDRE clocked by sys_clk_pin  {rise@0.000ns fall@5.000ns period=10.000ns})
  Destination:            merge_controller/array_colors_reg[5][0]/CLR
                            (removal check against rising-edge clock clk_movement  {rise@0.000ns fall@11111110.000ns period=22222220.000ns})
  Path Group:             **async_default**
  Path Type:              Removal (Min at Fast Process Corner)
  Requirement:            0.000ns  (clk_movement rise@0.000ns - sys_clk_pin rise@0.000ns)
  Data Path Delay:        2.203ns  (logic 0.209ns (9.486%)  route 1.994ns (90.514%))
  Logic Levels:           1  (LUT4=1)
  Clock Path Skew:        1.601ns (DCD - SCD - CPR)
    Destination Clock Delay (DCD):    3.286ns
    Source Clock Delay      (SCD):    1.440ns
    Clock Pessimism Removal (CPR):    0.244ns

    Location             Delay type                Incr(ns)  Path(ns)    Netlist Resource(s)
  -------------------------------------------------------------------    -------------------
                         (clock sys_clk_pin rise edge)
                                                      0.000     0.000 r  
    W5                                                0.000     0.000 r  clk (IN)
                         net (fo=0)                   0.000     0.000    clk
    W5                   IBUF (Prop_ibuf_I_O)         0.226     0.226 r  clk_IBUF_inst/O
                         net (fo=1, routed)           0.631     0.858    clk_IBUF
    BUFGCTRL_X0Y1        BUFG (Prop_bufg_I_O)         0.026     0.884 r  clk_IBUF_BUFG_inst/O
                         net (fo=194, routed)         0.557     1.440    clk_IBUF_BUFG
    SLICE_X14Y20         FDRE                                         r  btnC_sync_reg[1]/C
  -------------------------------------------------------------------    -------------------
    SLICE_X14Y20         FDRE (Prop_fdre_C_Q)         0.164     1.604 r  btnC_sync_reg[1]/Q
                         net (fo=6, routed)           1.130     2.734    merge_controller/Q[0]
    SLICE_X35Y26         LUT4 (Prop_lut4_I0_O)        0.045     2.779 f  merge_controller/FSM_onehot_state[31]_i_1/O
                         net (fo=377, routed)         0.865     3.643    merge_controller/btn_reset
    SLICE_X30Y20         FDCE                                         f  merge_controller/array_colors_reg[5][0]/CLR
  -------------------------------------------------------------------    -------------------

                         (clock clk_movement rise edge)
                                                      0.000     0.000 r  
    W5                                                0.000     0.000 r  clk (IN)
                         net (fo=0)                   0.000     0.000    clk
    W5                   IBUF (Prop_ibuf_I_O)         0.414     0.414 r  clk_IBUF_inst/O
                         net (fo=1, routed)           0.685     1.099    clk_IBUF
    BUFGCTRL_X0Y1        BUFG (Prop_bufg_I_O)         0.029     1.128 r  clk_IBUF_BUFG_inst/O
                         net (fo=194, routed)         0.831     1.958    clk_IBUF_BUFG
    SLICE_X35Y46         FDRE (Prop_fdre_C_Q)         0.175     2.133 r  clk_movement_reg/Q
                         net (fo=2, routed)           0.303     2.436    clk_movement
    BUFGCTRL_X0Y0        BUFG (Prop_bufg_I_O)         0.029     2.465 r  clk_movement_BUFG_inst/O
                         net (fo=206, routed)         0.821     3.286    merge_controller/clk_movement_BUFG
    SLICE_X30Y20         FDCE                                         r  merge_controller/array_colors_reg[5][0]/C
                         clock pessimism             -0.244     3.042    
    SLICE_X30Y20         FDCE (Remov_fdce_C_CLR)     -0.067     2.975    merge_controller/array_colors_reg[5][0]
  -------------------------------------------------------------------
                         required time                         -2.975    
                         arrival time                           3.643    
  -------------------------------------------------------------------
                         slack                                  0.669    

Slack (MET) :             0.711ns  (arrival time - required time)
  Source:                 btnC_sync_reg[1]/C
                            (rising edge-triggered cell FDRE clocked by sys_clk_pin  {rise@0.000ns fall@5.000ns period=10.000ns})
  Destination:            merge_controller/cursor_left_ack_reg/CLR
                            (removal check against rising-edge clock clk_movement  {rise@0.000ns fall@11111110.000ns period=22222220.000ns})
  Path Group:             **async_default**
  Path Type:              Removal (Min at Fast Process Corner)
  Requirement:            0.000ns  (clk_movement rise@0.000ns - sys_clk_pin rise@0.000ns)
  Data Path Delay:        2.230ns  (logic 0.209ns (9.374%)  route 2.021ns (90.626%))
  Logic Levels:           1  (LUT4=1)
  Clock Path Skew:        1.610ns (DCD - SCD - CPR)
    Destination Clock Delay (DCD):    3.295ns
    Source Clock Delay      (SCD):    1.440ns
    Clock Pessimism Removal (CPR):    0.244ns

    Location             Delay type                Incr(ns)  Path(ns)    Netlist Resource(s)
  -------------------------------------------------------------------    -------------------
                         (clock sys_clk_pin rise edge)
                                                      0.000     0.000 r  
    W5                                                0.000     0.000 r  clk (IN)
                         net (fo=0)                   0.000     0.000    clk
    W5                   IBUF (Prop_ibuf_I_O)         0.226     0.226 r  clk_IBUF_inst/O
                         net (fo=1, routed)           0.631     0.858    clk_IBUF
    BUFGCTRL_X0Y1        BUFG (Prop_bufg_I_O)         0.026     0.884 r  clk_IBUF_BUFG_inst/O
                         net (fo=194, routed)         0.557     1.440    clk_IBUF_BUFG
    SLICE_X14Y20         FDRE                                         r  btnC_sync_reg[1]/C
  -------------------------------------------------------------------    -------------------
    SLICE_X14Y20         FDRE (Prop_fdre_C_Q)         0.164     1.604 r  btnC_sync_reg[1]/Q
                         net (fo=6, routed)           1.130     2.734    merge_controller/Q[0]
    SLICE_X35Y26         LUT4 (Prop_lut4_I0_O)        0.045     2.779 f  merge_controller/FSM_onehot_state[31]_i_1/O
                         net (fo=377, routed)         0.891     3.670    merge_controller/btn_reset
    SLICE_X36Y10         FDCE                                         f  merge_controller/cursor_left_ack_reg/CLR
  -------------------------------------------------------------------    -------------------

                         (clock clk_movement rise edge)
                                                      0.000     0.000 r  
    W5                                                0.000     0.000 r  clk (IN)
                         net (fo=0)                   0.000     0.000    clk
    W5                   IBUF (Prop_ibuf_I_O)         0.414     0.414 r  clk_IBUF_inst/O
                         net (fo=1, routed)           0.685     1.099    clk_IBUF
    BUFGCTRL_X0Y1        BUFG (Prop_bufg_I_O)         0.029     1.128 r  clk_IBUF_BUFG_inst/O
                         net (fo=194, routed)         0.831     1.958    clk_IBUF_BUFG
    SLICE_X35Y46         FDRE (Prop_fdre_C_Q)         0.175     2.133 r  clk_movement_reg/Q
                         net (fo=2, routed)           0.303     2.436    clk_movement
    BUFGCTRL_X0Y0        BUFG (Prop_bufg_I_O)         0.029     2.465 r  clk_movement_BUFG_inst/O
                         net (fo=206, routed)         0.830     3.295    merge_controller/clk_movement_BUFG
    SLICE_X36Y10         FDCE                                         r  merge_controller/cursor_left_ack_reg/C
                         clock pessimism             -0.244     3.051    
    SLICE_X36Y10         FDCE (Remov_fdce_C_CLR)     -0.092     2.959    merge_controller/cursor_left_ack_reg
  -------------------------------------------------------------------
                         required time                         -2.959    
                         arrival time                           3.670    
  -------------------------------------------------------------------
                         slack                                  0.711    

Slack (MET) :             0.711ns  (arrival time - required time)
  Source:                 btnC_sync_reg[1]/C
                            (rising edge-triggered cell FDRE clocked by sys_clk_pin  {rise@0.000ns fall@5.000ns period=10.000ns})
  Destination:            merge_controller/cursor_left_req_sync_reg[1]/CLR
                            (removal check against rising-edge clock clk_movement  {rise@0.000ns fall@11111110.000ns period=22222220.000ns})
  Path Group:             **async_default**
  Path Type:              Removal (Min at Fast Process Corner)
  Requirement:            0.000ns  (clk_movement rise@0.000ns - sys_clk_pin rise@0.000ns)
  Data Path Delay:        2.230ns  (logic 0.209ns (9.374%)  route 2.021ns (90.626%))
  Logic Levels:           1  (LUT4=1)
  Clock Path Skew:        1.610ns (DCD - SCD - CPR)
    Destination Clock Delay (DCD):    3.295ns
    Source Clock Delay      (SCD):    1.440ns
    Clock Pessimism Removal (CPR):    0.244ns

    Location             Delay type                Incr(ns)  Path(ns)    Netlist Resource(s)
  -------------------------------------------------------------------    -------------------
                         (clock sys_clk_pin rise edge)
                                                      0.000     0.000 r  
    W5                                                0.000     0.000 r  clk (IN)
                         net (fo=0)                   0.000     0.000    clk
    W5                   IBUF (Prop_ibuf_I_O)         0.226     0.226 r  clk_IBUF_inst/O
                         net (fo=1, routed)           0.631     0.858    clk_IBUF
    BUFGCTRL_X0Y1        BUFG (Prop_bufg_I_O)         0.026     0.884 r  clk_IBUF_BUFG_inst/O
                         net (fo=194, routed)         0.557     1.440    clk_IBUF_BUFG
    SLICE_X14Y20         FDRE                                         r  btnC_sync_reg[1]/C
  -------------------------------------------------------------------    -------------------
    SLICE_X14Y20         FDRE (Prop_fdre_C_Q)         0.164     1.604 r  btnC_sync_reg[1]/Q
                         net (fo=6, routed)           1.130     2.734    merge_controller/Q[0]
    SLICE_X35Y26         LUT4 (Prop_lut4_I0_O)        0.045     2.779 f  merge_controller/FSM_onehot_state[31]_i_1/O
                         net (fo=377, routed)         0.891     3.670    merge_controller/btn_reset
    SLICE_X36Y10         FDCE                                         f  merge_controller/cursor_left_req_sync_reg[1]/CLR
  -------------------------------------------------------------------    -------------------

                         (clock clk_movement rise edge)
                                                      0.000     0.000 r  
    W5                                                0.000     0.000 r  clk (IN)
                         net (fo=0)                   0.000     0.000    clk
    W5                   IBUF (Prop_ibuf_I_O)         0.414     0.414 r  clk_IBUF_inst/O
                         net (fo=1, routed)           0.685     1.099    clk_IBUF
    BUFGCTRL_X0Y1        BUFG (Prop_bufg_I_O)         0.029     1.128 r  clk_IBUF_BUFG_inst/O
                         net (fo=194, routed)         0.831     1.958    clk_IBUF_BUFG
    SLICE_X35Y46         FDRE (Prop_fdre_C_Q)         0.175     2.133 r  clk_movement_reg/Q
                         net (fo=2, routed)           0.303     2.436    clk_movement
    BUFGCTRL_X0Y0        BUFG (Prop_bufg_I_O)         0.029     2.465 r  clk_movement_BUFG_inst/O
                         net (fo=206, routed)         0.830     3.295    merge_controller/clk_movement_BUFG
    SLICE_X36Y10         FDCE                                         r  merge_controller/cursor_left_req_sync_reg[1]/C
                         clock pessimism             -0.244     3.051    
    SLICE_X36Y10         FDCE (Remov_fdce_C_CLR)     -0.092     2.959    merge_controller/cursor_left_req_sync_reg[1]
  -------------------------------------------------------------------
                         required time                         -2.959    
                         arrival time                           3.670    
  -------------------------------------------------------------------
                         slack                                  0.711    

Slack (MET) :             0.711ns  (arrival time - required time)
  Source:                 btnC_sync_reg[1]/C
                            (rising edge-triggered cell FDRE clocked by sys_clk_pin  {rise@0.000ns fall@5.000ns period=10.000ns})
  Destination:            merge_controller/cursor_right_ack_reg/CLR
                            (removal check against rising-edge clock clk_movement  {rise@0.000ns fall@11111110.000ns period=22222220.000ns})
  Path Group:             **async_default**
  Path Type:              Removal (Min at Fast Process Corner)
  Requirement:            0.000ns  (clk_movement rise@0.000ns - sys_clk_pin rise@0.000ns)
  Data Path Delay:        2.230ns  (logic 0.209ns (9.374%)  route 2.021ns (90.626%))
  Logic Levels:           1  (LUT4=1)
  Clock Path Skew:        1.610ns (DCD - SCD - CPR)
    Destination Clock Delay (DCD):    3.295ns
    Source Clock Delay      (SCD):    1.440ns
    Clock Pessimism Removal (CPR):    0.244ns

    Location             Delay type                Incr(ns)  Path(ns)    Netlist Resource(s)
  -------------------------------------------------------------------    -------------------
                         (clock sys_clk_pin rise edge)
                                                      0.000     0.000 r  
    W5                                                0.000     0.000 r  clk (IN)
                         net (fo=0)                   0.000     0.000    clk
    W5                   IBUF (Prop_ibuf_I_O)         0.226     0.226 r  clk_IBUF_inst/O
                         net (fo=1, routed)           0.631     0.858    clk_IBUF
    BUFGCTRL_X0Y1        BUFG (Prop_bufg_I_O)         0.026     0.884 r  clk_IBUF_BUFG_inst/O
                         net (fo=194, routed)         0.557     1.440    clk_IBUF_BUFG
    SLICE_X14Y20         FDRE                                         r  btnC_sync_reg[1]/C
  -------------------------------------------------------------------    -------------------
    SLICE_X14Y20         FDRE (Prop_fdre_C_Q)         0.164     1.604 r  btnC_sync_reg[1]/Q
                         net (fo=6, routed)           1.130     2.734    merge_controller/Q[0]
    SLICE_X35Y26         LUT4 (Prop_lut4_I0_O)        0.045     2.779 f  merge_controller/FSM_onehot_state[31]_i_1/O
                         net (fo=377, routed)         0.891     3.670    merge_controller/btn_reset
    SLICE_X36Y10         FDCE                                         f  merge_controller/cursor_right_ack_reg/CLR
  -------------------------------------------------------------------    -------------------

                         (clock clk_movement rise edge)
                                                      0.000     0.000 r  
    W5                                                0.000     0.000 r  clk (IN)
                         net (fo=0)                   0.000     0.000    clk
    W5                   IBUF (Prop_ibuf_I_O)         0.414     0.414 r  clk_IBUF_inst/O
                         net (fo=1, routed)           0.685     1.099    clk_IBUF
    BUFGCTRL_X0Y1        BUFG (Prop_bufg_I_O)         0.029     1.128 r  clk_IBUF_BUFG_inst/O
                         net (fo=194, routed)         0.831     1.958    clk_IBUF_BUFG
    SLICE_X35Y46         FDRE (Prop_fdre_C_Q)         0.175     2.133 r  clk_movement_reg/Q
                         net (fo=2, routed)           0.303     2.436    clk_movement
    BUFGCTRL_X0Y0        BUFG (Prop_bufg_I_O)         0.029     2.465 r  clk_movement_BUFG_inst/O
                         net (fo=206, routed)         0.830     3.295    merge_controller/clk_movement_BUFG
    SLICE_X36Y10         FDCE                                         r  merge_controller/cursor_right_ack_reg/C
                         clock pessimism             -0.244     3.051    
    SLICE_X36Y10         FDCE (Remov_fdce_C_CLR)     -0.092     2.959    merge_controller/cursor_right_ack_reg
  -------------------------------------------------------------------
                         required time                         -2.959    
                         arrival time                           3.670    
  -------------------------------------------------------------------
                         slack                                  0.711    

Slack (MET) :             0.711ns  (arrival time - required time)
  Source:                 btnC_sync_reg[1]/C
                            (rising edge-triggered cell FDRE clocked by sys_clk_pin  {rise@0.000ns fall@5.000ns period=10.000ns})
  Destination:            merge_controller/cursor_right_req_sync_reg[1]/CLR
                            (removal check against rising-edge clock clk_movement  {rise@0.000ns fall@11111110.000ns period=22222220.000ns})
  Path Group:             **async_default**
  Path Type:              Removal (Min at Fast Process Corner)
  Requirement:            0.000ns  (clk_movement rise@0.000ns - sys_clk_pin rise@0.000ns)
  Data Path Delay:        2.230ns  (logic 0.209ns (9.374%)  route 2.021ns (90.626%))
  Logic Levels:           1  (LUT4=1)
  Clock Path Skew:        1.610ns (DCD - SCD - CPR)
    Destination Clock Delay (DCD):    3.295ns
    Source Clock Delay      (SCD):    1.440ns
    Clock Pessimism Removal (CPR):    0.244ns

    Location             Delay type                Incr(ns)  Path(ns)    Netlist Resource(s)
  -------------------------------------------------------------------    -------------------
                         (clock sys_clk_pin rise edge)
                                                      0.000     0.000 r  
    W5                                                0.000     0.000 r  clk (IN)
                         net (fo=0)                   0.000     0.000    clk
    W5                   IBUF (Prop_ibuf_I_O)         0.226     0.226 r  clk_IBUF_inst/O
                         net (fo=1, routed)           0.631     0.858    clk_IBUF
    BUFGCTRL_X0Y1        BUFG (Prop_bufg_I_O)         0.026     0.884 r  clk_IBUF_BUFG_inst/O
                         net (fo=194, routed)         0.557     1.440    clk_IBUF_BUFG
    SLICE_X14Y20         FDRE                                         r  btnC_sync_reg[1]/C
  -------------------------------------------------------------------    -------------------
    SLICE_X14Y20         FDRE (Prop_fdre_C_Q)         0.164     1.604 r  btnC_sync_reg[1]/Q
                         net (fo=6, routed)           1.130     2.734    merge_controller/Q[0]
    SLICE_X35Y26         LUT4 (Prop_lut4_I0_O)        0.045     2.779 f  merge_controller/FSM_onehot_state[31]_i_1/O
                         net (fo=377, routed)         0.891     3.670    merge_controller/btn_reset
    SLICE_X36Y10         FDCE                                         f  merge_controller/cursor_right_req_sync_reg[1]/CLR
  -------------------------------------------------------------------    -------------------

                         (clock clk_movement rise edge)
                                                      0.000     0.000 r  
    W5                                                0.000     0.000 r  clk (IN)
                         net (fo=0)                   0.000     0.000    clk
    W5                   IBUF (Prop_ibuf_I_O)         0.414     0.414 r  clk_IBUF_inst/O
                         net (fo=1, routed)           0.685     1.099    clk_IBUF
    BUFGCTRL_X0Y1        BUFG (Prop_bufg_I_O)         0.029     1.128 r  clk_IBUF_BUFG_inst/O
                         net (fo=194, routed)         0.831     1.958    clk_IBUF_BUFG
    SLICE_X35Y46         FDRE (Prop_fdre_C_Q)         0.175     2.133 r  clk_movement_reg/Q
                         net (fo=2, routed)           0.303     2.436    clk_movement
    BUFGCTRL_X0Y0        BUFG (Prop_bufg_I_O)         0.029     2.465 r  clk_movement_BUFG_inst/O
                         net (fo=206, routed)         0.830     3.295    merge_controller/clk_movement_BUFG
    SLICE_X36Y10         FDCE                                         r  merge_controller/cursor_right_req_sync_reg[1]/C
                         clock pessimism             -0.244     3.051    
    SLICE_X36Y10         FDCE (Remov_fdce_C_CLR)     -0.092     2.959    merge_controller/cursor_right_req_sync_reg[1]
  -------------------------------------------------------------------
                         required time                         -2.959    
                         arrival time                           3.670    
  -------------------------------------------------------------------
                         slack                                  0.711    





---------------------------------------------------------------------------------------------------
Path Group:  **async_default**
From Clock:  sys_clk_pin
  To Clock:  sys_clk_pin

Setup :            0  Failing Endpoints,  Worst Slack        2.315ns,  Total Violation        0.000ns
Hold  :            0  Failing Endpoints,  Worst Slack        1.416ns,  Total Violation        0.000ns
---------------------------------------------------------------------------------------------------


Max Delay Paths
--------------------------------------------------------------------------------------
Slack (MET) :             2.315ns  (required time - arrival time)
  Source:                 sw[10]
                            (input port clocked by sys_clk_pin  {rise@0.000ns fall@5.000ns period=10.000ns})
  Destination:            merge_controller/value_down_ack_sync_reg[0]/CLR
                            (recovery check against rising-edge clock sys_clk_pin  {rise@0.000ns fall@5.000ns period=10.000ns})
  Path Group:             **async_default**
  Path Type:              Recovery (Max at Slow Process Corner)
  Requirement:            10.000ns  (sys_clk_pin rise@10.000ns - sys_clk_pin rise@0.000ns)
  Data Path Delay:        8.029ns  (logic 1.582ns (19.703%)  route 6.447ns (80.297%))
  Logic Levels:           2  (IBUF=1 LUT4=1)
  Input Delay:            4.000ns
  Clock Path Skew:        4.784ns (DCD - SCD + CPR)
    Destination Clock Delay (DCD):    4.784ns = ( 14.784 - 10.000 ) 
    Source Clock Delay      (SCD):    0.000ns
    Clock Pessimism Removal (CPR):    0.000ns
  Clock Uncertainty:      0.035ns  ((TSJ^2 + TIJ^2)^1/2 + DJ) / 2 + PE
    Total System Jitter     (TSJ):    0.071ns
    Total Input Jitter      (TIJ):    0.000ns
    Discrete Jitter          (DJ):    0.000ns
    Phase Error              (PE):    0.000ns

    Location             Delay type                Incr(ns)  Path(ns)    Netlist Resource(s)
  -------------------------------------------------------------------    -------------------
                         (clock sys_clk_pin rise edge)
                                                      0.000     0.000 r  
                         input delay                  4.000     4.000    
    T2                                                0.000     4.000 r  sw[10] (IN)
                         net (fo=0)                   0.000     4.000    sw[10]
    T2                   IBUF (Prop_ibuf_I_O)         1.458     5.458 r  sw_IBUF[10]_inst/O
                         net (fo=17, routed)          4.300     9.758    merge_controller/sw_IBUF[5]
    SLICE_X35Y26         LUT4 (Prop_lut4_I3_O)        0.124     9.882 f  merge_controller/FSM_onehot_state[31]_i_1/O
                         net (fo=377, routed)         2.147    12.029    merge_controller/btn_reset
    SLICE_X37Y10         FDCE                                         f  merge_controller/value_down_ack_sync_reg[0]/CLR
  -------------------------------------------------------------------    -------------------

                         (clock sys_clk_pin rise edge)
                                                     10.000    10.000 r  
    W5                                                0.000    10.000 r  clk (IN)
                         net (fo=0)                   0.000    10.000    clk
    W5                   IBUF (Prop_ibuf_I_O)         1.388    11.388 r  clk_IBUF_inst/O
                         net (fo=1, routed)           1.862    13.250    clk_IBUF
    BUFGCTRL_X0Y1        BUFG (Prop_bufg_I_O)         0.091    13.341 r  clk_IBUF_BUFG_inst/O
                         net (fo=194, routed)         1.443    14.784    merge_controller/CLK
    SLICE_X37Y10         FDCE                                         r  merge_controller/value_down_ack_sync_reg[0]/C
                         clock pessimism              0.000    14.784    
                         clock uncertainty           -0.035    14.749    
    SLICE_X37Y10         FDCE (Recov_fdce_C_CLR)     -0.405    14.344    merge_controller/value_down_ack_sync_reg[0]
  -------------------------------------------------------------------
                         required time                         14.344    
                         arrival time                         -12.029    
  -------------------------------------------------------------------
                         slack                                  2.315    

Slack (MET) :             2.315ns  (required time - arrival time)
  Source:                 sw[10]
                            (input port clocked by sys_clk_pin  {rise@0.000ns fall@5.000ns period=10.000ns})
  Destination:            merge_controller/value_down_ack_sync_reg[1]/CLR
                            (recovery check against rising-edge clock sys_clk_pin  {rise@0.000ns fall@5.000ns period=10.000ns})
  Path Group:             **async_default**
  Path Type:              Recovery (Max at Slow Process Corner)
  Requirement:            10.000ns  (sys_clk_pin rise@10.000ns - sys_clk_pin rise@0.000ns)
  Data Path Delay:        8.029ns  (logic 1.582ns (19.703%)  route 6.447ns (80.297%))
  Logic Levels:           2  (IBUF=1 LUT4=1)
  Input Delay:            4.000ns
  Clock Path Skew:        4.784ns (DCD - SCD + CPR)
    Destination Clock Delay (DCD):    4.784ns = ( 14.784 - 10.000 ) 
    Source Clock Delay      (SCD):    0.000ns
    Clock Pessimism Removal (CPR):    0.000ns
  Clock Uncertainty:      0.035ns  ((TSJ^2 + TIJ^2)^1/2 + DJ) / 2 + PE
    Total System Jitter     (TSJ):    0.071ns
    Total Input Jitter      (TIJ):    0.000ns
    Discrete Jitter          (DJ):    0.000ns
    Phase Error              (PE):    0.000ns

    Location             Delay type                Incr(ns)  Path(ns)    Netlist Resource(s)
  -------------------------------------------------------------------    -------------------
                         (clock sys_clk_pin rise edge)
                                                      0.000     0.000 r  
                         input delay                  4.000     4.000    
    T2                                                0.000     4.000 r  sw[10] (IN)
                         net (fo=0)                   0.000     4.000    sw[10]
    T2                   IBUF (Prop_ibuf_I_O)         1.458     5.458 r  sw_IBUF[10]_inst/O
                         net (fo=17, routed)          4.300     9.758    merge_controller/sw_IBUF[5]
    SLICE_X35Y26         LUT4 (Prop_lut4_I3_O)        0.124     9.882 f  merge_controller/FSM_onehot_state[31]_i_1/O
                         net (fo=377, routed)         2.147    12.029    merge_controller/btn_reset
    SLICE_X37Y10         FDCE                                         f  merge_controller/value_down_ack_sync_reg[1]/CLR
  -------------------------------------------------------------------    -------------------

                         (clock sys_clk_pin rise edge)
                                                     10.000    10.000 r  
    W5                                                0.000    10.000 r  clk (IN)
                         net (fo=0)                   0.000    10.000    clk
    W5                   IBUF (Prop_ibuf_I_O)         1.388    11.388 r  clk_IBUF_inst/O
                         net (fo=1, routed)           1.862    13.250    clk_IBUF
    BUFGCTRL_X0Y1        BUFG (Prop_bufg_I_O)         0.091    13.341 r  clk_IBUF_BUFG_inst/O
                         net (fo=194, routed)         1.443    14.784    merge_controller/CLK
    SLICE_X37Y10         FDCE                                         r  merge_controller/value_down_ack_sync_reg[1]/C
                         clock pessimism              0.000    14.784    
                         clock uncertainty           -0.035    14.749    
    SLICE_X37Y10         FDCE (Recov_fdce_C_CLR)     -0.405    14.344    merge_controller/value_down_ack_sync_reg[1]
  -------------------------------------------------------------------
                         required time                         14.344    
                         arrival time                         -12.029    
  -------------------------------------------------------------------
                         slack                                  2.315    

Slack (MET) :             2.315ns  (required time - arrival time)
  Source:                 sw[10]
                            (input port clocked by sys_clk_pin  {rise@0.000ns fall@5.000ns period=10.000ns})
  Destination:            merge_controller/value_down_req_reg/CLR
                            (recovery check against rising-edge clock sys_clk_pin  {rise@0.000ns fall@5.000ns period=10.000ns})
  Path Group:             **async_default**
  Path Type:              Recovery (Max at Slow Process Corner)
  Requirement:            10.000ns  (sys_clk_pin rise@10.000ns - sys_clk_pin rise@0.000ns)
  Data Path Delay:        8.029ns  (logic 1.582ns (19.703%)  route 6.447ns (80.297%))
  Logic Levels:           2  (IBUF=1 LUT4=1)
  Input Delay:            4.000ns
  Clock Path Skew:        4.784ns (DCD - SCD + CPR)
    Destination Clock Delay (DCD):    4.784ns = ( 14.784 - 10.000 ) 
    Source Clock Delay      (SCD):    0.000ns
    Clock Pessimism Removal (CPR):    0.000ns
  Clock Uncertainty:      0.035ns  ((TSJ^2 + TIJ^2)^1/2 + DJ) / 2 + PE
    Total System Jitter     (TSJ):    0.071ns
    Total Input Jitter      (TIJ):    0.000ns
    Discrete Jitter          (DJ):    0.000ns
    Phase Error              (PE):    0.000ns

    Location             Delay type                Incr(ns)  Path(ns)    Netlist Resource(s)
  -------------------------------------------------------------------    -------------------
                         (clock sys_clk_pin rise edge)
                                                      0.000     0.000 r  
                         input delay                  4.000     4.000    
    T2                                                0.000     4.000 r  sw[10] (IN)
                         net (fo=0)                   0.000     4.000    sw[10]
    T2                   IBUF (Prop_ibuf_I_O)         1.458     5.458 r  sw_IBUF[10]_inst/O
                         net (fo=17, routed)          4.300     9.758    merge_controller/sw_IBUF[5]
    SLICE_X35Y26         LUT4 (Prop_lut4_I3_O)        0.124     9.882 f  merge_controller/FSM_onehot_state[31]_i_1/O
                         net (fo=377, routed)         2.147    12.029    merge_controller/btn_reset
    SLICE_X37Y10         FDCE                                         f  merge_controller/value_down_req_reg/CLR
  -------------------------------------------------------------------    -------------------

                         (clock sys_clk_pin rise edge)
                                                     10.000    10.000 r  
    W5                                                0.000    10.000 r  clk (IN)
                         net (fo=0)                   0.000    10.000    clk
    W5                   IBUF (Prop_ibuf_I_O)         1.388    11.388 r  clk_IBUF_inst/O
                         net (fo=1, routed)           1.862    13.250    clk_IBUF
    BUFGCTRL_X0Y1        BUFG (Prop_bufg_I_O)         0.091    13.341 r  clk_IBUF_BUFG_inst/O
                         net (fo=194, routed)         1.443    14.784    merge_controller/CLK
    SLICE_X37Y10         FDCE                                         r  merge_controller/value_down_req_reg/C
                         clock pessimism              0.000    14.784    
                         clock uncertainty           -0.035    14.749    
    SLICE_X37Y10         FDCE (Recov_fdce_C_CLR)     -0.405    14.344    merge_controller/value_down_req_reg
  -------------------------------------------------------------------
                         required time                         14.344    
                         arrival time                         -12.029    
  -------------------------------------------------------------------
                         slack                                  2.315    

Slack (MET) :             2.737ns  (required time - arrival time)
  Source:                 sw[10]
                            (input port clocked by sys_clk_pin  {rise@0.000ns fall@5.000ns period=10.000ns})
  Destination:            merge_controller/debounce_right_reg[0]/CLR
                            (recovery check against rising-edge clock sys_clk_pin  {rise@0.000ns fall@5.000ns period=10.000ns})
  Path Group:             **async_default**
  Path Type:              Recovery (Max at Slow Process Corner)
  Requirement:            10.000ns  (sys_clk_pin rise@10.000ns - sys_clk_pin rise@0.000ns)
  Data Path Delay:        7.610ns  (logic 1.582ns (20.787%)  route 6.028ns (79.213%))
  Logic Levels:           2  (IBUF=1 LUT4=1)
  Input Delay:            4.000ns
  Clock Path Skew:        4.787ns (DCD - SCD + CPR)
    Destination Clock Delay (DCD):    4.787ns = ( 14.787 - 10.000 ) 
    Source Clock Delay      (SCD):    0.000ns
    Clock Pessimism Removal (CPR):    0.000ns
  Clock Uncertainty:      0.035ns  ((TSJ^2 + TIJ^2)^1/2 + DJ) / 2 + PE
    Total System Jitter     (TSJ):    0.071ns
    Total Input Jitter      (TIJ):    0.000ns
    Discrete Jitter          (DJ):    0.000ns
    Phase Error              (PE):    0.000ns

    Location             Delay type                Incr(ns)  Path(ns)    Netlist Resource(s)
  -------------------------------------------------------------------    -------------------
                         (clock sys_clk_pin rise edge)
                                                      0.000     0.000 r  
                         input delay                  4.000     4.000    
    T2                                                0.000     4.000 r  sw[10] (IN)
                         net (fo=0)                   0.000     4.000    sw[10]
    T2                   IBUF (Prop_ibuf_I_O)         1.458     5.458 r  sw_IBUF[10]_inst/O
                         net (fo=17, routed)          4.300     9.758    merge_controller/sw_IBUF[5]
    SLICE_X35Y26         LUT4 (Prop_lut4_I3_O)        0.124     9.882 f  merge_controller/FSM_onehot_state[31]_i_1/O
                         net (fo=377, routed)         1.728    11.610    merge_controller/btn_reset
    SLICE_X37Y2          FDCE                                         f  merge_controller/debounce_right_reg[0]/CLR
  -------------------------------------------------------------------    -------------------

                         (clock sys_clk_pin rise edge)
                                                     10.000    10.000 r  
    W5                                                0.000    10.000 r  clk (IN)
                         net (fo=0)                   0.000    10.000    clk
    W5                   IBUF (Prop_ibuf_I_O)         1.388    11.388 r  clk_IBUF_inst/O
                         net (fo=1, routed)           1.862    13.250    clk_IBUF
    BUFGCTRL_X0Y1        BUFG (Prop_bufg_I_O)         0.091    13.341 r  clk_IBUF_BUFG_inst/O
                         net (fo=194, routed)         1.446    14.787    merge_controller/CLK
    SLICE_X37Y2          FDCE                                         r  merge_controller/debounce_right_reg[0]/C
                         clock pessimism              0.000    14.787    
                         clock uncertainty           -0.035    14.752    
    SLICE_X37Y2          FDCE (Recov_fdce_C_CLR)     -0.405    14.347    merge_controller/debounce_right_reg[0]
  -------------------------------------------------------------------
                         required time                         14.347    
                         arrival time                         -11.610    
  -------------------------------------------------------------------
                         slack                                  2.737    

Slack (MET) :             2.754ns  (required time - arrival time)
  Source:                 sw[10]
                            (input port clocked by sys_clk_pin  {rise@0.000ns fall@5.000ns period=10.000ns})
  Destination:            merge_controller/debounce_right_reg[9]/CLR
                            (recovery check against rising-edge clock sys_clk_pin  {rise@0.000ns fall@5.000ns period=10.000ns})
  Path Group:             **async_default**
  Path Type:              Recovery (Max at Slow Process Corner)
  Requirement:            10.000ns  (sys_clk_pin rise@10.000ns - sys_clk_pin rise@0.000ns)
  Data Path Delay:        7.592ns  (logic 1.582ns (20.836%)  route 6.010ns (79.164%))
  Logic Levels:           2  (IBUF=1 LUT4=1)
  Input Delay:            4.000ns
  Clock Path Skew:        4.786ns (DCD - SCD + CPR)
    Destination Clock Delay (DCD):    4.786ns = ( 14.786 - 10.000 ) 
    Source Clock Delay      (SCD):    0.000ns
    Clock Pessimism Removal (CPR):    0.000ns
  Clock Uncertainty:      0.035ns  ((TSJ^2 + TIJ^2)^1/2 + DJ) / 2 + PE
    Total System Jitter     (TSJ):    0.071ns
    Total Input Jitter      (TIJ):    0.000ns
    Discrete Jitter          (DJ):    0.000ns
    Phase Error              (PE):    0.000ns

    Location             Delay type                Incr(ns)  Path(ns)    Netlist Resource(s)
  -------------------------------------------------------------------    -------------------
                         (clock sys_clk_pin rise edge)
                                                      0.000     0.000 r  
                         input delay                  4.000     4.000    
    T2                                                0.000     4.000 r  sw[10] (IN)
                         net (fo=0)                   0.000     4.000    sw[10]
    T2                   IBUF (Prop_ibuf_I_O)         1.458     5.458 r  sw_IBUF[10]_inst/O
                         net (fo=17, routed)          4.300     9.758    merge_controller/sw_IBUF[5]
    SLICE_X35Y26         LUT4 (Prop_lut4_I3_O)        0.124     9.882 f  merge_controller/FSM_onehot_state[31]_i_1/O
                         net (fo=377, routed)         1.710    11.592    merge_controller/btn_reset
    SLICE_X39Y3          FDCE                                         f  merge_controller/debounce_right_reg[9]/CLR
  -------------------------------------------------------------------    -------------------

                         (clock sys_clk_pin rise edge)
                                                     10.000    10.000 r  
    W5                                                0.000    10.000 r  clk (IN)
                         net (fo=0)                   0.000    10.000    clk
    W5                   IBUF (Prop_ibuf_I_O)         1.388    11.388 r  clk_IBUF_inst/O
                         net (fo=1, routed)           1.862    13.250    clk_IBUF
    BUFGCTRL_X0Y1        BUFG (Prop_bufg_I_O)         0.091    13.341 r  clk_IBUF_BUFG_inst/O
                         net (fo=194, routed)         1.445    14.786    merge_controller/CLK
    SLICE_X39Y3          FDCE                                         r  merge_controller/debounce_right_reg[9]/C
                         clock pessimism              0.000    14.786    
                         clock uncertainty           -0.035    14.751    
    SLICE_X39Y3          FDCE (Recov_fdce_C_CLR)     -0.405    14.346    merge_controller/debounce_right_reg[9]
  -------------------------------------------------------------------
                         required time                         14.346    
                         arrival time                         -11.592    
  -------------------------------------------------------------------
                         slack                                  2.754    

Slack (MET) :             2.795ns  (required time - arrival time)
  Source:                 sw[10]
                            (input port clocked by sys_clk_pin  {rise@0.000ns fall@5.000ns period=10.000ns})
  Destination:            merge_controller/debounce_left_reg[1]/CLR
                            (recovery check against rising-edge clock sys_clk_pin  {rise@0.000ns fall@5.000ns period=10.000ns})
  Path Group:             **async_default**
  Path Type:              Recovery (Max at Slow Process Corner)
  Requirement:            10.000ns  (sys_clk_pin rise@10.000ns - sys_clk_pin rise@0.000ns)
  Data Path Delay:        7.552ns  (logic 1.582ns (20.947%)  route 5.970ns (79.053%))
  Logic Levels:           2  (IBUF=1 LUT4=1)
  Input Delay:            4.000ns
  Clock Path Skew:        4.787ns (DCD - SCD + CPR)
    Destination Clock Delay (DCD):    4.787ns = ( 14.787 - 10.000 ) 
    Source Clock Delay      (SCD):    0.000ns
    Clock Pessimism Removal (CPR):    0.000ns
  Clock Uncertainty:      0.035ns  ((TSJ^2 + TIJ^2)^1/2 + DJ) / 2 + PE
    Total System Jitter     (TSJ):    0.071ns
    Total Input Jitter      (TIJ):    0.000ns
    Discrete Jitter          (DJ):    0.000ns
    Phase Error              (PE):    0.000ns

    Location             Delay type                Incr(ns)  Path(ns)    Netlist Resource(s)
  -------------------------------------------------------------------    -------------------
                         (clock sys_clk_pin rise edge)
                                                      0.000     0.000 r  
                         input delay                  4.000     4.000    
    T2                                                0.000     4.000 r  sw[10] (IN)
                         net (fo=0)                   0.000     4.000    sw[10]
    T2                   IBUF (Prop_ibuf_I_O)         1.458     5.458 r  sw_IBUF[10]_inst/O
                         net (fo=17, routed)          4.300     9.758    merge_controller/sw_IBUF[5]
    SLICE_X35Y26         LUT4 (Prop_lut4_I3_O)        0.124     9.882 f  merge_controller/FSM_onehot_state[31]_i_1/O
                         net (fo=377, routed)         1.670    11.552    merge_controller/btn_reset
    SLICE_X32Y1          FDCE                                         f  merge_controller/debounce_left_reg[1]/CLR
  -------------------------------------------------------------------    -------------------

                         (clock sys_clk_pin rise edge)
                                                     10.000    10.000 r  
    W5                                                0.000    10.000 r  clk (IN)
                         net (fo=0)                   0.000    10.000    clk
    W5                   IBUF (Prop_ibuf_I_O)         1.388    11.388 r  clk_IBUF_inst/O
                         net (fo=1, routed)           1.862    13.250    clk_IBUF
    BUFGCTRL_X0Y1        BUFG (Prop_bufg_I_O)         0.091    13.341 r  clk_IBUF_BUFG_inst/O
                         net (fo=194, routed)         1.446    14.787    merge_controller/CLK
    SLICE_X32Y1          FDCE                                         r  merge_controller/debounce_left_reg[1]/C
                         clock pessimism              0.000    14.787    
                         clock uncertainty           -0.035    14.752    
    SLICE_X32Y1          FDCE (Recov_fdce_C_CLR)     -0.405    14.347    merge_controller/debounce_left_reg[1]
  -------------------------------------------------------------------
                         required time                         14.347    
                         arrival time                         -11.552    
  -------------------------------------------------------------------
                         slack                                  2.795    

Slack (MET) :             2.795ns  (required time - arrival time)
  Source:                 sw[10]
                            (input port clocked by sys_clk_pin  {rise@0.000ns fall@5.000ns period=10.000ns})
  Destination:            merge_controller/debounce_left_reg[2]/CLR
                            (recovery check against rising-edge clock sys_clk_pin  {rise@0.000ns fall@5.000ns period=10.000ns})
  Path Group:             **async_default**
  Path Type:              Recovery (Max at Slow Process Corner)
  Requirement:            10.000ns  (sys_clk_pin rise@10.000ns - sys_clk_pin rise@0.000ns)
  Data Path Delay:        7.552ns  (logic 1.582ns (20.947%)  route 5.970ns (79.053%))
  Logic Levels:           2  (IBUF=1 LUT4=1)
  Input Delay:            4.000ns
  Clock Path Skew:        4.787ns (DCD - SCD + CPR)
    Destination Clock Delay (DCD):    4.787ns = ( 14.787 - 10.000 ) 
    Source Clock Delay      (SCD):    0.000ns
    Clock Pessimism Removal (CPR):    0.000ns
  Clock Uncertainty:      0.035ns  ((TSJ^2 + TIJ^2)^1/2 + DJ) / 2 + PE
    Total System Jitter     (TSJ):    0.071ns
    Total Input Jitter      (TIJ):    0.000ns
    Discrete Jitter          (DJ):    0.000ns
    Phase Error              (PE):    0.000ns

    Location             Delay type                Incr(ns)  Path(ns)    Netlist Resource(s)
  -------------------------------------------------------------------    -------------------
                         (clock sys_clk_pin rise edge)
                                                      0.000     0.000 r  
                         input delay                  4.000     4.000    
    T2                                                0.000     4.000 r  sw[10] (IN)
                         net (fo=0)                   0.000     4.000    sw[10]
    T2                   IBUF (Prop_ibuf_I_O)         1.458     5.458 r  sw_IBUF[10]_inst/O
                         net (fo=17, routed)          4.300     9.758    merge_controller/sw_IBUF[5]
    SLICE_X35Y26         LUT4 (Prop_lut4_I3_O)        0.124     9.882 f  merge_controller/FSM_onehot_state[31]_i_1/O
                         net (fo=377, routed)         1.670    11.552    merge_controller/btn_reset
    SLICE_X32Y1          FDCE                                         f  merge_controller/debounce_left_reg[2]/CLR
  -------------------------------------------------------------------    -------------------

                         (clock sys_clk_pin rise edge)
                                                     10.000    10.000 r  
    W5                                                0.000    10.000 r  clk (IN)
                         net (fo=0)                   0.000    10.000    clk
    W5                   IBUF (Prop_ibuf_I_O)         1.388    11.388 r  clk_IBUF_inst/O
                         net (fo=1, routed)           1.862    13.250    clk_IBUF
    BUFGCTRL_X0Y1        BUFG (Prop_bufg_I_O)         0.091    13.341 r  clk_IBUF_BUFG_inst/O
                         net (fo=194, routed)         1.446    14.787    merge_controller/CLK
    SLICE_X32Y1          FDCE                                         r  merge_controller/debounce_left_reg[2]/C
                         clock pessimism              0.000    14.787    
                         clock uncertainty           -0.035    14.752    
    SLICE_X32Y1          FDCE (Recov_fdce_C_CLR)     -0.405    14.347    merge_controller/debounce_left_reg[2]
  -------------------------------------------------------------------
                         required time                         14.347    
                         arrival time                         -11.552    
  -------------------------------------------------------------------
                         slack                                  2.795    

Slack (MET) :             2.795ns  (required time - arrival time)
  Source:                 sw[10]
                            (input port clocked by sys_clk_pin  {rise@0.000ns fall@5.000ns period=10.000ns})
  Destination:            merge_controller/debounce_left_reg[3]/CLR
                            (recovery check against rising-edge clock sys_clk_pin  {rise@0.000ns fall@5.000ns period=10.000ns})
  Path Group:             **async_default**
  Path Type:              Recovery (Max at Slow Process Corner)
  Requirement:            10.000ns  (sys_clk_pin rise@10.000ns - sys_clk_pin rise@0.000ns)
  Data Path Delay:        7.552ns  (logic 1.582ns (20.947%)  route 5.970ns (79.053%))
  Logic Levels:           2  (IBUF=1 LUT4=1)
  Input Delay:            4.000ns
  Clock Path Skew:        4.787ns (DCD - SCD + CPR)
    Destination Clock Delay (DCD):    4.787ns = ( 14.787 - 10.000 ) 
    Source Clock Delay      (SCD):    0.000ns
    Clock Pessimism Removal (CPR):    0.000ns
  Clock Uncertainty:      0.035ns  ((TSJ^2 + TIJ^2)^1/2 + DJ) / 2 + PE
    Total System Jitter     (TSJ):    0.071ns
    Total Input Jitter      (TIJ):    0.000ns
    Discrete Jitter          (DJ):    0.000ns
    Phase Error              (PE):    0.000ns

    Location             Delay type                Incr(ns)  Path(ns)    Netlist Resource(s)
  -------------------------------------------------------------------    -------------------
                         (clock sys_clk_pin rise edge)
                                                      0.000     0.000 r  
                         input delay                  4.000     4.000    
    T2                                                0.000     4.000 r  sw[10] (IN)
                         net (fo=0)                   0.000     4.000    sw[10]
    T2                   IBUF (Prop_ibuf_I_O)         1.458     5.458 r  sw_IBUF[10]_inst/O
                         net (fo=17, routed)          4.300     9.758    merge_controller/sw_IBUF[5]
    SLICE_X35Y26         LUT4 (Prop_lut4_I3_O)        0.124     9.882 f  merge_controller/FSM_onehot_state[31]_i_1/O
                         net (fo=377, routed)         1.670    11.552    merge_controller/btn_reset
    SLICE_X32Y1          FDCE                                         f  merge_controller/debounce_left_reg[3]/CLR
  -------------------------------------------------------------------    -------------------

                         (clock sys_clk_pin rise edge)
                                                     10.000    10.000 r  
    W5                                                0.000    10.000 r  clk (IN)
                         net (fo=0)                   0.000    10.000    clk
    W5                   IBUF (Prop_ibuf_I_O)         1.388    11.388 r  clk_IBUF_inst/O
                         net (fo=1, routed)           1.862    13.250    clk_IBUF
    BUFGCTRL_X0Y1        BUFG (Prop_bufg_I_O)         0.091    13.341 r  clk_IBUF_BUFG_inst/O
                         net (fo=194, routed)         1.446    14.787    merge_controller/CLK
    SLICE_X32Y1          FDCE                                         r  merge_controller/debounce_left_reg[3]/C
                         clock pessimism              0.000    14.787    
                         clock uncertainty           -0.035    14.752    
    SLICE_X32Y1          FDCE (Recov_fdce_C_CLR)     -0.405    14.347    merge_controller/debounce_left_reg[3]
  -------------------------------------------------------------------
                         required time                         14.347    
                         arrival time                         -11.552    
  -------------------------------------------------------------------
                         slack                                  2.795    

Slack (MET) :             2.795ns  (required time - arrival time)
  Source:                 sw[10]
                            (input port clocked by sys_clk_pin  {rise@0.000ns fall@5.000ns period=10.000ns})
  Destination:            merge_controller/debounce_left_reg[4]/CLR
                            (recovery check against rising-edge clock sys_clk_pin  {rise@0.000ns fall@5.000ns period=10.000ns})
  Path Group:             **async_default**
  Path Type:              Recovery (Max at Slow Process Corner)
  Requirement:            10.000ns  (sys_clk_pin rise@10.000ns - sys_clk_pin rise@0.000ns)
  Data Path Delay:        7.552ns  (logic 1.582ns (20.947%)  route 5.970ns (79.053%))
  Logic Levels:           2  (IBUF=1 LUT4=1)
  Input Delay:            4.000ns
  Clock Path Skew:        4.787ns (DCD - SCD + CPR)
    Destination Clock Delay (DCD):    4.787ns = ( 14.787 - 10.000 ) 
    Source Clock Delay      (SCD):    0.000ns
    Clock Pessimism Removal (CPR):    0.000ns
  Clock Uncertainty:      0.035ns  ((TSJ^2 + TIJ^2)^1/2 + DJ) / 2 + PE
    Total System Jitter     (TSJ):    0.071ns
    Total Input Jitter      (TIJ):    0.000ns
    Discrete Jitter          (DJ):    0.000ns
    Phase Error              (PE):    0.000ns

    Location             Delay type                Incr(ns)  Path(ns)    Netlist Resource(s)
  -------------------------------------------------------------------    -------------------
                         (clock sys_clk_pin rise edge)
                                                      0.000     0.000 r  
                         input delay                  4.000     4.000    
    T2                                                0.000     4.000 r  sw[10] (IN)
                         net (fo=0)                   0.000     4.000    sw[10]
    T2                   IBUF (Prop_ibuf_I_O)         1.458     5.458 r  sw_IBUF[10]_inst/O
                         net (fo=17, routed)          4.300     9.758    merge_controller/sw_IBUF[5]
    SLICE_X35Y26         LUT4 (Prop_lut4_I3_O)        0.124     9.882 f  merge_controller/FSM_onehot_state[31]_i_1/O
                         net (fo=377, routed)         1.670    11.552    merge_controller/btn_reset
    SLICE_X32Y1          FDCE                                         f  merge_controller/debounce_left_reg[4]/CLR
  -------------------------------------------------------------------    -------------------

                         (clock sys_clk_pin rise edge)
                                                     10.000    10.000 r  
    W5                                                0.000    10.000 r  clk (IN)
                         net (fo=0)                   0.000    10.000    clk
    W5                   IBUF (Prop_ibuf_I_O)         1.388    11.388 r  clk_IBUF_inst/O
                         net (fo=1, routed)           1.862    13.250    clk_IBUF
    BUFGCTRL_X0Y1        BUFG (Prop_bufg_I_O)         0.091    13.341 r  clk_IBUF_BUFG_inst/O
                         net (fo=194, routed)         1.446    14.787    merge_controller/CLK
    SLICE_X32Y1          FDCE                                         r  merge_controller/debounce_left_reg[4]/C
                         clock pessimism              0.000    14.787    
                         clock uncertainty           -0.035    14.752    
    SLICE_X32Y1          FDCE (Recov_fdce_C_CLR)     -0.405    14.347    merge_controller/debounce_left_reg[4]
  -------------------------------------------------------------------
                         required time                         14.347    
                         arrival time                         -11.552    
  -------------------------------------------------------------------
                         slack                                  2.795    

Slack (MET) :             2.852ns  (required time - arrival time)
  Source:                 sw[10]
                            (input port clocked by sys_clk_pin  {rise@0.000ns fall@5.000ns period=10.000ns})
  Destination:            merge_controller/debounce_down_reg[10]/CLR
                            (recovery check against rising-edge clock sys_clk_pin  {rise@0.000ns fall@5.000ns period=10.000ns})
  Path Group:             **async_default**
  Path Type:              Recovery (Max at Slow Process Corner)
  Requirement:            10.000ns  (sys_clk_pin rise@10.000ns - sys_clk_pin rise@0.000ns)
  Data Path Delay:        7.492ns  (logic 1.582ns (21.113%)  route 5.911ns (78.887%))
  Logic Levels:           2  (IBUF=1 LUT4=1)
  Input Delay:            4.000ns
  Clock Path Skew:        4.784ns (DCD - SCD + CPR)
    Destination Clock Delay (DCD):    4.784ns = ( 14.784 - 10.000 ) 
    Source Clock Delay      (SCD):    0.000ns
    Clock Pessimism Removal (CPR):    0.000ns
  Clock Uncertainty:      0.035ns  ((TSJ^2 + TIJ^2)^1/2 + DJ) / 2 + PE
    Total System Jitter     (TSJ):    0.071ns
    Total Input Jitter      (TIJ):    0.000ns
    Discrete Jitter          (DJ):    0.000ns
    Phase Error              (PE):    0.000ns

    Location             Delay type                Incr(ns)  Path(ns)    Netlist Resource(s)
  -------------------------------------------------------------------    -------------------
                         (clock sys_clk_pin rise edge)
                                                      0.000     0.000 r  
                         input delay                  4.000     4.000    
    T2                                                0.000     4.000 r  sw[10] (IN)
                         net (fo=0)                   0.000     4.000    sw[10]
    T2                   IBUF (Prop_ibuf_I_O)         1.458     5.458 r  sw_IBUF[10]_inst/O
                         net (fo=17, routed)          4.300     9.758    merge_controller/sw_IBUF[5]
    SLICE_X35Y26         LUT4 (Prop_lut4_I3_O)        0.124     9.882 f  merge_controller/FSM_onehot_state[31]_i_1/O
                         net (fo=377, routed)         1.610    11.492    merge_controller/btn_reset
    SLICE_X35Y7          FDCE                                         f  merge_controller/debounce_down_reg[10]/CLR
  -------------------------------------------------------------------    -------------------

                         (clock sys_clk_pin rise edge)
                                                     10.000    10.000 r  
    W5                                                0.000    10.000 r  clk (IN)
                         net (fo=0)                   0.000    10.000    clk
    W5                   IBUF (Prop_ibuf_I_O)         1.388    11.388 r  clk_IBUF_inst/O
                         net (fo=1, routed)           1.862    13.250    clk_IBUF
    BUFGCTRL_X0Y1        BUFG (Prop_bufg_I_O)         0.091    13.341 r  clk_IBUF_BUFG_inst/O
                         net (fo=194, routed)         1.443    14.784    merge_controller/CLK
    SLICE_X35Y7          FDCE                                         r  merge_controller/debounce_down_reg[10]/C
                         clock pessimism              0.000    14.784    
                         clock uncertainty           -0.035    14.749    
    SLICE_X35Y7          FDCE (Recov_fdce_C_CLR)     -0.405    14.344    merge_controller/debounce_down_reg[10]
  -------------------------------------------------------------------
                         required time                         14.344    
                         arrival time                         -11.492    
  -------------------------------------------------------------------
                         slack                                  2.852    





Min Delay Paths
--------------------------------------------------------------------------------------
Slack (MET) :             1.416ns  (arrival time - required time)
  Source:                 btnC_sync_reg[1]/C
                            (rising edge-triggered cell FDRE clocked by sys_clk_pin  {rise@0.000ns fall@5.000ns period=10.000ns})
  Destination:            merge_controller/cursor_right_req_reg/CLR
                            (removal check against rising-edge clock sys_clk_pin  {rise@0.000ns fall@5.000ns period=10.000ns})
  Path Group:             **async_default**
  Path Type:              Removal (Min at Fast Process Corner)
  Requirement:            0.000ns  (sys_clk_pin rise@0.000ns - sys_clk_pin rise@0.000ns)
  Data Path Delay:        1.579ns  (logic 0.209ns (13.238%)  route 1.370ns (86.762%))
  Logic Levels:           1  (LUT4=1)
  Clock Path Skew:        0.255ns (DCD - SCD - CPR)
    Destination Clock Delay (DCD):    1.944ns
    Source Clock Delay      (SCD):    1.440ns
    Clock Pessimism Removal (CPR):    0.249ns

    Location             Delay type                Incr(ns)  Path(ns)    Netlist Resource(s)
  -------------------------------------------------------------------    -------------------
                         (clock sys_clk_pin rise edge)
                                                      0.000     0.000 r  
    W5                                                0.000     0.000 r  clk (IN)
                         net (fo=0)                   0.000     0.000    clk
    W5                   IBUF (Prop_ibuf_I_O)         0.226     0.226 r  clk_IBUF_inst/O
                         net (fo=1, routed)           0.631     0.858    clk_IBUF
    BUFGCTRL_X0Y1        BUFG (Prop_bufg_I_O)         0.026     0.884 r  clk_IBUF_BUFG_inst/O
                         net (fo=194, routed)         0.557     1.440    clk_IBUF_BUFG
    SLICE_X14Y20         FDRE                                         r  btnC_sync_reg[1]/C
  -------------------------------------------------------------------    -------------------
    SLICE_X14Y20         FDRE (Prop_fdre_C_Q)         0.164     1.604 r  btnC_sync_reg[1]/Q
                         net (fo=6, routed)           1.130     2.734    merge_controller/Q[0]
    SLICE_X35Y26         LUT4 (Prop_lut4_I0_O)        0.045     2.779 f  merge_controller/FSM_onehot_state[31]_i_1/O
                         net (fo=377, routed)         0.240     3.019    merge_controller/btn_reset
    SLICE_X37Y26         FDCE                                         f  merge_controller/cursor_right_req_reg/CLR
  -------------------------------------------------------------------    -------------------

                         (clock sys_clk_pin rise edge)
                                                      0.000     0.000 r  
    W5                                                0.000     0.000 r  clk (IN)
                         net (fo=0)                   0.000     0.000    clk
    W5                   IBUF (Prop_ibuf_I_O)         0.414     0.414 r  clk_IBUF_inst/O
                         net (fo=1, routed)           0.685     1.099    clk_IBUF
    BUFGCTRL_X0Y1        BUFG (Prop_bufg_I_O)         0.029     1.128 r  clk_IBUF_BUFG_inst/O
                         net (fo=194, routed)         0.817     1.944    merge_controller/CLK
    SLICE_X37Y26         FDCE                                         r  merge_controller/cursor_right_req_reg/C
                         clock pessimism             -0.249     1.695    
    SLICE_X37Y26         FDCE (Remov_fdce_C_CLR)     -0.092     1.603    merge_controller/cursor_right_req_reg
  -------------------------------------------------------------------
                         required time                         -1.603    
                         arrival time                           3.019    
  -------------------------------------------------------------------
                         slack                                  1.416    

Slack (MET) :             1.621ns  (arrival time - required time)
  Source:                 btnC_sync_reg[1]/C
                            (rising edge-triggered cell FDRE clocked by sys_clk_pin  {rise@0.000ns fall@5.000ns period=10.000ns})
  Destination:            merge_controller/state_prev_reg[0]/CLR
                            (removal check against rising-edge clock sys_clk_pin  {rise@0.000ns fall@5.000ns period=10.000ns})
  Path Group:             **async_default**
  Path Type:              Removal (Min at Fast Process Corner)
  Requirement:            0.000ns  (sys_clk_pin rise@0.000ns - sys_clk_pin rise@0.000ns)
  Data Path Delay:        1.790ns  (logic 0.209ns (11.674%)  route 1.581ns (88.326%))
  Logic Levels:           1  (LUT4=1)
  Clock Path Skew:        0.261ns (DCD - SCD - CPR)
    Destination Clock Delay (DCD):    1.950ns
    Source Clock Delay      (SCD):    1.440ns
    Clock Pessimism Removal (CPR):    0.249ns

    Location             Delay type                Incr(ns)  Path(ns)    Netlist Resource(s)
  -------------------------------------------------------------------    -------------------
                         (clock sys_clk_pin rise edge)
                                                      0.000     0.000 r  
    W5                                                0.000     0.000 r  clk (IN)
                         net (fo=0)                   0.000     0.000    clk
    W5                   IBUF (Prop_ibuf_I_O)         0.226     0.226 r  clk_IBUF_inst/O
                         net (fo=1, routed)           0.631     0.858    clk_IBUF
    BUFGCTRL_X0Y1        BUFG (Prop_bufg_I_O)         0.026     0.884 r  clk_IBUF_BUFG_inst/O
                         net (fo=194, routed)         0.557     1.440    clk_IBUF_BUFG
    SLICE_X14Y20         FDRE                                         r  btnC_sync_reg[1]/C
  -------------------------------------------------------------------    -------------------
    SLICE_X14Y20         FDRE (Prop_fdre_C_Q)         0.164     1.604 r  btnC_sync_reg[1]/Q
                         net (fo=6, routed)           1.130     2.734    merge_controller/Q[0]
    SLICE_X35Y26         LUT4 (Prop_lut4_I0_O)        0.045     2.779 f  merge_controller/FSM_onehot_state[31]_i_1/O
                         net (fo=377, routed)         0.452     3.230    merge_controller/btn_reset
    SLICE_X36Y18         FDCE                                         f  merge_controller/state_prev_reg[0]/CLR
  -------------------------------------------------------------------    -------------------

                         (clock sys_clk_pin rise edge)
                                                      0.000     0.000 r  
    W5                                                0.000     0.000 r  clk (IN)
                         net (fo=0)                   0.000     0.000    clk
    W5                   IBUF (Prop_ibuf_I_O)         0.414     0.414 r  clk_IBUF_inst/O
                         net (fo=1, routed)           0.685     1.099    clk_IBUF
    BUFGCTRL_X0Y1        BUFG (Prop_bufg_I_O)         0.029     1.128 r  clk_IBUF_BUFG_inst/O
                         net (fo=194, routed)         0.823     1.950    merge_controller/CLK
    SLICE_X36Y18         FDCE                                         r  merge_controller/state_prev_reg[0]/C
                         clock pessimism             -0.249     1.701    
    SLICE_X36Y18         FDCE (Remov_fdce_C_CLR)     -0.092     1.609    merge_controller/state_prev_reg[0]
  -------------------------------------------------------------------
                         required time                         -1.609    
                         arrival time                           3.230    
  -------------------------------------------------------------------
                         slack                                  1.621    

Slack (MET) :             1.649ns  (arrival time - required time)
  Source:                 btnC_sync_reg[1]/C
                            (rising edge-triggered cell FDRE clocked by sys_clk_pin  {rise@0.000ns fall@5.000ns period=10.000ns})
  Destination:            merge_controller/cursor_left_req_reg/CLR
                            (removal check against rising-edge clock sys_clk_pin  {rise@0.000ns fall@5.000ns period=10.000ns})
  Path Group:             **async_default**
  Path Type:              Removal (Min at Fast Process Corner)
  Requirement:            0.000ns  (sys_clk_pin rise@0.000ns - sys_clk_pin rise@0.000ns)
  Data Path Delay:        1.582ns  (logic 0.209ns (13.213%)  route 1.373ns (86.787%))
  Logic Levels:           1  (LUT4=1)
  Clock Path Skew:        0.025ns (DCD - SCD - CPR)
    Destination Clock Delay (DCD):    1.943ns
    Source Clock Delay      (SCD):    1.440ns
    Clock Pessimism Removal (CPR):    0.478ns

    Location             Delay type                Incr(ns)  Path(ns)    Netlist Resource(s)
  -------------------------------------------------------------------    -------------------
                         (clock sys_clk_pin rise edge)
                                                      0.000     0.000 r  
    W5                                                0.000     0.000 r  clk (IN)
                         net (fo=0)                   0.000     0.000    clk
    W5                   IBUF (Prop_ibuf_I_O)         0.226     0.226 r  clk_IBUF_inst/O
                         net (fo=1, routed)           0.631     0.858    clk_IBUF
    BUFGCTRL_X0Y1        BUFG (Prop_bufg_I_O)         0.026     0.884 r  clk_IBUF_BUFG_inst/O
                         net (fo=194, routed)         0.557     1.440    clk_IBUF_BUFG
    SLICE_X14Y20         FDRE                                         r  btnC_sync_reg[1]/C
  -------------------------------------------------------------------    -------------------
    SLICE_X14Y20         FDRE (Prop_fdre_C_Q)         0.164     1.604 r  btnC_sync_reg[1]/Q
                         net (fo=6, routed)           1.130     2.734    merge_controller/Q[0]
    SLICE_X35Y26         LUT4 (Prop_lut4_I0_O)        0.045     2.779 f  merge_controller/FSM_onehot_state[31]_i_1/O
                         net (fo=377, routed)         0.243     3.022    merge_controller/btn_reset
    SLICE_X35Y26         FDCE                                         f  merge_controller/cursor_left_req_reg/CLR
  -------------------------------------------------------------------    -------------------

                         (clock sys_clk_pin rise edge)
                                                      0.000     0.000 r  
    W5                                                0.000     0.000 r  clk (IN)
                         net (fo=0)                   0.000     0.000    clk
    W5                   IBUF (Prop_ibuf_I_O)         0.414     0.414 r  clk_IBUF_inst/O
                         net (fo=1, routed)           0.685     1.099    clk_IBUF
    BUFGCTRL_X0Y1        BUFG (Prop_bufg_I_O)         0.029     1.128 r  clk_IBUF_BUFG_inst/O
                         net (fo=194, routed)         0.816     1.943    merge_controller/CLK
    SLICE_X35Y26         FDCE                                         r  merge_controller/cursor_left_req_reg/C
                         clock pessimism             -0.478     1.465    
    SLICE_X35Y26         FDCE (Remov_fdce_C_CLR)     -0.092     1.373    merge_controller/cursor_left_req_reg
  -------------------------------------------------------------------
                         required time                         -1.373    
                         arrival time                           3.022    
  -------------------------------------------------------------------
                         slack                                  1.649    

Slack (MET) :             1.649ns  (arrival time - required time)
  Source:                 btnC_sync_reg[1]/C
                            (rising edge-triggered cell FDRE clocked by sys_clk_pin  {rise@0.000ns fall@5.000ns period=10.000ns})
  Destination:            merge_controller/state_prev_reg[1]/CLR
                            (removal check against rising-edge clock sys_clk_pin  {rise@0.000ns fall@5.000ns period=10.000ns})
  Path Group:             **async_default**
  Path Type:              Removal (Min at Fast Process Corner)
  Requirement:            0.000ns  (sys_clk_pin rise@0.000ns - sys_clk_pin rise@0.000ns)
  Data Path Delay:        1.582ns  (logic 0.209ns (13.213%)  route 1.373ns (86.787%))
  Logic Levels:           1  (LUT4=1)
  Clock Path Skew:        0.025ns (DCD - SCD - CPR)
    Destination Clock Delay (DCD):    1.943ns
    Source Clock Delay      (SCD):    1.440ns
    Clock Pessimism Removal (CPR):    0.478ns

    Location             Delay type                Incr(ns)  Path(ns)    Netlist Resource(s)
  -------------------------------------------------------------------    -------------------
                         (clock sys_clk_pin rise edge)
                                                      0.000     0.000 r  
    W5                                                0.000     0.000 r  clk (IN)
                         net (fo=0)                   0.000     0.000    clk
    W5                   IBUF (Prop_ibuf_I_O)         0.226     0.226 r  clk_IBUF_inst/O
                         net (fo=1, routed)           0.631     0.858    clk_IBUF
    BUFGCTRL_X0Y1        BUFG (Prop_bufg_I_O)         0.026     0.884 r  clk_IBUF_BUFG_inst/O
                         net (fo=194, routed)         0.557     1.440    clk_IBUF_BUFG
    SLICE_X14Y20         FDRE                                         r  btnC_sync_reg[1]/C
  -------------------------------------------------------------------    -------------------
    SLICE_X14Y20         FDRE (Prop_fdre_C_Q)         0.164     1.604 r  btnC_sync_reg[1]/Q
                         net (fo=6, routed)           1.130     2.734    merge_controller/Q[0]
    SLICE_X35Y26         LUT4 (Prop_lut4_I0_O)        0.045     2.779 f  merge_controller/FSM_onehot_state[31]_i_1/O
                         net (fo=377, routed)         0.243     3.022    merge_controller/btn_reset
    SLICE_X35Y26         FDCE                                         f  merge_controller/state_prev_reg[1]/CLR
  -------------------------------------------------------------------    -------------------

                         (clock sys_clk_pin rise edge)
                                                      0.000     0.000 r  
    W5                                                0.000     0.000 r  clk (IN)
                         net (fo=0)                   0.000     0.000    clk
    W5                   IBUF (Prop_ibuf_I_O)         0.414     0.414 r  clk_IBUF_inst/O
                         net (fo=1, routed)           0.685     1.099    clk_IBUF
    BUFGCTRL_X0Y1        BUFG (Prop_bufg_I_O)         0.029     1.128 r  clk_IBUF_BUFG_inst/O
                         net (fo=194, routed)         0.816     1.943    merge_controller/CLK
    SLICE_X35Y26         FDCE                                         r  merge_controller/state_prev_reg[1]/C
                         clock pessimism             -0.478     1.465    
    SLICE_X35Y26         FDCE (Remov_fdce_C_CLR)     -0.092     1.373    merge_controller/state_prev_reg[1]
  -------------------------------------------------------------------
                         required time                         -1.373    
                         arrival time                           3.022    
  -------------------------------------------------------------------
                         slack                                  1.649    

Slack (MET) :             1.649ns  (arrival time - required time)
  Source:                 btnC_sync_reg[1]/C
                            (rising edge-triggered cell FDRE clocked by sys_clk_pin  {rise@0.000ns fall@5.000ns period=10.000ns})
  Destination:            merge_controller/value_up_req_reg/CLR
                            (removal check against rising-edge clock sys_clk_pin  {rise@0.000ns fall@5.000ns period=10.000ns})
  Path Group:             **async_default**
  Path Type:              Removal (Min at Fast Process Corner)
  Requirement:            0.000ns  (sys_clk_pin rise@0.000ns - sys_clk_pin rise@0.000ns)
  Data Path Delay:        1.582ns  (logic 0.209ns (13.213%)  route 1.373ns (86.787%))
  Logic Levels:           1  (LUT4=1)
  Clock Path Skew:        0.025ns (DCD - SCD - CPR)
    Destination Clock Delay (DCD):    1.943ns
    Source Clock Delay      (SCD):    1.440ns
    Clock Pessimism Removal (CPR):    0.478ns

    Location             Delay type                Incr(ns)  Path(ns)    Netlist Resource(s)
  -------------------------------------------------------------------    -------------------
                         (clock sys_clk_pin rise edge)
                                                      0.000     0.000 r  
    W5                                                0.000     0.000 r  clk (IN)
                         net (fo=0)                   0.000     0.000    clk
    W5                   IBUF (Prop_ibuf_I_O)         0.226     0.226 r  clk_IBUF_inst/O
                         net (fo=1, routed)           0.631     0.858    clk_IBUF
    BUFGCTRL_X0Y1        BUFG (Prop_bufg_I_O)         0.026     0.884 r  clk_IBUF_BUFG_inst/O
                         net (fo=194, routed)         0.557     1.440    clk_IBUF_BUFG
    SLICE_X14Y20         FDRE                                         r  btnC_sync_reg[1]/C
  -------------------------------------------------------------------    -------------------
    SLICE_X14Y20         FDRE (Prop_fdre_C_Q)         0.164     1.604 r  btnC_sync_reg[1]/Q
                         net (fo=6, routed)           1.130     2.734    merge_controller/Q[0]
    SLICE_X35Y26         LUT4 (Prop_lut4_I0_O)        0.045     2.779 f  merge_controller/FSM_onehot_state[31]_i_1/O
                         net (fo=377, routed)         0.243     3.022    merge_controller/btn_reset
    SLICE_X35Y26         FDCE                                         f  merge_controller/value_up_req_reg/CLR
  -------------------------------------------------------------------    -------------------

                         (clock sys_clk_pin rise edge)
                                                      0.000     0.000 r  
    W5                                                0.000     0.000 r  clk (IN)
                         net (fo=0)                   0.000     0.000    clk
    W5                   IBUF (Prop_ibuf_I_O)         0.414     0.414 r  clk_IBUF_inst/O
                         net (fo=1, routed)           0.685     1.099    clk_IBUF
    BUFGCTRL_X0Y1        BUFG (Prop_bufg_I_O)         0.029     1.128 r  clk_IBUF_BUFG_inst/O
                         net (fo=194, routed)         0.816     1.943    merge_controller/CLK
    SLICE_X35Y26         FDCE                                         r  merge_controller/value_up_req_reg/C
                         clock pessimism             -0.478     1.465    
    SLICE_X35Y26         FDCE (Remov_fdce_C_CLR)     -0.092     1.373    merge_controller/value_up_req_reg
  -------------------------------------------------------------------
                         required time                         -1.373    
                         arrival time                           3.022    
  -------------------------------------------------------------------
                         slack                                  1.649    

Slack (MET) :             1.657ns  (arrival time - required time)
  Source:                 btnC_sync_reg[1]/C
                            (rising edge-triggered cell FDRE clocked by sys_clk_pin  {rise@0.000ns fall@5.000ns period=10.000ns})
  Destination:            merge_controller/FSM_sequential_state_reg[1]/CLR
                            (removal check against rising-edge clock sys_clk_pin  {rise@0.000ns fall@5.000ns period=10.000ns})
  Path Group:             **async_default**
  Path Type:              Removal (Min at Fast Process Corner)
  Requirement:            0.000ns  (sys_clk_pin rise@0.000ns - sys_clk_pin rise@0.000ns)
  Data Path Delay:        1.589ns  (logic 0.209ns (13.151%)  route 1.380ns (86.849%))
  Logic Levels:           1  (LUT4=1)
  Clock Path Skew:        0.024ns (DCD - SCD - CPR)
    Destination Clock Delay (DCD):    1.942ns
    Source Clock Delay      (SCD):    1.440ns
    Clock Pessimism Removal (CPR):    0.478ns

    Location             Delay type                Incr(ns)  Path(ns)    Netlist Resource(s)
  -------------------------------------------------------------------    -------------------
                         (clock sys_clk_pin rise edge)
                                                      0.000     0.000 r  
    W5                                                0.000     0.000 r  clk (IN)
                         net (fo=0)                   0.000     0.000    clk
    W5                   IBUF (Prop_ibuf_I_O)         0.226     0.226 r  clk_IBUF_inst/O
                         net (fo=1, routed)           0.631     0.858    clk_IBUF
    BUFGCTRL_X0Y1        BUFG (Prop_bufg_I_O)         0.026     0.884 r  clk_IBUF_BUFG_inst/O
                         net (fo=194, routed)         0.557     1.440    clk_IBUF_BUFG
    SLICE_X14Y20         FDRE                                         r  btnC_sync_reg[1]/C
  -------------------------------------------------------------------    -------------------
    SLICE_X14Y20         FDRE (Prop_fdre_C_Q)         0.164     1.604 r  btnC_sync_reg[1]/Q
                         net (fo=6, routed)           1.130     2.734    merge_controller/Q[0]
    SLICE_X35Y26         LUT4 (Prop_lut4_I0_O)        0.045     2.779 f  merge_controller/FSM_onehot_state[31]_i_1/O
                         net (fo=377, routed)         0.251     3.029    merge_controller/btn_reset
    SLICE_X35Y25         FDCE                                         f  merge_controller/FSM_sequential_state_reg[1]/CLR
  -------------------------------------------------------------------    -------------------

                         (clock sys_clk_pin rise edge)
                                                      0.000     0.000 r  
    W5                                                0.000     0.000 r  clk (IN)
                         net (fo=0)                   0.000     0.000    clk
    W5                   IBUF (Prop_ibuf_I_O)         0.414     0.414 r  clk_IBUF_inst/O
                         net (fo=1, routed)           0.685     1.099    clk_IBUF
    BUFGCTRL_X0Y1        BUFG (Prop_bufg_I_O)         0.029     1.128 r  clk_IBUF_BUFG_inst/O
                         net (fo=194, routed)         0.815     1.942    merge_controller/CLK
    SLICE_X35Y25         FDCE                                         r  merge_controller/FSM_sequential_state_reg[1]/C
                         clock pessimism             -0.478     1.464    
    SLICE_X35Y25         FDCE (Remov_fdce_C_CLR)     -0.092     1.372    merge_controller/FSM_sequential_state_reg[1]
  -------------------------------------------------------------------
                         required time                         -1.372    
                         arrival time                           3.029    
  -------------------------------------------------------------------
                         slack                                  1.657    

Slack (MET) :             1.665ns  (arrival time - required time)
  Source:                 btnC_sync_reg[1]/C
                            (rising edge-triggered cell FDRE clocked by sys_clk_pin  {rise@0.000ns fall@5.000ns period=10.000ns})
  Destination:            merge_controller/FSM_sequential_state_reg[0]/CLR
                            (removal check against rising-edge clock sys_clk_pin  {rise@0.000ns fall@5.000ns period=10.000ns})
  Path Group:             **async_default**
  Path Type:              Removal (Min at Fast Process Corner)
  Requirement:            0.000ns  (sys_clk_pin rise@0.000ns - sys_clk_pin rise@0.000ns)
  Data Path Delay:        1.599ns  (logic 0.209ns (13.069%)  route 1.390ns (86.931%))
  Logic Levels:           1  (LUT4=1)
  Clock Path Skew:        0.026ns (DCD - SCD - CPR)
    Destination Clock Delay (DCD):    1.944ns
    Source Clock Delay      (SCD):    1.440ns
    Clock Pessimism Removal (CPR):    0.478ns

    Location             Delay type                Incr(ns)  Path(ns)    Netlist Resource(s)
  -------------------------------------------------------------------    -------------------
                         (clock sys_clk_pin rise edge)
                                                      0.000     0.000 r  
    W5                                                0.000     0.000 r  clk (IN)
                         net (fo=0)                   0.000     0.000    clk
    W5                   IBUF (Prop_ibuf_I_O)         0.226     0.226 r  clk_IBUF_inst/O
                         net (fo=1, routed)           0.631     0.858    clk_IBUF
    BUFGCTRL_X0Y1        BUFG (Prop_bufg_I_O)         0.026     0.884 r  clk_IBUF_BUFG_inst/O
                         net (fo=194, routed)         0.557     1.440    clk_IBUF_BUFG
    SLICE_X14Y20         FDRE                                         r  btnC_sync_reg[1]/C
  -------------------------------------------------------------------    -------------------
    SLICE_X14Y20         FDRE (Prop_fdre_C_Q)         0.164     1.604 r  btnC_sync_reg[1]/Q
                         net (fo=6, routed)           1.130     2.734    merge_controller/Q[0]
    SLICE_X35Y26         LUT4 (Prop_lut4_I0_O)        0.045     2.779 f  merge_controller/FSM_onehot_state[31]_i_1/O
                         net (fo=377, routed)         0.261     3.039    merge_controller/btn_reset
    SLICE_X33Y26         FDCE                                         f  merge_controller/FSM_sequential_state_reg[0]/CLR
  -------------------------------------------------------------------    -------------------

                         (clock sys_clk_pin rise edge)
                                                      0.000     0.000 r  
    W5                                                0.000     0.000 r  clk (IN)
                         net (fo=0)                   0.000     0.000    clk
    W5                   IBUF (Prop_ibuf_I_O)         0.414     0.414 r  clk_IBUF_inst/O
                         net (fo=1, routed)           0.685     1.099    clk_IBUF
    BUFGCTRL_X0Y1        BUFG (Prop_bufg_I_O)         0.029     1.128 r  clk_IBUF_BUFG_inst/O
                         net (fo=194, routed)         0.817     1.944    merge_controller/CLK
    SLICE_X33Y26         FDCE                                         r  merge_controller/FSM_sequential_state_reg[0]/C
                         clock pessimism             -0.478     1.466    
    SLICE_X33Y26         FDCE (Remov_fdce_C_CLR)     -0.092     1.374    merge_controller/FSM_sequential_state_reg[0]
  -------------------------------------------------------------------
                         required time                         -1.374    
                         arrival time                           3.039    
  -------------------------------------------------------------------
                         slack                                  1.665    

Slack (MET) :             1.665ns  (arrival time - required time)
  Source:                 btnC_sync_reg[1]/C
                            (rising edge-triggered cell FDRE clocked by sys_clk_pin  {rise@0.000ns fall@5.000ns period=10.000ns})
  Destination:            merge_controller/FSM_sequential_state_reg[2]/CLR
                            (removal check against rising-edge clock sys_clk_pin  {rise@0.000ns fall@5.000ns period=10.000ns})
  Path Group:             **async_default**
  Path Type:              Removal (Min at Fast Process Corner)
  Requirement:            0.000ns  (sys_clk_pin rise@0.000ns - sys_clk_pin rise@0.000ns)
  Data Path Delay:        1.599ns  (logic 0.209ns (13.069%)  route 1.390ns (86.931%))
  Logic Levels:           1  (LUT4=1)
  Clock Path Skew:        0.026ns (DCD - SCD - CPR)
    Destination Clock Delay (DCD):    1.944ns
    Source Clock Delay      (SCD):    1.440ns
    Clock Pessimism Removal (CPR):    0.478ns

    Location             Delay type                Incr(ns)  Path(ns)    Netlist Resource(s)
  -------------------------------------------------------------------    -------------------
                         (clock sys_clk_pin rise edge)
                                                      0.000     0.000 r  
    W5                                                0.000     0.000 r  clk (IN)
                         net (fo=0)                   0.000     0.000    clk
    W5                   IBUF (Prop_ibuf_I_O)         0.226     0.226 r  clk_IBUF_inst/O
                         net (fo=1, routed)           0.631     0.858    clk_IBUF
    BUFGCTRL_X0Y1        BUFG (Prop_bufg_I_O)         0.026     0.884 r  clk_IBUF_BUFG_inst/O
                         net (fo=194, routed)         0.557     1.440    clk_IBUF_BUFG
    SLICE_X14Y20         FDRE                                         r  btnC_sync_reg[1]/C
  -------------------------------------------------------------------    -------------------
    SLICE_X14Y20         FDRE (Prop_fdre_C_Q)         0.164     1.604 r  btnC_sync_reg[1]/Q
                         net (fo=6, routed)           1.130     2.734    merge_controller/Q[0]
    SLICE_X35Y26         LUT4 (Prop_lut4_I0_O)        0.045     2.779 f  merge_controller/FSM_onehot_state[31]_i_1/O
                         net (fo=377, routed)         0.261     3.039    merge_controller/btn_reset
    SLICE_X33Y26         FDCE                                         f  merge_controller/FSM_sequential_state_reg[2]/CLR
  -------------------------------------------------------------------    -------------------

                         (clock sys_clk_pin rise edge)
                                                      0.000     0.000 r  
    W5                                                0.000     0.000 r  clk (IN)
                         net (fo=0)                   0.000     0.000    clk
    W5                   IBUF (Prop_ibuf_I_O)         0.414     0.414 r  clk_IBUF_inst/O
                         net (fo=1, routed)           0.685     1.099    clk_IBUF
    BUFGCTRL_X0Y1        BUFG (Prop_bufg_I_O)         0.029     1.128 r  clk_IBUF_BUFG_inst/O
                         net (fo=194, routed)         0.817     1.944    merge_controller/CLK
    SLICE_X33Y26         FDCE                                         r  merge_controller/FSM_sequential_state_reg[2]/C
                         clock pessimism             -0.478     1.466    
    SLICE_X33Y26         FDCE (Remov_fdce_C_CLR)     -0.092     1.374    merge_controller/FSM_sequential_state_reg[2]
  -------------------------------------------------------------------
                         required time                         -1.374    
                         arrival time                           3.039    
  -------------------------------------------------------------------
                         slack                                  1.665    

Slack (MET) :             1.689ns  (arrival time - required time)
  Source:                 btnC_sync_reg[1]/C
                            (rising edge-triggered cell FDRE clocked by sys_clk_pin  {rise@0.000ns fall@5.000ns period=10.000ns})
  Destination:            merge_controller/debounce_right_reg[10]/CLR
                            (removal check against rising-edge clock sys_clk_pin  {rise@0.000ns fall@5.000ns period=10.000ns})
  Path Group:             **async_default**
  Path Type:              Removal (Min at Fast Process Corner)
  Requirement:            0.000ns  (sys_clk_pin rise@0.000ns - sys_clk_pin rise@0.000ns)
  Data Path Delay:        1.867ns  (logic 0.209ns (11.194%)  route 1.658ns (88.806%))
  Logic Levels:           1  (LUT4=1)
  Clock Path Skew:        0.270ns (DCD - SCD - CPR)
    Destination Clock Delay (DCD):    1.959ns
    Source Clock Delay      (SCD):    1.440ns
    Clock Pessimism Removal (CPR):    0.249ns

    Location             Delay type                Incr(ns)  Path(ns)    Netlist Resource(s)
  -------------------------------------------------------------------    -------------------
                         (clock sys_clk_pin rise edge)
                                                      0.000     0.000 r  
    W5                                                0.000     0.000 r  clk (IN)
                         net (fo=0)                   0.000     0.000    clk
    W5                   IBUF (Prop_ibuf_I_O)         0.226     0.226 r  clk_IBUF_inst/O
                         net (fo=1, routed)           0.631     0.858    clk_IBUF
    BUFGCTRL_X0Y1        BUFG (Prop_bufg_I_O)         0.026     0.884 r  clk_IBUF_BUFG_inst/O
                         net (fo=194, routed)         0.557     1.440    clk_IBUF_BUFG
    SLICE_X14Y20         FDRE                                         r  btnC_sync_reg[1]/C
  -------------------------------------------------------------------    -------------------
    SLICE_X14Y20         FDRE (Prop_fdre_C_Q)         0.164     1.604 r  btnC_sync_reg[1]/Q
                         net (fo=6, routed)           1.130     2.734    merge_controller/Q[0]
    SLICE_X35Y26         LUT4 (Prop_lut4_I0_O)        0.045     2.779 f  merge_controller/FSM_onehot_state[31]_i_1/O
                         net (fo=377, routed)         0.528     3.307    merge_controller/btn_reset
    SLICE_X37Y3          FDCE                                         f  merge_controller/debounce_right_reg[10]/CLR
  -------------------------------------------------------------------    -------------------

                         (clock sys_clk_pin rise edge)
                                                      0.000     0.000 r  
    W5                                                0.000     0.000 r  clk (IN)
                         net (fo=0)                   0.000     0.000    clk
    W5                   IBUF (Prop_ibuf_I_O)         0.414     0.414 r  clk_IBUF_inst/O
                         net (fo=1, routed)           0.685     1.099    clk_IBUF
    BUFGCTRL_X0Y1        BUFG (Prop_bufg_I_O)         0.029     1.128 r  clk_IBUF_BUFG_inst/O
                         net (fo=194, routed)         0.832     1.959    merge_controller/CLK
    SLICE_X37Y3          FDCE                                         r  merge_controller/debounce_right_reg[10]/C
                         clock pessimism             -0.249     1.710    
    SLICE_X37Y3          FDCE (Remov_fdce_C_CLR)     -0.092     1.618    merge_controller/debounce_right_reg[10]
  -------------------------------------------------------------------
                         required time                         -1.618    
                         arrival time                           3.307    
  -------------------------------------------------------------------
                         slack                                  1.689    

Slack (MET) :             1.689ns  (arrival time - required time)
  Source:                 btnC_sync_reg[1]/C
                            (rising edge-triggered cell FDRE clocked by sys_clk_pin  {rise@0.000ns fall@5.000ns period=10.000ns})
  Destination:            merge_controller/debounce_right_reg[11]/CLR
                            (removal check against rising-edge clock sys_clk_pin  {rise@0.000ns fall@5.000ns period=10.000ns})
  Path Group:             **async_default**
  Path Type:              Removal (Min at Fast Process Corner)
  Requirement:            0.000ns  (sys_clk_pin rise@0.000ns - sys_clk_pin rise@0.000ns)
  Data Path Delay:        1.867ns  (logic 0.209ns (11.194%)  route 1.658ns (88.806%))
  Logic Levels:           1  (LUT4=1)
  Clock Path Skew:        0.270ns (DCD - SCD - CPR)
    Destination Clock Delay (DCD):    1.959ns
    Source Clock Delay      (SCD):    1.440ns
    Clock Pessimism Removal (CPR):    0.249ns

    Location             Delay type                Incr(ns)  Path(ns)    Netlist Resource(s)
  -------------------------------------------------------------------    -------------------
                         (clock sys_clk_pin rise edge)
                                                      0.000     0.000 r  
    W5                                                0.000     0.000 r  clk (IN)
                         net (fo=0)                   0.000     0.000    clk
    W5                   IBUF (Prop_ibuf_I_O)         0.226     0.226 r  clk_IBUF_inst/O
                         net (fo=1, routed)           0.631     0.858    clk_IBUF
    BUFGCTRL_X0Y1        BUFG (Prop_bufg_I_O)         0.026     0.884 r  clk_IBUF_BUFG_inst/O
                         net (fo=194, routed)         0.557     1.440    clk_IBUF_BUFG
    SLICE_X14Y20         FDRE                                         r  btnC_sync_reg[1]/C
  -------------------------------------------------------------------    -------------------
    SLICE_X14Y20         FDRE (Prop_fdre_C_Q)         0.164     1.604 r  btnC_sync_reg[1]/Q
                         net (fo=6, routed)           1.130     2.734    merge_controller/Q[0]
    SLICE_X35Y26         LUT4 (Prop_lut4_I0_O)        0.045     2.779 f  merge_controller/FSM_onehot_state[31]_i_1/O
                         net (fo=377, routed)         0.528     3.307    merge_controller/btn_reset
    SLICE_X37Y3          FDCE                                         f  merge_controller/debounce_right_reg[11]/CLR
  -------------------------------------------------------------------    -------------------

                         (clock sys_clk_pin rise edge)
                                                      0.000     0.000 r  
    W5                                                0.000     0.000 r  clk (IN)
                         net (fo=0)                   0.000     0.000    clk
    W5                   IBUF (Prop_ibuf_I_O)         0.414     0.414 r  clk_IBUF_inst/O
                         net (fo=1, routed)           0.685     1.099    clk_IBUF
    BUFGCTRL_X0Y1        BUFG (Prop_bufg_I_O)         0.029     1.128 r  clk_IBUF_BUFG_inst/O
                         net (fo=194, routed)         0.832     1.959    merge_controller/CLK
    SLICE_X37Y3          FDCE                                         r  merge_controller/debounce_right_reg[11]/C
                         clock pessimism             -0.249     1.710    
    SLICE_X37Y3          FDCE (Remov_fdce_C_CLR)     -0.092     1.618    merge_controller/debounce_right_reg[11]
  -------------------------------------------------------------------
                         required time                         -1.618    
                         arrival time                           3.307    
  -------------------------------------------------------------------
                         slack                                  1.689    





